{
"type": "FeatureCollection",
"features": [
{"type":"Feature","id":"way/66892064","properties":{"type":"way","id":66892064,"tags":{"aerialway":"station","building":"yes","public_transport":"station","source":"extraction vectorielle v1 cadastre-dgi-fr source : Direction Générale des Impôts - Cadas. Mise à jour : 2010"},"relations":[],"meta":{}},"geometry":{"type":"Polygon","coordinates":[[[6.8212993,46.2543534],[6.8212651,46.2542029],[6.8213616,46.2541829],[6.8214991,46.2541846],[6.8215124,46.2542442],[6.8215221,46.2542899],[6.8214858,46.2543042],[6.8214947,46.2543288],[6.8214123,46.254371],[6.8212993,46.2543534]]]}},
{"type":"Feature","id":"way/126077504","properties":{"type":"way","id":126077504,"tags":{"aerialway":"station","building":"yes","building:levels":"2","public_transport":"station","roof:shape":"flat","source":"cadastre-dgi-fr source : Direction Générale des Impôts - Cadastre. Mise à jour : 2011"},"relations":[],"meta":{}},"geometry":{"type":"Polygon","coordinates":[[[6.641712,46.226166],[6.641419,46.226299],[6.6414136,46.2262934],[6.641371,46.226249],[6.641342,46.226263],[6.641326,46.22627],[6.641324,46.226269],[6.641321,46.226267],[6.64132,46.226262],[6.641319,46.226255],[6.641321,46.226249],[6.641324,46.226243],[6.64138,46.226217],[6.641446,46.226188],[6.641402,46.22614],[6.641471,46.226109],[6.641508,46.226093],[6.6415,46.226085],[6.64153,46.226071],[6.641601,46.226147],[6.641665,46.226118],[6.641712,46.226166]]]}},
{"type":"Feature","id":"way/204958765","properties":{"type":"way","id":204958765,"tags":{"addr:housenumber":"2643,2657","addr:street":"Route des Grandes Alpes","aerialway":"yes","covered":"yes","public_transport":"platform","source":"cadastre-dgi-fr source : Direction Générale des Impôts - Cadastre. Mise à jour : 2013","tactile_paving":"no"},"relations":[],"meta":{}},"geometry":{"type":"Polygon","coordinates":[[[6.669954,46.160818],[6.669784,46.16089],[6.669715,46.160921],[6.669671,46.160871],[6.669606,46.160899],[6.669528,46.160811],[6.6694796,46.1608293],[6.6694756,46.1608169],[6.6695154,46.1607987],[6.6695341,46.1607913],[6.6695522,46.1607842],[6.6695852,46.1607708],[6.669629,46.160753],[6.66961,46.160733],[6.669629,46.160724],[6.669603,46.160694],[6.6697,46.160653],[6.669745,46.160672],[6.669771,46.160695],[6.669823,46.160673],[6.670026,46.160739],[6.670058,46.160729],[6.6700906,46.1607395],[6.670142,46.160756],[6.670135,46.160824],[6.670068,46.160859],[6.669995,46.160833],[6.669954,46.160818]]]}},
{"type":"Feature","id":"way/216152499","properties":{"type":"way","id":216152499,"tags":{"aerialway":"station","building":"yes","name":"Essert","public_transport":"station","source":"cadastre-dgi-fr source : Direction Générale des Impôts - Cadastre. Mise à jour : 2013"},"relations":[],"meta":{}},"geometry":{"type":"Polygon","coordinates":[[[6.7213469,46.2756997],[6.7211616,46.2758261],[6.7211114,46.275791],[6.7211035,46.2757964],[6.7210412,46.2757527],[6.721056,46.2757426],[6.7209476,46.2756676],[6.7209875,46.2756398],[6.7209057,46.2755809],[6.7209597,46.2755441],[6.7210412,46.2756011],[6.721113,46.2755521],[6.7212063,46.2756175],[6.721218,46.2756095],[6.7213469,46.2756997]]]}},
{"type":"Feature","id":"way/218149170","properties":{"type":"way","id":218149170,"tags":{"aerialway":"yes","public_transport":"platform","source":"cadastre-dgi-fr source : Direction Générale des Impôts - Cadastre. Mise à jour : 2013"},"relations":[],"meta":{}},"geometry":{"type":"Polygon","coordinates":[[[6.6585339,46.165556],[6.6584365,46.1654349],[6.6587703,46.1652793],[6.6588975,46.1654119],[6.6587242,46.165485],[6.6587982,46.1655735],[6.6586873,46.1656234],[6.6587159,46.1656598],[6.6586271,46.1656975],[6.6585609,46.1656285],[6.6586279,46.165602],[6.6585744,46.1655411],[6.6585339,46.165556]]]}},
{"type":"Feature","id":"way/218149255","properties":{"type":"way","id":218149255,"tags":{"addr:housenumber":"3900","addr:street":"Route des Chavannes","aerialway":"station","building":"yes","name":"Gare amont du télécabine des Chavannes","public_transport":"station","source":"cadastre-dgi-fr source : Direction Générale des Impôts - Cadastre. Mise à jour : 2013"},"relations":[],"meta":{}},"geometry":{"type":"Polygon","coordinates":[[[6.68566,46.15035],[6.685654,46.150343],[6.685599,46.150364],[6.685605,46.150372],[6.685596,46.150376],[6.685574,46.150349],[6.685391,46.150422],[6.685398,46.150429],[6.685386,46.150434],[6.685369,46.150413],[6.685374,46.150411],[6.68529,46.15031],[6.685286,46.150312],[6.685269,46.150291],[6.685283,46.150286],[6.68529,46.150293],[6.685468,46.150222],[6.685441,46.150192],[6.685451,46.150188],[6.685457,46.150195],[6.685513,46.150173],[6.685507,46.150165],[6.685515,46.150162],[6.685545,46.150197],[6.685538,46.1502],[6.685632,46.15031],[6.685637,46.150308],[6.685669,46.150347],[6.68566,46.15035]]]}},
{"type":"Feature","id":"way/218152175","properties":{"type":"way","id":218152175,"tags":{"addr:city":"Les Gets","addr:postcode":"74260","aerialway":"station","aerialway:station":"bottom","bench":"no","building":"roof","covered":"yes","description":"Gare avale Télésiège débrayable Les Chavannes express","operator":"Sagets SA","public_transport":"platform","source":"cadastre-dgi-fr source : Direction Générale des Finances Publiques - Cadastre. Mise à jour : 2019","tactile_paving":"no","wall":"no"},"relations":[],"meta":{}},"geometry":{"type":"Polygon","coordinates":[[[6.668278,46.1568201],[6.6682701,46.1568159],[6.6682382,46.1567836],[6.6682337,46.1567783],[6.6682324,46.1567719],[6.6682338,46.1567649],[6.6682377,46.1567593],[6.6682438,46.1567544],[6.668401,46.1566802],[6.6684139,46.1566767],[6.6684244,46.1566769],[6.6684317,46.1566785],[6.6684406,46.1566834],[6.6684757,46.1567197],[6.6684783,46.1567259],[6.6684784,46.1567315],[6.6684755,46.1567371],[6.6684715,46.1567416],[6.6684642,46.1567462],[6.6684096,46.1567729],[6.6683087,46.1568194],[6.6682987,46.1568223],[6.6682866,46.1568223],[6.668278,46.1568201]]]}},
{"type":"Feature","id":"way/225313589","properties":{"type":"way","id":225313589,"tags":{"addr:city":"Morzine","addr:postcode":"74110","addr:street":"Taille de Mas de la Passerelle","aerialway":"station","aerialway:access":"both","aerialway:summer:access":"both","building":"yes","level":"1","name":"Super-Morzine","operator":"Serma","public_transport":"station","source":"cadastre-dgi-fr source : Direction Générale des Finances Publiques - Cadastre. Mise à jour : 2013"},"relations":[],"meta":{}},"geometry":{"type":"Polygon","coordinates":[[[6.7034127,46.1835417],[6.7033567,46.1835154],[6.70343,46.183445],[6.7034709,46.1834049],[6.7035445,46.1834149],[6.7036,46.1834224],[6.7035763,46.1834648],[6.7035654,46.1834812],[6.7036079,46.1835028],[6.7035887,46.1835279],[6.7036162,46.1835415],[6.703745,46.1836055],[6.7036938,46.1836561],[6.703558,46.1835887],[6.7035573,46.1835891],[6.7035374,46.1836105],[6.7034127,46.1835417]]]}},
{"type":"Feature","id":"way/291199485","properties":{"type":"way","id":291199485,"tags":{"aerialway":"station","building":"roof","covered":"yes","public_transport":"platform","source":"cadastre-dgi-fr source : Direction Générale des Finances Publiques - Cadastre. Mise à jour : 2019","tactile_paving":"no"},"relations":[],"meta":{}},"geometry":{"type":"Polygon","coordinates":[[[6.6686568,46.1570349],[6.6686089,46.1569736],[6.6688565,46.1568808],[6.6689044,46.156942],[6.6686568,46.1570349]]]}},
{"type":"Feature","id":"way/462413398","properties":{"type":"way","id":462413398,"tags":{"addr:postcode":"74110","addr:street":"Place du Téléphérique","aerialway":"station","building":"yes","name":"Prodains Express","operator":"Serma","public_transport":"station","source":"cadastre-dgi-fr source : Direction Générale des Finances Publiques - Cadastre. Mise à jour : 2013"},"relations":[],"meta":{}},"geometry":{"type":"Polygon","coordinates":[[[6.7748847,46.1874918],[6.7749408,46.187486],[6.7749471,46.1875151],[6.7750423,46.1875052],[6.7750575,46.1875752],[6.7749062,46.187591],[6.7748847,46.1874918]]]}},
{"type":"Feature","id":"way/951813979","properties":{"type":"way","id":951813979,"tags":{"aerialway":"station","building":"yes","public_transport":"station"},"relations":[],"meta":{}},"geometry":{"type":"Polygon","coordinates":[[[6.7246904,46.134454],[6.7246495,46.1343884],[6.7248744,46.1343211],[6.724895,46.1343541],[6.7249153,46.1343868],[6.7246904,46.134454]]]}},
{"type":"Feature","id":"way/951813983","properties":{"type":"way","id":951813983,"tags":{"aerialway":"station","building":"yes","public_transport":"station"},"relations":[],"meta":{}},"geometry":{"type":"Polygon","coordinates":[[[6.7101798,46.1387217],[6.7101383,46.1386533],[6.7103585,46.1385892],[6.7104,46.1386577],[6.7101798,46.1387217]]]}},
{"type":"Feature","id":"way/1019585626","properties":{"type":"way","id":1019585626,"tags":{"aerialway":"station","building":"yes","public_transport":"station"},"relations":[],"meta":{}},"geometry":{"type":"Polygon","coordinates":[[[6.7881793,46.2316762],[6.7882854,46.2316927],[6.7882268,46.231873],[6.7881207,46.2318565],[6.7881793,46.2316762]]]}},
{"type":"Feature","id":"way/1019585627","properties":{"type":"way","id":1019585627,"tags":{"aerialway":"station","building":"yes","public_transport":"station"},"relations":[],"meta":{}},"geometry":{"type":"Polygon","coordinates":[[[6.7880939,46.231861],[6.7880212,46.2318528],[6.7880409,46.2317691],[6.7881136,46.2317773],[6.7880939,46.231861]]]}},
{"type":"Feature","id":"way/1052250951","properties":{"type":"way","id":1052250951,"tags":{"access":"private","aerialway":"station","building":"yes"},"relations":[],"meta":{}},"geometry":{"type":"Polygon","coordinates":[[[6.7523422,46.2375972],[6.7524002,46.2375774],[6.7524172,46.2376013],[6.7523592,46.2376211],[6.7523508,46.2376092],[6.7523422,46.2375972]]]}},
{"type":"Feature","id":"way/1226595576","properties":{"type":"way","id":1226595576,"tags":{"aerialway":"yes","public_transport":"platform"},"relations":[],"meta":{}},"geometry":{"type":"Polygon","coordinates":[[[6.6507377,46.1695521],[6.650777,46.1694827],[6.6507987,46.1694886],[6.650817,46.1694563],[6.6508917,46.1694766],[6.650834,46.1695783],[6.6507377,46.1695521]]]}},
{"type":"Feature","id":"way/1227654297","properties":{"type":"way","id":1227654297,"tags":{"aerialway":"yes","public_transport":"platform"},"relations":[],"meta":{}},"geometry":{"type":"Polygon","coordinates":[[[6.6575515,46.1646318],[6.6574847,46.1645471],[6.6575708,46.164518],[6.6577339,46.1644796],[6.6577769,46.1645008],[6.6577758,46.1645337],[6.6577395,46.1645526],[6.6576274,46.1646043],[6.6575515,46.1646318]]]}},
{"type":"Feature","id":"way/1227654298","properties":{"type":"way","id":1227654298,"tags":{"aerialway":"yes","public_transport":"platform"},"relations":[],"meta":{}},"geometry":{"type":"Polygon","coordinates":[[[6.6599956,46.1663638],[6.6599606,46.1663134],[6.6601017,46.1662663],[6.6601368,46.1663167],[6.6599956,46.1663638]]]}},
{"type":"Feature","id":"way/8215532","properties":{"type":"way","id":8215532,"tags":{"aerialway":"chair_lift","aerialway:bicycle":"summer","aerialway:capacity":"4000","aerialway:occupancy":"8","name":"Crosets"},"relations":[],"meta":{}},"geometry":{"type":"LineString","coordinates":[[6.8346732,46.1835291],[6.8352369,46.182889],[6.8358327,46.1822123],[6.8366211,46.181317],[6.8374151,46.1804153],[6.8384308,46.1792619],[6.8396054,46.1779278],[6.8398932,46.177601],[6.8402226,46.1772269]]}},
{"type":"Feature","id":"way/8215584","properties":{"type":"way","id":8215584,"tags":{"aerialway":"chair_lift","aerialway:capacity":"2400","aerialway:difference":"306","aerialway:duration":"8:00","aerialway:occupancy":"4","name":"Pauvre Conche"},"relations":[],"meta":{}},"geometry":{"type":"LineString","coordinates":[[6.8275336,46.1738081],[6.8271254,46.1741838],[6.8266536,46.174618],[6.8258347,46.1753716],[6.8257215,46.1754758],[6.8249369,46.1761978],[6.8244732,46.1766245],[6.8237454,46.1772943],[6.8228193,46.1781465],[6.8220405,46.1788632],[6.8208731,46.1799374],[6.8204476,46.180329],[6.8203335,46.180434],[6.8202185,46.1805398]]}},
{"type":"Feature","id":"way/8215630","properties":{"type":"way","id":8215630,"tags":{"aerialway":"platter","aerialway:capacity":"600","aerialway:occupancy":"1","name":"Ripaille 1"},"relations":[],"meta":{}},"geometry":{"type":"LineString","coordinates":[[6.8261795,46.1735705],[6.8116918,46.1702738]]}},
{"type":"Feature","id":"way/8215671","properties":{"type":"way","id":8215671,"tags":{"aerialway":"chair_lift","aerialway:bicycle":"summer","aerialway:bubble":"no","aerialway:capacity":"2400","aerialway:occupancy":"4","name":"Mossettes"},"relations":[],"meta":{}},"geometry":{"type":"LineString","coordinates":[[6.8341134,46.1838352],[6.8329091,46.1843716],[6.8316821,46.1849181],[6.8306902,46.1853598],[6.8295337,46.1858749],[6.8271926,46.1869176],[6.8261496,46.1873821],[6.825108,46.187846],[6.8238223,46.1884186],[6.8230094,46.1887806],[6.8210348,46.18966],[6.8205275,46.1898859],[6.8187974,46.1906564],[6.8180568,46.1909862],[6.8163258,46.1917571],[6.8157467,46.1920125]]}},
{"type":"Feature","id":"way/8215733","properties":{"type":"way","id":8215733,"tags":{"aerialway":"chair_lift","aerialway:bubble":"no","aerialway:difference":"456","aerialway:duration":"5:00","aerialway:occupancy":"6","name":"Prolays","oneway":"yes","ref:FR:CAIRN":"740861","source":"survey","source_ref":"http://www.akxnet.de/OSM-pictures/P2061562.JPG"},"relations":[],"meta":{}},"geometry":{"type":"LineString","coordinates":[[6.7772866,46.2060084],[6.7774959,46.2047677],[6.7776391,46.2039526],[6.7778859,46.2025297],[6.7780602,46.2015279],[6.7781822,46.2008946],[6.7784421,46.1993926],[6.7786878,46.198054],[6.7789209,46.196626],[6.7791941,46.1951405],[6.7794813,46.1933971]]}},
{"type":"Feature","id":"way/8215798","properties":{"type":"way","id":8215798,"tags":{"aerialway":"chair_lift","aerialway:occupancy":"6","name":"Chaux des Rosées","ref:FR:CAIRN":"740871"},"relations":[],"meta":{}},"geometry":{"type":"LineString","coordinates":[[6.793556,46.2173186],[6.7941455,46.2170408],[6.7954666,46.2164182],[6.7961943,46.2160753],[6.796996,46.2156975],[6.798406,46.215033],[6.79841,46.2150311],[6.7992874,46.2146136],[6.8003467,46.2141151],[6.8006945,46.2139463],[6.8021997,46.2132397],[6.8028255,46.212946],[6.8044958,46.212162],[6.8050837,46.211886]]}},
{"type":"Feature","id":"way/8215843","properties":{"type":"way","id":8215843,"tags":{"aerialway":"chair_lift","aerialway:bubble":"no","aerialway:difference":"305","aerialway:length":"837","aerialway:occupancy":"6","bicycle":"yes","name":"Rochassons","note":"Remplace le télésiège de Plaine Dranse","ref:FR:CAIRN":"741020","start_date":"2011"},"relations":[],"meta":{}},"geometry":{"type":"LineString","coordinates":[[6.7932098,46.2183066],[6.7931378,46.2180481],[6.7930907,46.217879],[6.7926766,46.2163926],[6.7923938,46.2153774],[6.7921774,46.2146006],[6.7919353,46.2137316],[6.7917103,46.212924],[6.7914375,46.2119447],[6.7913381,46.2115878]]}},
{"type":"Feature","id":"way/8215989","properties":{"type":"way","id":8215989,"tags":{"aerialway":"gondola","aerialway:capacity":"1800","aerialway:duration":"5","aerialway:occupancy":"10","bicycle":"yes","name":"Morgins-Foilleuse"},"relations":[],"meta":{}},"geometry":{"type":"LineString","coordinates":[[6.858124,46.2366924],[6.8582127,46.2363495],[6.8583182,46.2359426],[6.8589333,46.2336677],[6.8593523,46.2321248],[6.8598458,46.23028],[6.8603686,46.2283424],[6.8606162,46.2274355],[6.8606986,46.227131],[6.8608887,46.2264081],[6.861027,46.2258968],[6.8611468,46.2254921],[6.861169,46.2254174],[6.8612753,46.2250285]]}},
{"type":"Feature","id":"way/8216054","properties":{"type":"way","id":8216054,"tags":{"aerialway":"chair_lift","aerialway:capacity":"2000","aerialway:occupancy":"4","name":"Chaux"},"relations":[],"meta":{}},"geometry":{"type":"LineString","coordinates":[[6.8712131,46.2205425],[6.8702373,46.2207992],[6.8687619,46.2211873],[6.8679028,46.2214133],[6.8675657,46.221502],[6.8665881,46.2217592],[6.864432,46.2223263],[6.8640987,46.222414],[6.8623862,46.2228645],[6.8615853,46.2230752],[6.8599745,46.2234989],[6.8597433,46.2235598],[6.8596076,46.2235954],[6.8594097,46.2236475]]}},
{"type":"Feature","id":"way/8216151","properties":{"type":"way","id":8216151,"tags":{"aerialway":"chair_lift","aerialway:capacity":"2400","aerialway:occupancy":"4","bicycle":"yes","name":"Aiguille des Champeys"},"relations":[],"meta":{}},"geometry":{"type":"LineString","coordinates":[[6.8599748,46.2066755],[6.8585299,46.2064339],[6.8582715,46.2063907],[6.8568625,46.2061552],[6.85617,46.2060394],[6.8548937,46.2058261],[6.8547833,46.2058076],[6.8546557,46.2057863],[6.853498,46.2055927],[6.853275,46.2055554],[6.850907,46.2051596],[6.8507803,46.2051384],[6.8506686,46.2051197],[6.8491756,46.2048701],[6.8490593,46.2048507],[6.8480037,46.2046742]]}},
{"type":"Feature","id":"way/8216335","properties":{"type":"way","id":8216335,"tags":{"aerialway":"cable_car","aerialway:bicycle":"summer","aerialway:capacity":"1250","aerialway:occupancy":"125","name":"Champéry - Croix de Culet"},"relations":[],"meta":{}},"geometry":{"type":"LineString","coordinates":[[6.8712087,46.1749787],[6.8554543,46.1750983],[6.8464184,46.175215],[6.8457271,46.1752239]]}},
{"type":"Feature","id":"way/8216350","properties":{"type":"way","id":8216350,"tags":{"aerialway":"platter","name":"Marcheuson","odbl":"clean"},"relations":[],"meta":{}},"geometry":{"type":"LineString","coordinates":[[6.8448769,46.178514],[6.8402572,46.1776389]]}},
{"type":"Feature","id":"way/8216398","properties":{"type":"way","id":8216398,"tags":{"aerialway":"chair_lift","aerialway:capacity":"2400","aerialway:occupancy":"6","name":"Planachaux"},"relations":[],"meta":{}},"geometry":{"type":"LineString","coordinates":[[6.8417857,46.1691251],[6.8421975,46.1698375],[6.842535,46.1704212],[6.8433595,46.1718473],[6.8437453,46.1725148],[6.844365,46.1735866],[6.8450732,46.1748115],[6.8452063,46.1750418]]}},
{"type":"Feature","id":"way/8216408","properties":{"type":"way","id":8216408,"tags":{"aerialway":"chair_lift","aerialway:capacity":"3000","aerialway:occupancy":"6","name":"Grand Conche","ref:FR:CAIRN":"741160"},"relations":[],"meta":{}},"geometry":{"type":"LineString","coordinates":[[6.8329468,46.1836066],[6.8324974,46.1835876],[6.8304821,46.1835023],[6.8287363,46.1834284],[6.8275454,46.1833781],[6.8258219,46.1833051],[6.8243179,46.1832415],[6.8225982,46.1831687],[6.8212623,46.1831122],[6.8209867,46.1831005],[6.8190015,46.1830165],[6.8171306,46.1829374],[6.8157282,46.182878],[6.8152339,46.1828571],[6.8147395,46.1828362]]}},
{"type":"Feature","id":"way/8216510","properties":{"type":"way","id":8216510,"tags":{"aerialway":"chair_lift","aerialway:capacity":"2400","aerialway:difference":"675","aerialway:duration":"8:00","aerialway:occupancy":"4","bicycle":"yes","name":"Mossettes","ref:FR:CAIRN":"740607"},"relations":[],"meta":{}},"geometry":{"type":"LineString","coordinates":[[6.7879802,46.1987954],[6.7893784,46.1984285],[6.7897526,46.198331],[6.7911782,46.1979486],[6.7933008,46.1973865],[6.7952062,46.1968768],[6.7966117,46.1965051],[6.7976869,46.1962287],[6.7991702,46.1958386],[6.8007684,46.1954062],[6.8018903,46.1951092],[6.8032267,46.1947562],[6.8045856,46.1943946],[6.8048555,46.1943215],[6.8068004,46.1938111],[6.8074693,46.193629],[6.8088806,46.1932584],[6.8095822,46.193074],[6.8115275,46.1925523],[6.8124032,46.1923218],[6.8138932,46.1919273],[6.8146274,46.1917319],[6.8146888,46.1917149],[6.8151579,46.1915968]]}},
{"type":"Feature","id":"way/8216568","properties":{"type":"way","id":8216568,"tags":{"aerialway":"t-bar","aerialway:capacity":"1200","aerialway:occupancy":"2","name":"Ripaille 2"},"relations":[],"meta":{}},"geometry":{"type":"LineString","coordinates":[[6.8261446,46.1736123],[6.8116625,46.1703261]]}},
{"type":"Feature","id":"way/8216644","properties":{"type":"way","id":8216644,"tags":{"aerialway":"t-bar","aerialway:capacity":"900","name":"Champeys"},"relations":[],"meta":{}},"geometry":{"type":"LineString","coordinates":[[6.8649367,46.2058105],[6.8648261,46.2058141],[6.864759,46.2058163],[6.8641704,46.2058356],[6.8630841,46.2058712],[6.8616195,46.2059193],[6.8603734,46.2059602],[6.8590402,46.2060039],[6.8585135,46.2060212],[6.8577125,46.2060474]]}},
{"type":"Feature","id":"way/23275859","properties":{"type":"way","id":23275859,"tags":{"aerialway":"gondola","aerialway:duration":"5:40","aerialway:occupancy":"6","name":"Grande Terche","ref:FR:CAIRN":"740336","year_of_construction":"1988"},"relations":[],"meta":{}},"geometry":{"type":"LineString","coordinates":[[6.6414785,46.2261605],[6.6410551,46.2257201],[6.6404049,46.2249517],[6.6399548,46.2244287],[6.6393771,46.223756],[6.6387172,46.2229702],[6.6381263,46.2222725],[6.6375299,46.2215833],[6.6363055,46.2201553],[6.6359292,46.2197054],[6.6352223,46.2188797],[6.6344147,46.2179289],[6.6333438,46.2166681],[6.6332907,46.2166056],[6.6331736,46.2164677],[6.6326443,46.2158445],[6.6321723,46.2152887],[6.6320646,46.215162],[6.6318332,46.2148862]]}},
{"type":"Feature","id":"way/24898711","properties":{"type":"way","id":24898711,"tags":{"aerialway":"chair_lift","aerialway:occupancy":"3","name":"Morclan","ref:FR:CAIRN":"741144"},"relations":[],"meta":{}},"geometry":{"type":"LineString","coordinates":[[6.8566538,46.2680415],[6.8567058,46.2681888],[6.8568706,46.2685967],[6.8577066,46.2710163],[6.8581265,46.272212],[6.8587906,46.2740926],[6.8591176,46.2750187],[6.8594683,46.2760117],[6.8595294,46.2761846]]}},
{"type":"Feature","id":"way/24898714","properties":{"type":"way","id":24898714,"tags":{"aerialway":"gondola","aerialway:occupancy":"10","bicycle":"yes","name":"Super-Châtel","ref:FR:CAIRN":"740102"},"relations":[],"meta":{}},"geometry":{"type":"LineString","coordinates":[[6.8423985,46.2666962],[6.8428563,46.2667258],[6.843314,46.2667554],[6.8457064,46.26691],[6.8475705,46.2670175],[6.8480901,46.2670475],[6.8483959,46.2670658],[6.8487517,46.2670822],[6.8501751,46.26717],[6.8512589,46.2672314],[6.854212,46.2674128],[6.8553882,46.2674671],[6.8567853,46.2675503],[6.8572178,46.2675721]]}},
{"type":"Feature","id":"way/24898715","properties":{"type":"way","id":24898715,"tags":{"aerialway":"drag_lift","name":"Coqs 1","ref:FR:CAIRN":"740359"},"relations":[],"meta":{}},"geometry":{"type":"LineString","coordinates":[[6.8530751,46.2664367],[6.8534775,46.2662513],[6.853889,46.2660738],[6.8547112,46.2657192],[6.8560264,46.265152],[6.8571525,46.2646663],[6.8585847,46.2640487],[6.8597517,46.2635453],[6.8602157,46.2633452]]}},
{"type":"Feature","id":"way/24898717","properties":{"type":"way","id":24898717,"tags":{"aerialway":"drag_lift","name":"Bossons","ref:FR:CAIRN":"740897"},"relations":[],"meta":{}},"geometry":{"type":"LineString","coordinates":[[6.8525721,46.2660119],[6.8527826,46.2657404],[6.8533789,46.2649714],[6.853639,46.264636],[6.8549986,46.2639456],[6.8561086,46.2633819],[6.8567681,46.263047],[6.857394,46.2627292],[6.8580863,46.2623777],[6.8591668,46.261829],[6.8596949,46.2615608]]}},
{"type":"Feature","id":"way/24898730","properties":{"type":"way","id":24898730,"tags":{"aerialway":"chair_lift","aerialway:occupancy":"4","name":"Barbossine","ref:FR:CAIRN":"740724"},"relations":[],"meta":{}},"geometry":{"type":"LineString","coordinates":[[6.8421554,46.2826304],[6.8423637,46.2828074],[6.8425719,46.2829845],[6.8434054,46.2836929],[6.8444555,46.2845856],[6.8451969,46.2852158],[6.8462228,46.2860877],[6.8468067,46.2865841],[6.8475044,46.2871771],[6.8485259,46.2880453],[6.8493261,46.2887255],[6.8503184,46.2895688],[6.8506989,46.2898923],[6.8509792,46.2901305],[6.8511905,46.2903101]]}},
{"type":"Feature","id":"way/24898731","properties":{"type":"way","id":24898731,"tags":{"aerialway":"drag_lift","name":"Tour de Don","ref:FR:CAIRN":"740577"},"relations":[],"meta":{}},"geometry":{"type":"LineString","coordinates":[[6.8547792,46.2882226],[6.86245,46.2887305]]}},
{"type":"Feature","id":"way/24898738","properties":{"type":"way","id":24898738,"tags":{"aerialway":"platter","name":"Chermeu"},"relations":[],"meta":{}},"geometry":{"type":"LineString","coordinates":[[6.871206,46.272696],[6.870541,46.2724011],[6.8696417,46.2720023],[6.8667319,46.2707118],[6.8660402,46.270405],[6.8653929,46.270118],[6.8647675,46.2698406]]}},
{"type":"Feature","id":"way/24898739","properties":{"type":"way","id":24898739,"tags":{"aerialway":"platter","name":"Chermillon","ref:FR:CAIRN":"740642"},"relations":[],"meta":{}},"geometry":{"type":"LineString","coordinates":[[6.8586829,46.2678998],[6.8590064,46.2680488],[6.8600265,46.2685186],[6.8612187,46.2690677],[6.8616766,46.2692786],[6.862738,46.2697674],[6.8628265,46.2698096]]}},
{"type":"Feature","id":"way/24898740","properties":{"type":"way","id":24898740,"tags":{"aerialway":"platter","name":"Corbeau"},"relations":[],"meta":{}},"geometry":{"type":"LineString","coordinates":[[6.8604557,46.2647894],[6.8606402,46.2644262],[6.8609784,46.2637604],[6.8611408,46.2634406],[6.8613166,46.2630945],[6.8616827,46.2629349],[6.8624421,46.262604],[6.86341,46.2621823],[6.8638712,46.2619813]]}},
{"type":"Feature","id":"way/24898742","properties":{"type":"way","id":24898742,"tags":{"aerialway":"chair_lift","aerialway:occupancy":"4","name":"Corbeau"},"relations":[],"meta":{}},"geometry":{"type":"LineString","coordinates":[[6.8542416,46.2411369],[6.8543927,46.2412485],[6.8544813,46.2413111],[6.8545782,46.2413769],[6.8548553,46.241589],[6.8553709,46.24195],[6.8561576,46.242518],[6.85698,46.243105],[6.8580088,46.2438363],[6.8587351,46.2443511],[6.8594726,46.2448802],[6.8601252,46.2453477],[6.8609249,46.245916],[6.8615678,46.2463736],[6.862439,46.2469983],[6.8631294,46.2474906],[6.8640442,46.2481431],[6.8641937,46.2482534],[6.8645903,46.248533]]}},
{"type":"Feature","id":"way/24898743","properties":{"type":"way","id":24898743,"tags":{"aerialway":"platter","name":"Écottis"},"relations":[],"meta":{}},"geometry":{"type":"LineString","coordinates":[[6.8710536,46.2476912],[6.870674,46.2478376],[6.8702422,46.2480105],[6.8693678,46.2483747],[6.8688866,46.2485656],[6.867744,46.2486865],[6.8669527,46.2487624],[6.8662264,46.2488339],[6.8648756,46.2489682],[6.8647367,46.2489812]]}},
{"type":"Feature","id":"way/24898745","properties":{"type":"way","id":24898745,"tags":{"aerialway":"platter","name":"Cutet 1"},"relations":[],"meta":{}},"geometry":{"type":"LineString","coordinates":[[6.8710998,46.2478432],[6.8709938,46.248065],[6.8706409,46.2488032],[6.8700748,46.2499873],[6.8696302,46.2509175],[6.8693449,46.2515142],[6.868922,46.2523988],[6.8686103,46.2530507],[6.868244,46.253817],[6.8676734,46.2550104],[6.8674786,46.2554179]]}},
{"type":"Feature","id":"way/24899026","properties":{"type":"way","id":24899026,"tags":{"aerialway":"platter","name":"Chalet Neuf 1"},"relations":[],"meta":{}},"geometry":{"type":"LineString","coordinates":[[6.8707829,46.2677757],[6.8707423,46.2668634],[6.8707027,46.2659746],[6.8706329,46.2644067],[6.8706005,46.2636769],[6.8705371,46.2622531],[6.870362,46.2615775],[6.8702769,46.2612489],[6.870102,46.2605739],[6.8699858,46.2601257],[6.8696465,46.2588162],[6.8692662,46.2573487],[6.8691716,46.2569835],[6.8689604,46.2561684],[6.8687495,46.2553545],[6.8686478,46.2549621]]}},
{"type":"Feature","id":"way/24899599","properties":{"type":"way","id":24899599,"tags":{"aerialway":"t-bar","name":"Derrière Pertuis"},"relations":[],"meta":{}},"geometry":{"type":"LineString","coordinates":[[6.8586314,46.2093553],[6.8505053,46.2153883],[6.8501982,46.2156163]]}},
{"type":"Feature","id":"way/24899602","properties":{"type":"way","id":24899602,"tags":{"aerialway":"t-bar","name":"Sépaya 2"},"relations":[],"meta":{}},"geometry":{"type":"LineString","coordinates":[[6.8725931,46.2124456],[6.8573951,46.2078162]]}},
{"type":"Feature","id":"way/24900087","properties":{"type":"way","id":24900087,"tags":{"aerialway":"chair_lift","aerialway:bubble":"yes","aerialway:capacity":"2400","aerialway:duration":"5.34","aerialway:heating":"no","aerialway:occupancy":"6","name":"Grand Paradis","oneway":"no"},"relations":[],"meta":{}},"geometry":{"type":"LineString","coordinates":[[6.8595968,46.1638794],[6.8588496,46.1640106],[6.8578651,46.1641835],[6.8558073,46.1645448],[6.8537962,46.1648979],[6.8522998,46.1651606],[6.851736,46.1652596],[6.8508368,46.1654175],[6.849353,46.165678],[6.8478465,46.1659425],[6.8470287,46.1660861],[6.8464494,46.1661878],[6.8459331,46.1666058],[6.8446886,46.1676133],[6.843749,46.1683739],[6.8433158,46.1687247],[6.8429411,46.169028]]}},
{"type":"Feature","id":"way/24916407","properties":{"type":"way","id":24916407,"tags":{"aerialway":"chair_lift","aerialway:capacity":"2400","aerialway:occupancy":"4","name":"Chavanette","oneway":"no"},"relations":[],"meta":{}},"geometry":{"type":"LineString","coordinates":[[6.8157899,46.1740818],[6.8151848,46.1740444],[6.8149291,46.174026],[6.8144798,46.1739937],[6.8137565,46.1739496],[6.8126992,46.1738851],[6.8115637,46.1738158],[6.8103573,46.1737422],[6.8091851,46.1736706],[6.8081955,46.1736102],[6.8065996,46.1735129],[6.805663,46.1734557],[6.8052891,46.1734329],[6.8052188,46.1734286]]}},
{"type":"Feature","id":"way/24916408","properties":{"type":"way","id":24916408,"tags":{"aerialway":"drag_lift","aerialway:capacity":"700","aerialway:difference":"339","aerialway:duration":"7:00","aerialway:length":"1406","name":"Chavanette 2","ref:FR:CAIRN":"740407","source_ref":"http://www.akxnet.de/OSM-pictures/P2031521.JPG"},"relations":[],"meta":{}},"geometry":{"type":"LineString","coordinates":[[6.7893124,46.1795781],[6.7904289,46.1789823],[6.7920425,46.1783572],[6.793415,46.1778256],[6.7941271,46.1775497],[6.7954912,46.1770213],[6.7964555,46.1766478],[6.7972401,46.1763438],[6.7974781,46.1762516],[6.7983048,46.1759314],[6.7991487,46.1756044],[6.7999688,46.1752867],[6.8009743,46.1748972],[6.8017401,46.1746005],[6.8025059,46.1743039],[6.8032275,46.1740243],[6.8037234,46.1738322],[6.8046029,46.1734915],[6.8052578,46.1732378]]}},
{"type":"Feature","id":"way/24916409","properties":{"type":"way","id":24916409,"tags":{"aerialway":"chair_lift","aerialway:capacity":"2800","aerialway:difference":"350","aerialway:duration":"4:15","aerialway:occupancy":"4","name":"Choucas","ref:FR:CAIRN":"740800","source_ref:ref":"http://www.akxnet.de/OSM-pictures/P3171036.JPG"},"relations":[],"meta":{}},"geometry":{"type":"LineString","coordinates":[[6.789174,46.1793127],[6.7901071,46.1787637],[6.7914262,46.1779875],[6.7930172,46.1770514],[6.7943814,46.1762487],[6.7951011,46.1758252],[6.7965036,46.1749999],[6.7970041,46.1747054],[6.7980647,46.1740814],[6.7988184,46.1736378],[6.8001243,46.1728694],[6.8017444,46.1719161],[6.801919,46.1718133]]}},
{"type":"Feature","id":"way/24916410","properties":{"type":"way","id":24916410,"tags":{"aerialway":"chair_lift","aerialway:bubble":"no","aerialway:capacity":"3000","aerialway:difference":"410","aerialway:duration":"6:00","aerialway:length":"1629","aerialway:occupancy":"6","name":"Fornet","ref:FR:CAIRN":"740912","source_ref":"http://www.akxnet.de/OSM-pictures/P2021513.JPG"},"relations":[],"meta":{}},"geometry":{"type":"LineString","coordinates":[[6.7883986,46.1788847],[6.788682,46.1781695],[6.7889412,46.1775153],[6.7891956,46.1768731],[6.7896446,46.1757399],[6.7900777,46.1746467],[6.7904994,46.1735822],[6.7907421,46.1729696],[6.7909288,46.1724984],[6.7909415,46.1724662],[6.7910883,46.1720957],[6.7914331,46.1712255],[6.7918379,46.1702037],[6.7921402,46.1694406],[6.7925813,46.1683269],[6.7929355,46.1674328],[6.7937188,46.1654554],[6.7937935,46.1652669]]}},
{"type":"Feature","id":"way/24916412","properties":{"type":"way","id":24916412,"tags":{"aerialway":"chair_lift","aerialway:capacity":"3000","aerialway:difference":"127","aerialway:duration":"5","aerialway:length":"779","aerialway:occupancy":"6","name":"Stade","ref:FR:CAIRN":"740797"},"relations":[],"meta":{}},"geometry":{"type":"LineString","coordinates":[[6.7790102,46.1872738],[6.7790324,46.1871013],[6.7790417,46.1870296],[6.7791211,46.1864132],[6.7792466,46.1854383],[6.7793533,46.1846103],[6.7794395,46.1839412],[6.7795018,46.1834578],[6.7795565,46.1830331],[6.7796205,46.1825359],[6.7798265,46.1809371],[6.7798846,46.1804857]]}},
{"type":"Feature","id":"way/24916417","properties":{"type":"way","id":24916417,"tags":{"aerialway":"chair_lift","aerialway:bubble":"no","aerialway:capacity":"2400","aerialway:difference":"300","aerialway:duration":"4","aerialway:occupancy":"4","bicycle":"yes","name":"Lindarets","ref:FR:CAIRN":"740767","source_ref":"http://www.akxnet.de/OSM-pictures/P1301486.JPG"},"relations":[],"meta":{}},"geometry":{"type":"LineString","coordinates":[[6.7767169,46.2072588],[6.7766493,46.2070812],[6.7763244,46.2061546],[6.7759504,46.2050882],[6.7757052,46.2043889],[6.7756301,46.2041747],[6.7754301,46.2036042],[6.7750993,46.2026609],[6.7750496,46.202519],[6.7747477,46.2016581],[6.7743944,46.2006504],[6.7741537,46.1999638],[6.7736728,46.1985924],[6.7734304,46.1979009],[6.7732198,46.1973003],[6.7731903,46.1972161],[6.773163,46.1971382],[6.7731011,46.1969617]]}},
{"type":"Feature","id":"way/24916420","properties":{"type":"way","id":24916420,"tags":{"aerialway":"chair_lift","aerialway:bubble":"no","aerialway:capacity":"2600","aerialway:difference":"139","aerialway:duration":"3","aerialway:heating":"no","aerialway:length":"950","aerialway:occupancy":"6","bicycle":"yes","name":"Séraussaix","ref:FR:CAIRN":"741067","start_date":"2014"},"relations":[],"meta":{}},"geometry":{"type":"LineString","coordinates":[[6.7511334,46.1956714],[6.7509086,46.1957305],[6.7500855,46.195947],[6.7481342,46.1964601],[6.7464964,46.1968908],[6.7448996,46.1973106],[6.743098,46.1977609],[6.7419002,46.1980845],[6.7408095,46.1983695],[6.7396917,46.1986621],[6.7390388,46.1988306]]}},
{"type":"Feature","id":"way/24916421","properties":{"type":"way","id":24916421,"tags":{"aerialway":"chair_lift","aerialway:bubble":"no","aerialway:capacity":"3400","aerialway:difference":"240","aerialway:duration":"5","aerialway:length":"1620","aerialway:occupancy":"6","manufacturer":"Poma","manufacturer:wikidata":"Q2103240","name":"Proclou","ref:FR:CAIRN":"741066","start_date":"2014"},"relations":[],"meta":{}},"geometry":{"type":"LineString","coordinates":[[6.7522702,46.1951924],[6.7525327,46.1952089],[6.7535137,46.1952706],[6.7552175,46.1953692],[6.7566689,46.1954576],[6.7583323,46.1955612],[6.7601038,46.1956643],[6.7610152,46.1957198],[6.7618227,46.1957727],[6.7633668,46.195875],[6.7651194,46.1959774],[6.7671051,46.1961112],[6.7685353,46.1961999],[6.7698895,46.196269],[6.771381,46.1963579],[6.7726287,46.1964388],[6.772935,46.1964566]]}},
{"type":"Feature","id":"way/24916425","properties":{"type":"way","id":24916425,"tags":{"aerialway":"chair_lift","aerialway:capacity":"2640","aerialway:difference":"703","aerialway:duration":"6:00","aerialway:length":"1950","aerialway:occupancy":"6","name":"Grandes Combes","ref:FR:CAIRN":"740942"},"relations":[],"meta":{}},"geometry":{"type":"LineString","coordinates":[[6.7663396,46.1867383],[6.766475,46.1865493],[6.766525,46.1864794],[6.7667427,46.1861801],[6.7671988,46.1855319],[6.7674026,46.1852457],[6.7680534,46.1843318],[6.7684596,46.1837613],[6.7688025,46.1832798],[6.7696367,46.1821083],[6.7703545,46.1811002],[6.7713092,46.1797594],[6.77234,46.1783116],[6.772882,46.1775505],[6.7737387,46.1763472],[6.774403,46.1754142],[6.775469,46.1739169],[6.7761974,46.1728938],[6.7765203,46.1724402],[6.7765974,46.172332],[6.7767331,46.1721414]]}},
{"type":"Feature","id":"way/24916433","properties":{"type":"way","id":24916433,"tags":{"aerialway":"chair_lift","aerialway:capacity":"3000","aerialway:difference":"417","aerialway:duration":"4","aerialway:length":"1148","aerialway:occupancy":"6","bicycle":"yes","name":"Chaux Fleurie","ref:FR:CAIRN":"740928","source_ref":"http://www.akxnet.de/OSM-pictures/P3181037.JPG"},"relations":[],"meta":{}},"geometry":{"type":"LineString","coordinates":[[6.77827,46.207011],[6.7790419,46.2073004],[6.7805778,46.2079011],[6.7824181,46.2086148],[6.7843434,46.2093626],[6.7858983,46.2099686],[6.7870127,46.2103923],[6.7884197,46.2109441],[6.789865,46.2115116],[6.7899809,46.2115572],[6.7903527,46.211694]]}},
{"type":"Feature","id":"way/24916937","properties":{"type":"way","id":24916937,"tags":{"aerialway":"chair_lift","aerialway:occupancy":"6","name":"Combes"},"relations":[],"meta":{}},"geometry":{"type":"LineString","coordinates":[[6.7991323,46.2290783],[6.8002945,46.229003],[6.8021784,46.2288838],[6.8034262,46.2288048],[6.805674,46.2286626],[6.8062494,46.2286262],[6.8087184,46.2284699],[6.8108745,46.2283335],[6.8122551,46.2282461],[6.8143089,46.2281161],[6.8160877,46.2280035],[6.8179343,46.2278866],[6.8194905,46.2277882],[6.8203008,46.2277369],[6.8207428,46.2277089]]}},
{"type":"Feature","id":"way/29283986","properties":{"type":"way","id":29283986,"tags":{"aerialway":"platter","name":"Hameau"},"relations":[],"meta":{}},"geometry":{"type":"LineString","coordinates":[[6.8380975,46.1840304],[6.8357168,46.1832077]]}},
{"type":"Feature","id":"way/29283989","properties":{"type":"way","id":29283989,"tags":{"aerialway":"drag_lift","name":"Cuboré","ref:FR:CAIRN":"740403"},"relations":[],"meta":{}},"geometry":{"type":"LineString","coordinates":[[6.8109069,46.1862272],[6.8143266,46.1832581]]}},
{"type":"Feature","id":"way/29285752","properties":{"type":"way","id":29285752,"tags":{"aerialway":"chair_lift","aerialway:capacity":"1350","aerialway:duration":"3","aerialway:occupancy":"3","name":"Cuboré","ref:FR:CAIRN":"740403"},"relations":[],"meta":{}},"geometry":{"type":"LineString","coordinates":[[6.8027412,46.1758172],[6.8035335,46.1766826],[6.8041239,46.1773395],[6.8051125,46.1784395],[6.805329,46.1786804]]}},
{"type":"Feature","id":"way/29285756","properties":{"type":"way","id":29285756,"tags":{"aerialway":"chair_lift","aerialway:capacity":"1350","aerialway:duration":"4","aerialway:occupancy":"3","name":"Cuboré","ref:FR:CAIRN":"740403"},"relations":[],"meta":{}},"geometry":{"type":"LineString","coordinates":[[6.808785,46.1824862],[6.8086928,46.1823847],[6.8083624,46.1820209],[6.8076561,46.1812431],[6.8070425,46.1805674],[6.8069287,46.1804421],[6.806134,46.1795669],[6.8056817,46.1790688],[6.8054378,46.1788003],[6.805329,46.1786804]]}},
{"type":"Feature","id":"way/29286845","properties":{"type":"way","id":29286845,"tags":{"aerialway":"platter","name":"Surf"},"relations":[],"meta":{}},"geometry":{"type":"LineString","coordinates":[[6.7784621,46.1872544],[6.7776289,46.185913]]}},
{"type":"Feature","id":"way/29287623","properties":{"type":"way","id":29287623,"tags":{"aerialway":"chair_lift","aerialway:bubble":"no","aerialway:capacity":"3000","aerialway:difference":"176","aerialway:duration":"3:00","aerialway:occupancy":"6","name":"Tour","ref:FR:CAIRN":"740416","source":"survey","source_ref":"http://www.akxnet.de/OSM-pictures/P2051557.JPG"},"relations":[],"meta":{}},"geometry":{"type":"LineString","coordinates":[[6.7803965,46.1880553],[6.7800387,46.1886397],[6.7795002,46.1895192],[6.7783194,46.1914478],[6.7779989,46.1919712],[6.7772258,46.1932337],[6.7767744,46.193971],[6.7766107,46.1942383]]}},
{"type":"Feature","id":"way/29287970","properties":{"type":"way","id":29287970,"tags":{"aerialway":"chair_lift","aerialway:bubble":"no","aerialway:capacity":"2700","aerialway:difference":"106","aerialway:duration":"5","aerialway:heating":"no","aerialway:length":"1029","aerialway:occupancy":"6","name":"Léchère","ref:FR:CAIRN":"741143"},"relations":[],"meta":{}},"geometry":{"type":"LineString","coordinates":[[6.7792045,46.2060945],[6.7799595,46.2055701],[6.7806276,46.2051194],[6.7819579,46.2041621],[6.7830165,46.203371],[6.7839668,46.2026725],[6.7850792,46.201859],[6.7867605,46.2006539],[6.7874423,46.2001134],[6.7884936,46.199347],[6.7891618,46.1988411],[6.7897061,46.1984219],[6.7911245,46.1974051],[6.7928023,46.1962024],[6.7931804,46.1959313],[6.7943136,46.195119],[6.7946493,46.1948783]]}},
{"type":"Feature","id":"way/29288813","properties":{"type":"way","id":29288813,"tags":{"aerialway":"platter","name":"Rubis","odbl":"clean"},"relations":[],"meta":{}},"geometry":{"type":"LineString","coordinates":[[6.7888396,46.2324491],[6.786254,46.2323819]]}},
{"type":"Feature","id":"way/29288817","properties":{"type":"way","id":29288817,"tags":{"aerialway":"chair_lift","aerialway:occupancy":"6","name":"Pré la Joux"},"relations":[],"meta":{}},"geometry":{"type":"LineString","coordinates":[[6.790554,46.2352598],[6.7909134,46.2349708],[6.7921387,46.2339858],[6.792481,46.2337106],[6.7933587,46.233005],[6.793429,46.2329484],[6.7942834,46.2322616],[6.7954656,46.2313111],[6.7956742,46.2311434],[6.7971664,46.2299437],[6.7980261,46.2292525],[6.7983734,46.2289733],[6.7991477,46.2283507],[6.7996992,46.2279072],[6.8009792,46.2268781],[6.8015716,46.2264018],[6.8019601,46.2260894],[6.8022591,46.225849]]}},
{"type":"Feature","id":"way/29289470","properties":{"type":"way","id":29289470,"tags":{"aerialway":"chair_lift","name":"Petit Châtel","oneway":"no","ref:FR:CAIRN":"740723"},"relations":[],"meta":{}},"geometry":{"type":"LineString","coordinates":[[6.8367783,46.2772552],[6.8369188,46.2773821],[6.8372315,46.2776646],[6.8382533,46.2785878],[6.8385771,46.2788803],[6.8388672,46.2791395],[6.8397133,46.2799026],[6.8403067,46.2804378],[6.8406662,46.280762],[6.8409351,46.2809974],[6.8410781,46.2811262],[6.8423744,46.2822931],[6.8426298,46.282523]]}},
{"type":"Feature","id":"way/30170411","properties":{"type":"way","id":30170411,"tags":{"aerialway":"chair_lift","aerialway:capacity":"3000","aerialway:difference":"390","aerialway:duration":"3","aerialway:length":"965","aerialway:occupancy":"6","name":"Brochaux","ref:FR:CAIRN":"741078","source_ref":"http://www.akxnet.de/OSM-pictures/P2041543.JPG"},"relations":[],"meta":{}},"geometry":{"type":"LineString","coordinates":[[6.7871835,46.1983081],[6.786747,46.197575],[6.7858987,46.1961503],[6.7852461,46.1950542],[6.7846909,46.1941219],[6.7835507,46.1922067],[6.7827565,46.1908729]]}},
{"type":"Feature","id":"way/30351719","properties":{"type":"way","id":30351719,"tags":{"aerialway":"drag_lift","aerialway:capacity":"900","aerialway:difference":"89","aerialway:duration":"2.25","aerialway:length":"410","aerialway:occupancy":"1","name":"Baron","ref:FR:CAIRN":"740711","source":"GPS"},"relations":[],"meta":{}},"geometry":{"type":"LineString","coordinates":[[6.7397208,46.1950338],[6.7389268,46.1951627],[6.7377419,46.1953551],[6.7367643,46.1955138],[6.7360339,46.1956324],[6.7355312,46.195714],[6.7345309,46.1958764]]}},
{"type":"Feature","id":"way/30352096","properties":{"type":"way","id":30352096,"tags":{"aerialway":"chair_lift","aerialway:bubble":"no","aerialway:capacity":"2400","aerialway:difference":"305","aerialway:duration":"4.5","aerialway:length":"1300","aerialway:occupancy":"4","name":"Zore","ref:FR:CAIRN":"740889","source":"GPS"},"relations":[],"meta":{}},"geometry":{"type":"LineString","coordinates":[[6.7181591,46.1903773],[6.7184104,46.1904811],[6.7190298,46.1907415],[6.7203753,46.191307],[6.7209992,46.1915692],[6.7221344,46.1920464],[6.7234422,46.1925961],[6.7250295,46.1932633],[6.7268713,46.1940374],[6.7288058,46.1948505],[6.7304142,46.1955266],[6.7317886,46.1961042],[6.7320223,46.1962036]]}},
{"type":"Feature","id":"way/30353157","properties":{"type":"way","id":30353157,"tags":{"aerialway":"platter","aerialway:capacity":"600","aerialway:duration":"2","alt_name":"Téléski des Écoles","name":"Écoles 1","ref:FR:CAIRN":"740500","source":"GPS"},"relations":[],"meta":{}},"geometry":{"type":"LineString","coordinates":[[6.7703092,46.1945194],[6.7708113,46.1948716],[6.7712312,46.1951525],[6.7716975,46.1954573],[6.7723481,46.1958935],[6.7724737,46.1959685]]}},
{"type":"Feature","id":"way/30353221","properties":{"type":"way","id":30353221,"tags":{"aerialway":"platter","aerialway:capacity":"820","aerialway:duration":"2","name":"Chapelle","ref:FR:CAIRN":"740438","source":"GPS"},"relations":[],"meta":{}},"geometry":{"type":"LineString","coordinates":[[6.7688684,46.1962378],[6.7699755,46.1963658],[6.7709589,46.1966326],[6.7720183,46.19692],[6.7727108,46.1971078],[6.7728538,46.1971466]]}},
{"type":"Feature","id":"way/30353553","properties":{"type":"way","id":30353553,"tags":{"aerialway":"platter","aerialway:capacity":"460","name":"Trashers","ref:FR:CAIRN":"740760","source":"GPS"},"relations":[],"meta":{}},"geometry":{"type":"LineString","coordinates":[[6.7678764,46.1923238],[6.768259,46.1921415],[6.7687067,46.1919282],[6.7691193,46.1917316],[6.7696362,46.1914854],[6.7698067,46.1914059]]}},
{"type":"Feature","id":"way/30482077","properties":{"type":"way","id":30482077,"tags":{"aerialway":"drag_lift","aerialway:capacity":"900","aerialway:difference":"339","aerialway:duration":"7:00","aerialway:length":"1406","name":"Chavanette 1","ref:FR:CAIRN":"740183","source_ref":"http://www.akxnet.de/OSM-pictures/P2031521.JPG"},"relations":[],"meta":{}},"geometry":{"type":"LineString","coordinates":[[6.7892801,46.1795368],[6.7903679,46.1789382],[6.7910706,46.1786442],[6.7919811,46.1782939],[6.7933383,46.1777717],[6.7940803,46.1774862],[6.7954456,46.1769609],[6.7964169,46.1765872],[6.7971672,46.1762985],[6.7982633,46.1758768],[6.7991084,46.1755517],[6.7999291,46.1752359],[6.8009352,46.1748487],[6.8017115,46.17455],[6.8024753,46.1742561],[6.803197,46.1739785],[6.8036963,46.1737863],[6.8045649,46.1734521],[6.8052524,46.1731876]]}},
{"type":"Feature","id":"way/30610172","properties":{"type":"way","id":30610172,"tags":{"aerialway":"chair_lift","aerialway:capacity":"1200","aerialway:difference":"64","aerialway:duration":"6","aerialway:length":"730","aerialway:occupancy":"3","layer":"2","name":"Plateau","ref:FR:CAIRN":"740148","source":"cadastre-dgi-fr source : Direction Générale des Impôts - Cadastre;mise à jour : 2008"},"relations":[],"meta":{}},"geometry":{"type":"LineString","coordinates":[[6.7747503,46.1880635],[6.7745054,46.1887458],[6.7742375,46.1894923],[6.7733223,46.1920653],[6.7727492,46.1936385],[6.772507,46.1943345]]}},
{"type":"Feature","id":"way/30626081","properties":{"type":"way","id":30626081,"tags":{"aerialway":"chair_lift","aerialway:bubble":"no","aerialway:capacity":"2800","aerialway:difference":"80","aerialway:duration":"3:20","aerialway:heating":"no","aerialway:occupancy":"6","name":"Belvédère","oneway":"yes","ref:FR:CAIRN":"741166","source":"GPS"},"relations":[],"meta":{}},"geometry":{"type":"LineString","coordinates":[[6.6912753,46.171423],[6.6914374,46.1707492],[6.6916101,46.1700319],[6.6917405,46.1694901],[6.6920112,46.168365],[6.6922146,46.1675198],[6.692364,46.1667876],[6.6926039,46.1659023],[6.6926417,46.1657452],[6.6927738,46.1651962],[6.6930386,46.1640829],[6.6931925,46.1635016],[6.6933061,46.162893]]}},
{"type":"Feature","id":"way/30626904","properties":{"type":"way","id":30626904,"tags":{"aerialway":"chair_lift","aerialway:capacity":"3000","aerialway:difference":"353","aerialway:duration":"5:48","aerialway:length":"1644","aerialway:occupancy":"6","name":"Charniaz Express","ref:FR:CAIRN":"740888","source":"GPS"},"relations":[],"meta":{}},"geometry":{"type":"LineString","coordinates":[[6.7036599,46.1520395],[6.7035579,46.1518652],[6.7033012,46.1513511],[6.70302,46.1508113],[6.7024497,46.1497693],[6.7019029,46.1487221],[6.7013822,46.1477251],[6.7008003,46.1466107],[6.7002849,46.1456238],[6.6996498,46.1444075],[6.6991753,46.1434986],[6.6988363,46.1428494],[6.6982214,46.1416718],[6.6975157,46.1403203],[6.6970492,46.1394267],[6.6965196,46.1384086],[6.6964786,46.1383314],[6.696359,46.138106]]}},
{"type":"Feature","id":"way/30627272","properties":{"type":"way","id":30627272,"tags":{"aerialway":"chair_lift","aerialway:capacity":"2600","aerialway:difference":"448","aerialway:duration":"6:06","aerialway:length":"1806","aerialway:occupancy":"4","name":"Cornebois","ref:FR:CAIRN":"740842","source":"GPS"},"relations":[],"meta":{}},"geometry":{"type":"LineString","coordinates":[[6.7988313,46.2283318],[6.7993398,46.2275359],[6.8001071,46.2263349],[6.8008904,46.2251089],[6.8014725,46.2241976],[6.8021194,46.2231851],[6.802504,46.222583],[6.803095,46.2216579],[6.8034334,46.2211281],[6.8041305,46.220037],[6.8045923,46.219314],[6.8046737,46.2191867],[6.805399,46.2180511],[6.805925,46.2172277],[6.8064283,46.2164398],[6.8070323,46.2154942],[6.8078248,46.2142535],[6.8079813,46.2140097]]}},
{"type":"Feature","id":"way/30627383","properties":{"type":"way","id":30627383,"tags":{"aerialway":"chair_lift","aerialway:bubble":"no","aerialway:capacity":"2000","aerialway:difference":"328","aerialway:duration":"7:00","aerialway:length":"938","aerialway:occupancy":"4","name":"Crusaz","ref:FR:CAIRN":"740727","source":"GPS"},"relations":[],"meta":{}},"geometry":{"type":"LineString","coordinates":[[6.701086,46.1801992],[6.7006145,46.1799174],[6.6994326,46.179211],[6.6983086,46.1785393],[6.6970507,46.1777874],[6.6964536,46.1774084],[6.6958566,46.1770294],[6.6946224,46.176246],[6.6939861,46.175842],[6.693966,46.1758293],[6.6931139,46.1752883],[6.6928435,46.1751167]]}},
{"type":"Feature","id":"way/30685905","properties":{"type":"way","id":30685905,"tags":{"aerialway":"platter","name":"Dromonts 2","ref:FR:CAIRN":"740384","source":"GPS"},"relations":[],"meta":{}},"geometry":{"type":"LineString","coordinates":[[6.7765153,46.1906593],[6.7742456,46.1922219]]}},
{"type":"Feature","id":"way/30720552","properties":{"type":"way","id":30720552,"tags":{"aerialway":"platter","name":"Queyset","source":"GPS"},"relations":[],"meta":{}},"geometry":{"type":"LineString","coordinates":[[6.7982887,46.2288735],[6.7981114,46.2283724],[6.7979045,46.2275942],[6.797724,46.2268644],[6.7975784,46.226298],[6.7974485,46.2257693],[6.7973775,46.2253935],[6.7973704,46.2252328]]}},
{"type":"Feature","id":"way/30749534","properties":{"type":"way","id":30749534,"tags":{"aerialway":"chair_lift","aerialway:duration":"7:30","aerialway:length":"827","aerialway:occupancy":"4","manufacturer":"Skirail","name":"Rosta","opening_hours":"09:00-16:00","ref:FR:CAIRN":"740316","source":"GPS","start_date":"1992"},"relations":[],"meta":{}},"geometry":{"type":"LineString","coordinates":[[6.6832914,46.1359663],[6.683243,46.135912],[6.6831775,46.1358411],[6.6828351,46.1354354],[6.68219,46.134671],[6.6817867,46.1341931],[6.6813707,46.1337001],[6.680732,46.1329433],[6.6800186,46.1320979],[6.6795907,46.1315909],[6.6793435,46.1313095],[6.6788273,46.130722],[6.6784211,46.1302432],[6.6783486,46.1301603],[6.6781937,46.1300165]]}},
{"type":"Feature","id":"way/30749922","properties":{"type":"way","id":30749922,"tags":{"aerialway":"chair_lift","aerialway:capacity":"2400","aerialway:duration":"5,50","aerialway:occupancy":"6","fee":"yes","name":"Écho Alpin","operator":"SAEM Sports et Tourisme Châtel","ref:FR:CAIRN":"740976","source":"survey"},"relations":[],"meta":{}},"geometry":{"type":"LineString","coordinates":[[6.8195537,46.2444858],[6.8195084,46.2442637],[6.8194591,46.2439548],[6.8193092,46.2430903],[6.8191042,46.24199],[6.8189797,46.2412477],[6.8186914,46.2396411],[6.8185681,46.2389377],[6.8183589,46.2378616],[6.8181349,46.2366174],[6.8180518,46.2361325],[6.8178123,46.2348267],[6.817586,46.2335416],[6.8174588,46.2328532],[6.8172472,46.2316587],[6.8170635,46.2306493],[6.8170474,46.2305611],[6.8170179,46.2303732]]}},
{"type":"Feature","id":"way/30750444","properties":{"type":"way","id":30750444,"tags":{"aerialway":"platter","name":"Stade","source":"GPS"},"relations":[],"meta":{}},"geometry":{"type":"LineString","coordinates":[[6.8215062,46.2540506],[6.8212873,46.2477591]]}},
{"type":"Feature","id":"way/30751809","properties":{"type":"way","id":30751809,"tags":{"aerialway":"chair_lift","aerialway:difference":"238","aerialway:duration":"6:00","aerialway:occupancy":"4","name":"Mouilles","ref:FR:CAIRN":"740848","source":"GPS","source_ref":"http://www.akxnet.de/OSM-pictures/P2041545.JPG"},"relations":[],"meta":{}},"geometry":{"type":"LineString","coordinates":[[6.6942869,46.1754177],[6.6940565,46.1748236],[6.6935549,46.1735302],[6.6933761,46.1730702],[6.6928173,46.1716326],[6.6926357,46.1711654],[6.6922232,46.1701164],[6.6921031,46.1698121],[6.6919212,46.1693514]]}},
{"type":"Feature","id":"way/30752181","properties":{"type":"way","id":30752181,"tags":{"aerialway":"gondola","aerialway:capacity":"580","aerialway:duration":"4","aerialway:occupancy":"10","bicycle":"yes","layer":"1","name":"Pléney","oneway":"no","ref:FR:CAIRN":"741049"},"relations":[],"meta":{}},"geometry":{"type":"LineString","coordinates":[[6.6925855,46.1695975],[6.6935045,46.170582],[6.6940905,46.1712098],[6.6956811,46.1729138],[6.6969055,46.1742822],[6.6983215,46.1758636],[6.6991389,46.1767749],[6.7001965,46.1779576],[6.7014554,46.1793654],[6.7019377,46.1799048]]}},
{"type":"Feature","id":"way/30960128","properties":{"type":"way","id":30960128,"tags":{"aerialway":"chair_lift","aerialway:bubble":"no","aerialway:capacity":"2400","aerialway:difference":"421","aerialway:duration":"6:30","aerialway:heating":"no","aerialway:length":"1818","aerialway:occupancy":"6","bicycle":"yes","manufacturer":"Leitner","manufacturer:wikidata":"Q286638","name":"Ranfoilly Express","oneway":"yes","opening_hours":"09:15-16:00","ref:FR:CAIRN":"741118","source":"GPS","source_ref":"http://www.akxnet.de/OSM-pictures/P2011507.JPG","start_date":"2017"},"relations":[],"meta":{}},"geometry":{"type":"LineString","coordinates":[[6.6834595,46.136956],[6.6837781,46.1368646],[6.6851169,46.1364796],[6.686456,46.1360945],[6.6884556,46.135509],[6.6899505,46.1350769],[6.6913025,46.1346861],[6.6931783,46.1341438],[6.6943919,46.1337931],[6.6964635,46.1331942],[6.6980137,46.1327461],[6.6998673,46.1322103],[6.7007307,46.1319427],[6.7021123,46.1315501],[6.7039753,46.1310103],[6.7042592,46.1309236]]}},
{"type":"Feature","id":"way/30961292","properties":{"type":"way","id":30961292,"tags":{"aerialway":"chair_lift","aerialway:bubble":"no","aerialway:capacity":"1600","aerialway:duration":"4","aerialway:heating":"no","aerialway:occupancy":"4","name":"Folliets du Golf","ref:FR:CAIRN":"740801","source":"GPS"},"relations":[],"meta":{}},"geometry":{"type":"LineString","coordinates":[[6.6840198,46.1594163],[6.6852447,46.1597595],[6.686866,46.1602137],[6.687988,46.160528],[6.6897682,46.1610268],[6.6914953,46.1615107],[6.693581,46.162095],[6.6939691,46.1622037]]}},
{"type":"Feature","id":"way/31349026","properties":{"type":"way","id":31349026,"tags":{"aerialway":"chair_lift","aerialway:occupancy":"6","name":"Crêt Béni","ref:FR:CAIRN":"740947"},"relations":[],"meta":{}},"geometry":{"type":"LineString","coordinates":[[6.7811403,46.2922102],[6.7806505,46.2914447],[6.7801221,46.290619],[6.7795495,46.2897284],[6.7787535,46.2884838],[6.7778919,46.2871447],[6.7773219,46.2862508],[6.7769508,46.285666],[6.77642,46.2848504],[6.7757257,46.2837732],[6.7754249,46.283292],[6.7751899,46.2829158]]}},
{"type":"Feature","id":"way/31349047","properties":{"type":"way","id":31349047,"tags":{"aerialway":"platter","name":"Bambi","ref:FR:CAIRN":"740680"},"relations":[],"meta":{}},"geometry":{"type":"LineString","coordinates":[[6.7743354,46.2846631],[6.7743842,46.2841365],[6.7744201,46.2835274],[6.7744831,46.2826082],[6.7744894,46.2823681]]}},
{"type":"Feature","id":"way/31349048","properties":{"type":"way","id":31349048,"tags":{"aerialway":"platter","name":"Prés 2"},"relations":[],"meta":{}},"geometry":{"type":"LineString","coordinates":[[6.7780433,46.2846343],[6.7753649,46.2817794]]}},
{"type":"Feature","id":"way/31349049","properties":{"type":"way","id":31349049,"tags":{"aerialway":"platter","name":"Prés 1"},"relations":[],"meta":{}},"geometry":{"type":"LineString","coordinates":[[6.7781561,46.2846296],[6.7751264,46.2813981]]}},
{"type":"Feature","id":"way/31738075","properties":{"type":"way","id":31738075,"tags":{"aerialway":"platter","name":"Combe","ref:FR:CAIRN":"740325"},"relations":[],"meta":{}},"geometry":{"type":"LineString","coordinates":[[6.7717514,46.2845796],[6.7676351,46.2770932],[6.7645708,46.2750673],[6.7642332,46.2742806]]}},
{"type":"Feature","id":"way/31738076","properties":{"type":"way","id":31738076,"tags":{"aerialway":"chair_lift","aerialway:occupancy":"3","name":"Fontaines","ref:FR:CAIRN":"740025"},"relations":[],"meta":{}},"geometry":{"type":"LineString","coordinates":[[6.7786456,46.2846731],[6.778543,46.2843337],[6.7784012,46.2838644],[6.7780914,46.282839],[6.7779195,46.2822702],[6.7778479,46.2820334],[6.7773847,46.2805005],[6.7771187,46.2796202],[6.7770476,46.2793849],[6.7767405,46.2782206],[6.7766955,46.2780501],[6.7766206,46.2777658]]}},
{"type":"Feature","id":"way/31770794","properties":{"type":"way","id":31770794,"tags":{"aerialway":"gondola","aerialway:occupancy":"6","name":"Panthiaz","oneway":"no","ref:FR:CAIRN":"740207"},"relations":[],"meta":{}},"geometry":{"type":"LineString","coordinates":[[6.7997934,46.2911379],[6.8001106,46.2913982],[6.8003561,46.2915998],[6.8021368,46.2930614],[6.8033025,46.2940181],[6.8038254,46.2944473],[6.8051534,46.2955373],[6.8053104,46.2956661],[6.8054673,46.2957949],[6.8057394,46.2960182],[6.8066257,46.2967457],[6.8075423,46.2974979],[6.8077955,46.2977057],[6.808288,46.2981099],[6.8099125,46.2994432],[6.8104812,46.299918],[6.8106577,46.3000547],[6.8120723,46.3013315]]}},
{"type":"Feature","id":"way/31770796","properties":{"type":"way","id":31770796,"tags":{"aerialway":"t-bar","name":"Conche 2000","ref:FR:CAIRN":"740713"},"relations":[],"meta":{}},"geometry":{"type":"LineString","coordinates":[[6.8328725,46.3092239],[6.8321552,46.3092104],[6.8316208,46.3092004],[6.8302977,46.3091756],[6.8290693,46.3091526],[6.828419,46.3091404],[6.8275292,46.3091238],[6.8274292,46.3091219],[6.8273446,46.3091203],[6.8266367,46.309107]]}},
{"type":"Feature","id":"way/31770797","properties":{"type":"way","id":31770797,"tags":{"aerialway":"chair_lift","aerialway:bubble":"no","aerialway:heating":"no","aerialway:occupancy":"4","bicycle":"yes","manufacturer":"von Roll","name":"Tronchey","oneway":"no","start_date":"1995"},"relations":[],"meta":{}},"geometry":{"type":"LineString","coordinates":[[6.85111,46.3053502],[6.8511278,46.3052499],[6.8511371,46.3051974],[6.851215,46.3047625],[6.8513555,46.3040144],[6.8515776,46.302804],[6.8517584,46.3018062],[6.8519793,46.3005548],[6.8523193,46.2987293],[6.8525099,46.2976957],[6.8526311,46.2970374],[6.8526822,46.2967573],[6.8529178,46.2954708],[6.853079,46.2946055],[6.8532619,46.2935967],[6.8533941,46.2928963],[6.8534625,46.2925086],[6.8534726,46.2924547],[6.853502,46.2923026]]}},
{"type":"Feature","id":"way/31770798","properties":{"type":"way","id":31770798,"tags":{"aerialway":"t-bar","name":"Djeu des Têtes"},"relations":[],"meta":{}},"geometry":{"type":"LineString","coordinates":[[6.8499277,46.3063928],[6.8486101,46.3065122],[6.847599,46.3066038],[6.8463105,46.3067206],[6.8447718,46.3068601],[6.8446663,46.3068697],[6.8432776,46.3069955],[6.8415344,46.3071535],[6.8401852,46.3072758],[6.8387139,46.3074091],[6.8376618,46.3075045],[6.8359427,46.3076603],[6.8343652,46.3078033],[6.834179,46.3078202],[6.8340779,46.3078293],[6.8339117,46.3078444],[6.8323371,46.3079871]]}},
{"type":"Feature","id":"way/31770799","properties":{"type":"way","id":31770799,"tags":{"aerialway":"drag_lift","name":"Onnaz"},"relations":[],"meta":{}},"geometry":{"type":"LineString","coordinates":[[6.8718915,46.2810084],[6.8646188,46.2837517]]}},
{"type":"Feature","id":"way/31770800","properties":{"type":"way","id":31770800,"tags":{"aerialway":"drag_lift","name":"Chaux Longe"},"relations":[],"meta":{}},"geometry":{"type":"LineString","coordinates":[[6.8641905,46.2844353],[6.8618116,46.2885192]]}},
{"type":"Feature","id":"way/31770801","properties":{"type":"way","id":31770801,"tags":{"aerialway":"drag_lift","name":"Contrebandiers"},"relations":[],"meta":{}},"geometry":{"type":"LineString","coordinates":[[6.8541661,46.288329],[6.8512631,46.2904409]]}},
{"type":"Feature","id":"way/32310310","properties":{"type":"way","id":32310310,"tags":{"aerialway":"chair_lift","aerialway:capacity":"3000","aerialway:difference":"330","aerialway:duration":"10:00","aerialway:length":"1262","aerialway:occupancy":"4","name":"Têtes","ref:FR:CAIRN":"740859"},"relations":[],"meta":{}},"geometry":{"type":"LineString","coordinates":[[6.7040863,46.1517045],[6.7046599,46.1511445],[6.7054553,46.1503717],[6.7061254,46.1497138],[6.7065094,46.1493389],[6.7076742,46.1482017],[6.7085739,46.1473407],[6.7092367,46.1466969],[6.7100369,46.1459195],[6.7104782,46.1454885],[6.711309,46.1446901],[6.7121341,46.1438996],[6.7128519,46.1431909],[6.7130556,46.1430027]]}},
{"type":"Feature","id":"way/32310365","properties":{"type":"way","id":32310365,"tags":{"aerialway":"chair_lift","aerialway:capacity":"1350","aerialway:difference":"395","aerialway:duration":"10:45","aerialway:length":"1237","aerialway:occupancy":"3","name":"Fys","ref:FR:CAIRN":"740212","source":"survey"},"relations":[],"meta":{}},"geometry":{"type":"LineString","coordinates":[[6.7083484,46.1659626],[6.7080939,46.1659193],[6.7067174,46.1656543],[6.7059966,46.1654793],[6.7049206,46.1652526],[6.7033747,46.1649229],[6.7020534,46.1646471],[6.7004105,46.1643083],[6.6985275,46.1639078],[6.6969317,46.163578],[6.6954887,46.1632653],[6.6947339,46.1630966],[6.6943305,46.1630131],[6.6942297,46.1629922],[6.6941282,46.1629712],[6.6939288,46.1629329]]}},
{"type":"Feature","id":"way/32312982","properties":{"type":"way","id":32312982,"tags":{"aerialway":"chair_lift","aerialway:occupancy":"4","name":"Raverettes","ref:FR:CAIRN":"740932","source":"local knowledge"},"relations":[],"meta":{}},"geometry":{"type":"LineString","coordinates":[[6.7119781,46.1579006],[6.7120428,46.157333],[6.7121943,46.1560046],[6.7123253,46.1548554],[6.7124602,46.1535515],[6.7125692,46.1524974],[6.7126174,46.1521296]]}},
{"type":"Feature","id":"way/32344718","properties":{"type":"way","id":32344718,"tags":{"aerialway":"chair_lift","aerialway:capacity":"1800","aerialway:difference":"241","aerialway:duration":"2","aerialway:length":"653","aerialway:occupancy":"6","manufacturer":"Poma","manufacturer:wikidata":"Q2103240","name":"Grains d'Or Express","oneway":"yes","opening_hours":"09:30-16:20","ref:FR:CAIRN":"740875","start_date":"2002"},"relations":[],"meta":{}},"geometry":{"type":"LineString","coordinates":[[6.6832288,46.1363891],[6.6829201,46.1362668],[6.6826788,46.1361703],[6.6819973,46.1358979],[6.6805764,46.1353298],[6.6797829,46.1350126],[6.6776912,46.1341764],[6.6767098,46.133784],[6.6766238,46.1337498],[6.676329,46.1336291]]}},
{"type":"Feature","id":"way/32344719","properties":{"type":"way","id":32344719,"tags":{"aerialway":"chair_lift","aerialway:capacity":"3000","aerialway:difference":"272","aerialway:duration":"3:20","aerialway:length":"1003","aerialway:occupancy":"6","bicycle":"yes","manufacturer":"Poma","manufacturer:wikidata":"Q2103240","name":"Nauchets Express","opening_hours":"09:15-16:20","ref:FR:CAIRN":"740874","source":"survey","source_ref":"http://www.akxnet.de/OSM-pictures/P2041553.JPG","start_date":"2002"},"relations":[],"meta":{}},"geometry":{"type":"LineString","coordinates":[[6.683251,46.1380056],[6.6834926,46.1380513],[6.6840906,46.1381645],[6.6856609,46.1384616],[6.6869538,46.1387062],[6.6887884,46.1390533],[6.6904105,46.1393602],[6.6911834,46.1395064],[6.6929891,46.139848],[6.6944327,46.1401342],[6.694825,46.1402099],[6.6951634,46.1402755]]}},
{"type":"Feature","id":"way/32344730","properties":{"type":"way","id":32344730,"tags":{"aerialway":"chair_lift","aerialway:bubble":"no","aerialway:capacity":"2100","aerialway:difference":"387","aerialway:duration":"6:30","aerialway:heating":"no","aerialway:length":"1057","aerialway:occupancy":"6","name":"Chamossière Express","ref:FR:CAIRN":"741009","source":"http://www.remontees-mecaniques.net/forums/index.php?showtopic=13826"},"relations":[],"meta":{}},"geometry":{"type":"LineString","coordinates":[[6.7101666,46.1386845],[6.7104706,46.138595],[6.7110153,46.1384221],[6.7127006,46.1379391],[6.7150142,46.1372525],[6.716509,46.1368062],[6.7166505,46.136764],[6.7179021,46.1363862],[6.7188323,46.1361114],[6.7203881,46.1356519],[6.7207327,46.1355501],[6.7211912,46.1354147],[6.72279,46.1349424],[6.724258,46.134546],[6.7245885,46.1344434],[6.7248309,46.1343739]]}},
{"type":"Feature","id":"way/32425248","properties":{"type":"way","id":32425248,"tags":{"aerialway":"cable_car","aerialway:occupancy":"35","name":"Nyon","ref:FR:CAIRN":"740061","source":"local knowledge"},"relations":[],"meta":{}},"geometry":{"type":"LineString","coordinates":[[6.7155772,46.1669618],[6.7135193,46.157937]]}},
{"type":"Feature","id":"way/32425250","properties":{"type":"way","id":32425250,"tags":{"aerialway":"chair_lift","aerialway:duration":"7:30","aerialway:occupancy":"4","name":"Pré Favre","ref:FR:CAIRN":"740695"},"relations":[],"meta":{}},"geometry":{"type":"LineString","coordinates":[[6.7073659,46.1647655],[6.7077341,46.1639342],[6.7080775,46.1631589],[6.7082325,46.1628089],[6.7084997,46.1622057],[6.7088077,46.1615103],[6.709113,46.1608209],[6.7092728,46.1604603],[6.7094418,46.1600785],[6.7098036,46.1592617],[6.7102824,46.1581805],[6.7104882,46.157716],[6.7105839,46.1574998]]}},
{"type":"Feature","id":"way/35881681","properties":{"type":"way","id":35881681,"tags":{"aerialway":"chair_lift","name":"Télésiège de Braitaz","ref:FR:CAIRN":"740281"},"relations":[],"meta":{}},"geometry":{"type":"LineString","coordinates":[[6.8157898,46.2996733],[6.815923,46.2998124],[6.8161797,46.3000806],[6.8165342,46.3004511],[6.817764,46.3017358],[6.8178653,46.3018417],[6.8184716,46.3024751],[6.8188738,46.3028953],[6.8193783,46.3034224],[6.8201628,46.3042419],[6.8202737,46.3043577],[6.8208646,46.304975],[6.8216518,46.3057974],[6.8222988,46.3064733],[6.8229738,46.3071784],[6.8243239,46.3085888],[6.8254364,46.3097509],[6.8255699,46.3098904],[6.8257366,46.3100645]]}},
{"type":"Feature","id":"way/44538224","properties":{"type":"way","id":44538224,"tags":{"disused:aerialway":"drag_lift","name":"Fignards"},"relations":[],"meta":{}},"geometry":{"type":"LineString","coordinates":[[6.8697495,46.3142387],[6.8691038,46.3137709],[6.8680146,46.3130298],[6.8674242,46.3126184],[6.8664224,46.3119203],[6.8661215,46.3117107],[6.8650759,46.310982],[6.8637528,46.3100601],[6.8632547,46.3097129]]}},
{"type":"Feature","id":"way/44538226","properties":{"type":"way","id":44538226,"tags":{"abandoned:aerialway":"chair_lift","name":"Télésiège Jorette"},"relations":[],"meta":{}},"geometry":{"type":"LineString","coordinates":[[6.867327,46.3142223],[6.8672413,46.3141352],[6.8668991,46.3137877],[6.8660398,46.312877],[6.8649979,46.3117727],[6.8640896,46.31081],[6.8639989,46.3107139],[6.8632773,46.3099491],[6.8622381,46.3088476],[6.86145,46.3080123],[6.8602998,46.3067931],[6.8595059,46.3059517],[6.8592135,46.3056417],[6.8581422,46.3045061],[6.8580772,46.3044372],[6.8580444,46.3044024],[6.8579061,46.3042657]]}},
{"type":"Feature","id":"way/45666705","properties":{"type":"way","id":45666705,"tags":{"abandoned:aerialway":"chair_lift","name":"Télésiège Grands Places"},"relations":[],"meta":{}},"geometry":{"type":"LineString","coordinates":[[6.850055,46.3055673],[6.8502721,46.3055285],[6.8519268,46.3052329],[6.8528477,46.3050684],[6.853847,46.3048899],[6.8554961,46.3045953],[6.8572099,46.3042891],[6.8573144,46.3042705],[6.8577198,46.3041981]]}},
{"type":"Feature","id":"way/47421807","properties":{"type":"way","id":47421807,"tags":{"aerialway":"drag_lift","name":"Les Cerniers"},"relations":[],"meta":{}},"geometry":{"type":"LineString","coordinates":[[6.9601767,46.2212958],[6.9548922,46.2156722]]}},
{"type":"Feature","id":"way/47421808","properties":{"type":"way","id":47421808,"tags":{"aerialway":"drag_lift","name":"Les Cerniers"},"relations":[],"meta":{}},"geometry":{"type":"LineString","coordinates":[[6.9547706,46.2167424],[6.9486757,46.2139392]]}},
{"type":"Feature","id":"way/49397555","properties":{"type":"way","id":49397555,"tags":{"aerialway":"platter","aerialway:occupancy":"1","name":"Gueilly"},"relations":[],"meta":{}},"geometry":{"type":"LineString","coordinates":[[6.8374347,46.1930532],[6.8379767,46.1933145],[6.838499,46.1935662],[6.8395096,46.1940534],[6.840107,46.1943414],[6.8404076,46.1944863]]}},
{"type":"Feature","id":"way/49449610","properties":{"type":"way","id":49449610,"tags":{"aerialway":"rope_tow","name":"Babylift Planachaux"},"relations":[],"meta":{}},"geometry":{"type":"LineString","coordinates":[[6.8443661,46.1726577],[6.844815,46.1735405]]}},
{"type":"Feature","id":"way/49511429","properties":{"type":"way","id":49511429,"tags":{"aerialway":"gondola","aerialway:bubble":"yes","aerialway:capacity":"1200","aerialway:duration":"6.5","aerialway:heating":"no","aerialway:occupancy":"6","brand":"Poma","brand:wikidata":"Q2103240","manufacturer":"Pomagalski","name":"Chavannes","oneway":"no","ref:FR:CAIRN":"740338","seasonal":"winter;summer","start_date":"1973"},"relations":[],"meta":{}},"geometry":{"type":"LineString","coordinates":[[6.6687334,46.1569565],[6.6698798,46.1564958],[6.6708943,46.1560881],[6.6722963,46.1555246],[6.6745824,46.1546059],[6.6783768,46.1530984],[6.6793244,46.152724],[6.6800998,46.1524111],[6.6818618,46.1517157],[6.6831641,46.1512018],[6.6850658,46.1504433],[6.6854888,46.1502844]]}},
{"type":"Feature","id":"way/49511430","properties":{"type":"way","id":49511430,"tags":{"aerialway":"chair_lift","aerialway:bubble":"no","aerialway:capacity":"3000","aerialway:detachable":"yes","aerialway:duration":"8","aerialway:occupancy":"6","bicycle":"yes","name":"Chavannes Express","oneway":"no","ref:FR:CAIRN":"740886"},"relations":[],"meta":{}},"geometry":{"type":"LineString","coordinates":[[6.6682861,46.1567836],[6.6689239,46.1564599],[6.6704476,46.1557892],[6.6717199,46.1551905],[6.6730354,46.1545918],[6.6746006,46.1538734],[6.6757435,46.1533548],[6.6770701,46.1527528],[6.6782319,46.1522257],[6.6794266,46.1516669],[6.6805035,46.1511797],[6.6821818,46.1503862],[6.6835734,46.149765],[6.6851497,46.1490613],[6.6870391,46.1482178],[6.6885228,46.1475373],[6.6897558,46.1469557],[6.689773,46.1469479],[6.6915572,46.1461378],[6.6932012,46.1453834],[6.6935395,46.1452281],[6.694026,46.1450049]]}},
{"type":"Feature","id":"way/49511432","properties":{"type":"way","id":49511432,"tags":{"aerialway":"chair_lift","aerialway:bubble":"no","aerialway:capacity":"2000","aerialway:detachable":"no","aerialway:duration":"8.5","aerialway:heating":"no","aerialway:length":"1205","aerialway:occupancy":"4","bicycle":"yes","name":"Chéry Nord","opening_hours":"09:15-16:00","ref:FR:CAIRN":"740115","seasonal":"winter","start_date":"1986"},"relations":[],"meta":{}},"geometry":{"type":"LineString","coordinates":[[6.6329817,46.1707767],[6.6331111,46.1707573],[6.6332961,46.1707295],[6.6333802,46.1707169],[6.6340648,46.1706145],[6.6357987,46.170355],[6.6368086,46.1702038],[6.6378018,46.1700552],[6.6390524,46.169868],[6.6403039,46.1696792],[6.64148,46.1694903],[6.6426487,46.169324],[6.6437024,46.1691623],[6.6446949,46.1690058],[6.6456892,46.1688658],[6.6466937,46.168701],[6.6467838,46.1686863],[6.6468912,46.1686686],[6.6470347,46.1686451]]}},
{"type":"Feature","id":"way/49511436","properties":{"type":"way","id":49511436,"tags":{"aerialway":"gondola","aerialway:bubble":"yes","aerialway:capacity":"1200","aerialway:detachable":"yes","aerialway:duration":"4.5","aerialway:heating":"no","aerialway:length":"1084","aerialway:occupancy":"6","bicycle":"yes","manufacturer":"Montaz Mautino","name":"Mont Chéry","opening_hours":"09:00-16:20","ref:FR:CAIRN":"740637","seasonal":"winter;summer","start_date":"1981"},"relations":[],"meta":{}},"geometry":{"type":"LineString","coordinates":[[6.6697611,46.1607738],[6.6694823,46.1608871],[6.6694443,46.1609025],[6.668788,46.161194],[6.6676843,46.1616649],[6.6664497,46.1621864],[6.6661167,46.1623311],[6.6647015,46.1629051],[6.6640575,46.1632014],[6.6629295,46.1636784],[6.659912,46.1649635],[6.6590462,46.1653269],[6.6586983,46.1654621]]}},
{"type":"Feature","id":"way/49511437","properties":{"type":"way","id":49511437,"tags":{"aerialway":"drag_lift","aerialway:capacity":"900","aerialway:duration":"1.5","name":"Stade","ref:FR:CAIRN":"740248"},"relations":[],"meta":{}},"geometry":{"type":"LineString","coordinates":[[6.6708793,46.1585073],[6.6712407,46.1582877],[6.6716523,46.1579976],[6.6721911,46.1575376]]}},
{"type":"Feature","id":"way/49511439","properties":{"type":"way","id":49511439,"tags":{"aerialway":"chair_lift","aerialway:bubble":"no","aerialway:capacity":"2000","aerialway:detachable":"no","aerialway:duration":"7","aerialway:heating":"no","aerialway:length":"979","aerialway:occupancy":"4","bicycle":"yes","name":"La Pointe","opening_hours":"09:15-16:00","ref:FR:CAIRN":"740004","source":"GPS"},"relations":[],"meta":{}},"geometry":{"type":"LineString","coordinates":[[6.6576896,46.1645258],[6.6576035,46.1645562],[6.6575279,46.1645829],[6.6565355,46.1649332],[6.6555721,46.1652733],[6.6547511,46.1655613],[6.6537907,46.1658998],[6.6529989,46.1661788],[6.6523736,46.1663991],[6.6509268,46.166909],[6.6502664,46.1671417],[6.6492254,46.1675085],[6.6483641,46.1678121],[6.6475849,46.1680866],[6.6469215,46.1682902]]}},
{"type":"Feature","id":"way/49511440","properties":{"type":"way","id":49511440,"tags":{"aerialway":"drag_lift","aerialway:capacity":"800","aerialway:duration":"3","aerialway:length":"698","name":"Super Chéry","opening_hours":"09:15-16:00","ref:FR:CAIRN":"740171","seasonal":"winter","start_date":"1968"},"relations":[],"meta":{}},"geometry":{"type":"LineString","coordinates":[[6.6581737,46.1655137],[6.6579841,46.1655873],[6.6570941,46.1659744],[6.6564055,46.1662705],[6.6561774,46.1663647],[6.6552841,46.1667337],[6.6544146,46.1670929],[6.6541534,46.1672054],[6.6531106,46.1676545],[6.6518492,46.1681977],[6.6513742,46.168391],[6.6511777,46.1684619]]}},
{"type":"Feature","id":"way/49532861","properties":{"type":"way","id":49532861,"tags":{"aerialway":"chair_lift","aerialway:capacity":"2400","aerialway:difference":"131","aerialway:duration":"6:00","aerialway:length":"776","aerialway:occupancy":"4","name":"Croix","ref:FR:CAIRN":"740845","source":"survey","source_ref":"http://www.akxnet.de/OSM-pictures/P2041552.JPG"},"relations":[],"meta":{}},"geometry":{"type":"LineString","coordinates":[[6.6857587,46.1495549],[6.6864771,46.1491848],[6.687284,46.1487691],[6.6883544,46.1482039],[6.6891421,46.147788],[6.6902499,46.1472031],[6.6915764,46.1465027],[6.6927346,46.1458911],[6.6931776,46.1456572],[6.6935292,46.1454716]]}},
{"type":"Feature","id":"way/53165460","properties":{"type":"way","id":53165460,"tags":{"aerialway":"gondola","aerialway:bubble":"yes","aerialway:capacity":"1800","aerialway:duration":"5.5","aerialway:heating":"no","aerialway:occupancy":"6","layer":"1","name":"Super-Morzine","ref:FR:CAIRN":"740707","source":"cadastre-dgi-fr source : Direction Générale des Impôts - Cadastre. Mise à jour : 2010"},"relations":[],"meta":{}},"geometry":{"type":"LineString","coordinates":[[6.7035371,46.1835453],[6.7055748,46.1846102],[6.7064812,46.1850943],[6.7068613,46.185295],[6.7088166,46.1863266],[6.7099757,46.1869398],[6.7108134,46.1873855],[6.7119235,46.1879725],[6.7129479,46.188501],[6.7145247,46.1893426],[6.7159942,46.1901197],[6.7173269,46.1908271],[6.7179166,46.1911508]]}},
{"type":"Feature","id":"way/53180783","properties":{"type":"way","id":53180783,"tags":{"aerialway":"chair_lift","aerialway:bubble":"no","aerialway:capacity":"1200","aerialway:detachable":"no","aerialway:duration":"7.5","aerialway:heating":"no","aerialway:occupancy":"2","name":"Planeys","opening_hours":"09:15-16:00","ref:FR:CAIRN":"740018","seasonal":"winter","source":"GPS"},"relations":[],"meta":{}},"geometry":{"type":"LineString","coordinates":[[6.6619067,46.1724618],[6.6615766,46.1723698],[6.6602049,46.1720158],[6.658859,46.171664],[6.6579906,46.1714371],[6.657934,46.1714223],[6.6559406,46.1709003],[6.6546447,46.170561],[6.6531265,46.1701562],[6.6524295,46.1699703],[6.6520343,46.169865],[6.6510462,46.1695952],[6.6508059,46.1695248]]}},
{"type":"Feature","id":"way/53183221","properties":{"type":"way","id":53183221,"tags":{"aerialway":"chair_lift","aerialway:bubble":"no","aerialway:capacity":"2400","aerialway:heating":"no","aerialway:occupancy":"6","manufacturer":"Poma","manufacturer:wikidata":"Q2103240","name":"Perrières Express","oneway":"yes","opening_hours":"09:00-16:10","ref:FR:CAIRN":"740887","source":"GPS","start_date":"2003"},"relations":[],"meta":{}},"geometry":{"type":"LineString","coordinates":[[6.6579386,46.1489297],[6.6582872,46.148648],[6.6589663,46.1480992],[6.6597739,46.1474465],[6.6611202,46.1463585],[6.6616058,46.1459661],[6.6617413,46.1458566],[6.6623708,46.1453478],[6.662921,46.1449032],[6.6637446,46.1442375],[6.6645693,46.1435711],[6.6655792,46.1427549],[6.6669041,46.141688],[6.6693178,46.1397429],[6.670032,46.139167],[6.6713783,46.1380746],[6.6715303,46.1379534],[6.67181,46.1377302]]}},
{"type":"Feature","id":"way/53183269","properties":{"type":"way","id":53183269,"tags":{"aerialway":"drag_lift","aerialway:capacity":"700","aerialway:duration":"5","contact:facebook":"https://www.facebook.com/profile.php?id=100063626799534","contact:instagram":"https://www.instagram.com/skialaturche/","manufacturer":"Poma","manufacturer:wikidata":"Q2103240","name":"Turche","opening_hours":"09:00-16:30","ref:FR:CAIRN":"740293","source":"GPS","start_date":"1971"},"relations":[],"meta":{}},"geometry":{"type":"LineString","coordinates":[[6.6649454,46.1484556],[6.6650731,46.1483064],[6.6654084,46.1478628],[6.6659146,46.1472713],[6.6665077,46.1465742],[6.6675924,46.1452731],[6.668437,46.1442981],[6.6690458,46.14359],[6.670104,46.1423477],[6.6708228,46.1415095],[6.6716851,46.140492],[6.6720995,46.1399726],[6.672415,46.1396392]]}},
{"type":"Feature","id":"way/55029617","properties":{"type":"way","id":55029617,"tags":{"aerialway":"chair_lift","aerialway:capacity":"2200","aerialway:duration":"4","aerialway:occupancy":"4","bicycle":"yes","manufacturer":"Poma","name":"Télésiège du Pré Richard","oneway":"no","ref:FR:CAIRN":"740375","short_name":"TSD4 du Pré Richard","source":"https://www.remontees-mecaniques.net/bdd/reportage-tsd4-du-pre-richard-poma-7499.html","start_date":"1986"},"relations":[],"meta":{}},"geometry":{"type":"LineString","coordinates":[[6.6965032,46.3466995],[6.6962307,46.3470675],[6.6961701,46.3471482],[6.6959092,46.3475119],[6.6951608,46.3485441],[6.6943982,46.3496003],[6.6936585,46.3506247],[6.6934492,46.3509146],[6.6927658,46.351861],[6.6921201,46.3527551],[6.6911467,46.3541031],[6.6908621,46.3544972],[6.6901865,46.3554327],[6.6897249,46.3560719]]}},
{"type":"Feature","id":"way/55029625","properties":{"type":"way","id":55029625,"tags":{"aerialway":"j-bar","aerialway:capacity":"900","aerialway:duration":"2.8","manufacturer":"Poma","name":"Téléski de l'Arête","ref:FR:CAIRN":"740371","short_name":"TKD de l'Arête","source":"https://www.remontees-mecaniques.net/bdd/reportage-tkd-de-l-arete-poma-7517.html","start_date":"1974"},"relations":[],"meta":{}},"geometry":{"type":"LineString","coordinates":[[6.6968728,46.3455611],[6.6976126,46.3452276],[6.697727,46.3450587],[6.6976898,46.3444789],[6.6976541,46.3439215],[6.6976074,46.3431938],[6.6975715,46.3426347],[6.6975434,46.3421976],[6.697475,46.3411311],[6.6974508,46.3407543]]}},
{"type":"Feature","id":"way/55029626","properties":{"type":"way","id":55029626,"tags":{"aerialway":"drag_lift","aerialway:capacity":"645","aerialway:duration":"2.66","manufacturer":"Poma","name":"Téléski des Pellys","ref:FR:CAIRN":"740623","short_name":"TK des Pellys","source":"https://www.skiresort.fr/domaine-skiable/bernex/remontees-mecaniques/l87480/","start_date":"1980"},"relations":[],"meta":{}},"geometry":{"type":"LineString","coordinates":[[6.6923236,46.34664],[6.6935957,46.3461286],[6.6953223,46.3453895],[6.6963865,46.3452071]]}},
{"type":"Feature","id":"way/55029627","properties":{"type":"way","id":55029627,"tags":{"aerialway":"drag_lift","aerialway:capacity":"900","aerialway:duration":"3.5","manufacturer":"Poma","name":"Téléski du Mont Baron","short_name":"TK du Mont Baron","source":"https://www.skiresort.fr/domaine-skiable/bernex/remontees-mecaniques/l87485/","start_date":"1980"},"relations":[],"meta":{}},"geometry":{"type":"LineString","coordinates":[[6.6919557,46.3465873],[6.6902981,46.346017],[6.6891505,46.3460617],[6.6878977,46.3461105],[6.6863648,46.3461702],[6.6853521,46.3462096]]}},
{"type":"Feature","id":"way/55029916","properties":{"type":"way","id":55029916,"tags":{"aerialway":"drag_lift","aerialway:capacity":"900","aerialway:duration":"1:30","name":"Téléski du Talot","ref:FR:CAIRN":"741051","source":"cadastre-dgi-fr source : Direction Générale des Impôts - Cadastre. Mise à jour : 2010"},"relations":[],"meta":{}},"geometry":{"type":"LineString","coordinates":[[6.7016591,46.3463116],[6.7012343,46.3452454],[6.7009198,46.3444558]]}},
{"type":"Feature","id":"way/55033106","properties":{"type":"way","id":55033106,"tags":{"aerialway":"chair_lift","aerialway:capacity":"1800","aerialway:duration":"6.73","aerialway:occupancy":"4","manufacturer":"Poma","name":"Télésiège de Pelluaz","oneway":"yes","ref:FR:CAIRN":"740495","short_name":"TSF4 de la Pelluaz","source":"https://www.remontees-mecaniques.net/bdd/reportage-tsf4-de-la-pelluaz-poma-556.html","start_date":"1988"},"relations":[],"meta":{}},"geometry":{"type":"LineString","coordinates":[[6.7078041,46.3409775],[6.7079871,46.3409194],[6.7086054,46.3407229],[6.7101107,46.3402446],[6.7112189,46.3399436],[6.7132875,46.3393343],[6.7133614,46.339312],[6.7156052,46.338636],[6.7156933,46.3386095],[6.7157685,46.3385868],[6.7159103,46.3385441]]}},
{"type":"Feature","id":"way/55037927","properties":{"type":"way","id":55037927,"tags":{"aerialway":"gondola","aerialway:occupancy":"6","name":"Essert","ref:FR:CAIRN":"740104","source":"cadastre-dgi-fr source : Direction Générale des Impôts - Cadastre. Mise à jour : 2010"},"relations":[],"meta":{}},"geometry":{"type":"LineString","coordinates":[[6.7210793,46.2756646],[6.7204824,46.2752578],[6.7198397,46.2748197],[6.719338,46.2744778],[6.717881,46.2734848],[6.7174739,46.2732073],[6.7166399,46.2726388],[6.7152574,46.2716965],[6.7125385,46.2698433],[6.7101952,46.268246],[6.707969,46.2667286],[6.7072874,46.2662639],[6.7053045,46.2649697]]}},
{"type":"Feature","id":"way/55038474","properties":{"type":"way","id":55038474,"tags":{"aerialway":"platter","aerialway:bubble":"no","aerialway:heating":"no","name":"Corne 2","ref:FR:CAIRN":"740274"},"relations":[],"meta":{}},"geometry":{"type":"LineString","coordinates":[[6.7051845,46.2636311],[6.6992707,46.2590955],[6.695646,46.2587276]]}},
{"type":"Feature","id":"way/96360500","properties":{"type":"way","id":96360500,"tags":{"aerialway":"chair_lift","aerialway:duration":"7:10","aerialway:occupancy":"3","name":"Atray","ref:FR:CAIRN":"740435","source":"Bing"},"relations":[],"meta":{}},"geometry":{"type":"LineString","coordinates":[[6.7014466,46.1728003],[6.7005716,46.1723836],[6.6993202,46.1717877],[6.6987193,46.1715015],[6.697337,46.1708433],[6.6957753,46.1700995],[6.6949651,46.1697137],[6.6947602,46.1696161],[6.6930853,46.1688184],[6.6929335,46.1687461]]}},
{"type":"Feature","id":"way/96366493","properties":{"type":"way","id":96366493,"tags":{"aerialway":"chair_lift","aerialway:duration":"10","aerialway:occupancy":"4","name":"Pointe de Nyon","ref:FR:CAIRN":"740114","source":"Bing"},"relations":[],"meta":{}},"geometry":{"type":"LineString","coordinates":[[6.712486,46.1579415],[6.7128958,46.1574886],[6.7137744,46.1566094],[6.7142218,46.1561119],[6.7146721,46.1556434],[6.7153129,46.1549945],[6.7166446,46.1536459],[6.7172742,46.1530082],[6.7186469,46.151676],[6.7192331,46.1510727],[6.7193034,46.1510007],[6.7193662,46.1509364],[6.7204068,46.1498704],[6.7216358,46.1486218],[6.7224068,46.1478214],[6.7224324,46.1477949],[6.7224629,46.1477631],[6.7225398,46.1476833]]}},
{"type":"Feature","id":"way/107511284","properties":{"type":"way","id":107511284,"tags":{"aerialway":"chair_lift","aerialway:capacity":"1350","aerialway:occupancy":"3","name":"Praz l'Évèque","oneway":"yes","ref:FR:CAIRN":"740187"},"relations":[],"meta":{}},"geometry":{"type":"LineString","coordinates":[[6.5913933,46.1556918],[6.5912789,46.1557377],[6.590791,46.155946],[6.5897474,46.156442],[6.5887664,46.1568593],[6.5866393,46.1578314],[6.58525,46.1584663],[6.5842424,46.1589268],[6.5828572,46.159554],[6.5820765,46.1599003],[6.5818381,46.1600043]]}},
{"type":"Feature","id":"way/132119392","properties":{"type":"way","id":132119392,"tags":{"aerialway":"zip_line","contact:website":"http://info.chatel.com/la-piste-de-bob-luges-de-chatel.html","name":"Fantasticable"},"relations":[],"meta":{}},"geometry":{"type":"LineString","coordinates":[[6.7920341,46.2111616],[6.7953878,46.2150817],[6.8000566,46.2205386]]}},
{"type":"Feature","id":"way/132119393","properties":{"type":"way","id":132119393,"tags":{"aerialway":"zip_line","contact:website":"http://info.chatel.com/la-piste-de-bob-luges-de-chatel.html","name":"Fantasticable"},"relations":[],"meta":{}},"geometry":{"type":"LineString","coordinates":[[6.8002372,46.2202769],[6.7836089,46.2214696]]}},
{"type":"Feature","id":"way/147294521","properties":{"type":"way","id":147294521,"tags":{"aerialway":"chair_lift","aerialway:bubble":"no","aerialway:capacity":"1100","aerialway:detachable":"no","aerialway:duration":"6","aerialway:heating":"no","aerialway:length":"830","aerialway:occupancy":"2","manufacturer":"Montaz Mautino","name":"Grande Ourse","opening_hours":"09:15-16:00","ref:FR:CAIRN":"740618","source":"GPS","start_date":"1980"},"relations":[],"meta":{}},"geometry":{"type":"LineString","coordinates":[[6.6600917,46.1662795],[6.6599107,46.1663419],[6.6593041,46.1665511],[6.657724,46.1670964],[6.6568904,46.1673906],[6.6558058,46.1677744],[6.6544995,46.1682098],[6.6535785,46.1685301],[6.6520323,46.1690471],[6.651139,46.1693531],[6.6508513,46.169441]]}},
{"type":"Feature","id":"way/147476688","properties":{"type":"way","id":147476688,"tags":{"aerialway":"drag_lift","aerialway:capacity":"700","aerialway:duration":"2","name":"Vieux Chêne","ref:FR:CAIRN":"740145"},"relations":[],"meta":{}},"geometry":{"type":"LineString","coordinates":[[6.6678884,46.156648],[6.6680486,46.1565391],[6.6685118,46.1562241],[6.6692535,46.1556775],[6.6698219,46.1552701]]}},
{"type":"Feature","id":"way/147533117","properties":{"type":"way","id":147533117,"tags":{"aerialway":"drag_lift","aerialway:capacity":"700","aerialway:duration":"1.5","name":"Boule de Gomme","ref:FR:CAIRN":"740015"},"relations":[],"meta":{}},"geometry":{"type":"LineString","coordinates":[[6.669318,46.1572257],[6.6705936,46.1567271],[6.6714885,46.1563716],[6.6725836,46.15596]]}},
{"type":"Feature","id":"way/147533118","properties":{"type":"way","id":147533118,"tags":{"aerialway":"drag_lift","aerialway:capacity":"600","aerialway:duration":"3.5","name":"Mouille au Roy","ref:FR:CAIRN":"740215"},"relations":[],"meta":{}},"geometry":{"type":"LineString","coordinates":[[6.6875985,46.1503047],[6.6879296,46.1500877],[6.688746,46.1495314],[6.6896876,46.1488904],[6.6903226,46.1484589],[6.6908592,46.1481246],[6.6914112,46.1479509],[6.6922852,46.1477043],[6.6929959,46.1475078],[6.6934442,46.1473765]]}},
{"type":"Feature","id":"way/149425684","properties":{"type":"way","id":149425684,"tags":{"aerialway":"drag_lift","name":"Coqs 2","ref:FR:CAIRN":"740361"},"relations":[],"meta":{}},"geometry":{"type":"LineString","coordinates":[[6.8530656,46.2663514],[6.8538318,46.2660185],[6.8546495,46.2656631],[6.8559734,46.2650877],[6.8571172,46.2645906],[6.8585114,46.2639846],[6.8596859,46.2634741],[6.8602163,46.2632436]]}},
{"type":"Feature","id":"way/150330000","properties":{"type":"way","id":150330000,"tags":{"aerialway":"drag_lift","aerialway:capacity":"600","aerialway:duration":"2.5","aerialway:length":"698","manufacturer":"Montaz Mautino","name":"La Pointe","ref:FR:CAIRN":"740004","seasonal":"winter","start_date":"1964"},"relations":[],"meta":{}},"geometry":{"type":"LineString","coordinates":[[6.6523065,46.1665836],[6.6521216,46.1666624],[6.6512039,46.1670534],[6.6502612,46.167455],[6.6497937,46.1676542],[6.6491105,46.1679453],[6.6484741,46.1682165],[6.6478625,46.168477],[6.6476269,46.1685774],[6.6471883,46.1687502]]}},
{"type":"Feature","id":"way/151490329","properties":{"type":"way","id":151490329,"tags":{"aerialway":"platter","aerialway:bubble":"no","aerialway:heating":"no","alt_name":"Covagny","name":"Petit Covagny","ref:FR:CAIRN":"740575"},"relations":[],"meta":{}},"geometry":{"type":"LineString","coordinates":[[6.7075652,46.26459],[6.7055588,46.2647773]]}},
{"type":"Feature","id":"way/151490330","properties":{"type":"way","id":151490330,"tags":{"aerialway":"platter","aerialway:bubble":"no","aerialway:heating":"no","alt_name":"Pointe de Fremoux","name":"Grand Frémoux","ref:FR:CAIRN":"740397"},"relations":[],"meta":{}},"geometry":{"type":"LineString","coordinates":[[6.7042278,46.2643549],[6.7003902,46.2651412],[6.6942445,46.2661681],[6.6924094,46.2671694],[6.690506,46.2682175]]}},
{"type":"Feature","id":"way/151490331","properties":{"type":"way","id":151490331,"tags":{"aerialway":"platter","aerialway:bubble":"no","aerialway:heating":"no","name":"Petit Frémoux","ref:FR:CAIRN":"740108"},"relations":[],"meta":{}},"geometry":{"type":"LineString","coordinates":[[6.7049888,46.265147],[6.7011664,46.2663258],[6.6993801,46.2662436]]}},
{"type":"Feature","id":"way/151490332","properties":{"type":"way","id":151490332,"tags":{"aerialway":"platter","aerialway:bubble":"no","aerialway:heating":"no","name":"Lac","ref:FR:CAIRN":"740398"},"relations":[],"meta":{}},"geometry":{"type":"LineString","coordinates":[[6.7113215,46.2629697],[6.7019397,46.2594828]]}},
{"type":"Feature","id":"way/151647586","properties":{"type":"way","id":151647586,"tags":{"aerialway":"platter","name":"Géant"},"relations":[],"meta":{}},"geometry":{"type":"LineString","coordinates":[[6.8511036,46.2371432],[6.8466342,46.237478],[6.8462303,46.2374839],[6.8460366,46.2375228]]}},
{"type":"Feature","id":"way/164049415","properties":{"type":"way","id":164049415,"tags":{"aerialway":"chair_lift","aerialway:capacity":"1750","aerialway:occupancy":"4","name":"Télésiège du Parchet","oneway":"yes","ref:FR:CAIRN":"741032"},"relations":[],"meta":{}},"geometry":{"type":"LineString","coordinates":[[6.7303148,46.3790679],[6.7310194,46.3786518],[6.7319648,46.3780798],[6.7331609,46.3773667],[6.7340841,46.3768057],[6.7349199,46.3763089],[6.7358574,46.3757467],[6.736962,46.375086],[6.737507,46.374759],[6.7387756,46.3739908],[6.7397972,46.3733733],[6.7409712,46.3726705],[6.7417156,46.372223],[6.7421444,46.3719709],[6.742393,46.3718214]]}},
{"type":"Feature","id":"way/197938604","properties":{"type":"way","id":197938604,"tags":{"aerialway":"platter","name":"Sépaya 1"},"relations":[],"meta":{}},"geometry":{"type":"LineString","coordinates":[[6.8725627,46.2124908],[6.863243,46.2096456]]}},
{"type":"Feature","id":"way/198298433","properties":{"type":"way","id":198298433,"tags":{"aerialway":"chair_lift","aerialway:capacity":"2400","aerialway:occupancy":"6","name":"Bochasses"},"relations":[],"meta":{}},"geometry":{"type":"LineString","coordinates":[[6.8717572,46.2182128],[6.8715325,46.2182],[6.8705437,46.2181433],[6.8690927,46.2180601],[6.8675462,46.2179715],[6.8663319,46.2179019],[6.8639319,46.2177643],[6.8622663,46.2176689],[6.8614653,46.2176229],[6.8595543,46.2175134],[6.8578083,46.2174133],[6.8555728,46.2172852],[6.8543301,46.217214],[6.8523849,46.2171025],[6.8508987,46.2170173],[6.8507371,46.217008]]}},
{"type":"Feature","id":"way/203618751","properties":{"type":"way","id":203618751,"tags":{"aerialway":"drag_lift","aerialway:capacity":"900","aerialway:duration":"7","length":"1328","name":"Tête des Crêts","ref:FR:CAIRN":"740091","website":"https://www.youtube.com/watch?v=scigkh_N4tg"},"relations":[],"meta":{}},"geometry":{"type":"LineString","coordinates":[[6.6875302,46.1502696],[6.6878617,46.1500356],[6.6886769,46.1494771],[6.6896284,46.148835],[6.6902631,46.1484065],[6.6907653,46.1480638],[6.6914654,46.1476042],[6.6921614,46.1471251],[6.6929049,46.1466133],[6.6941135,46.1457928],[6.6945284,46.1449356],[6.6949545,46.1440785],[6.6951109,46.1432662],[6.6953025,46.1423887],[6.6954769,46.1415082],[6.6955545,46.1411161],[6.6956433,46.1406004]]}},
{"type":"Feature","id":"way/225288644","properties":{"type":"way","id":225288644,"tags":{"aerialway":"cable_car","aerialway:capacity":"2000","aerialway:duration":"4","aerialway:occupancy":"35","bicycle":"yes","name":"Prodains Express","ref:FR:CAIRN":"741045"},"relations":[],"meta":{}},"geometry":{"type":"LineString","coordinates":[[6.7559532,46.1889283],[6.7567003,46.1888763],[6.7582662,46.1887469],[6.7631767,46.1883409],[6.7682067,46.18793],[6.7748109,46.1873975]]}},
{"type":"Feature","id":"way/255406998","properties":{"type":"way","id":255406998,"tags":{"aerialway":"platter","aerialway:capacity":"900","aerialway:occupancy":"1","name":"Phébus","ref:FR:CAIRN":"740574"},"relations":[],"meta":{}},"geometry":{"type":"LineString","coordinates":[[6.7317827,46.3783187],[6.7379571,46.375089]]}},
{"type":"Feature","id":"way/255407019","properties":{"type":"way","id":255407019,"tags":{"aerialway":"platter","aerialway:capacity":"680","name":"Tétras","ref:FR:CAIRN":"740326"},"relations":[],"meta":{}},"geometry":{"type":"LineString","coordinates":[[6.7226704,46.3781541],[6.7211232,46.3733544]]}},
{"type":"Feature","id":"way/255407034","properties":{"type":"way","id":255407034,"tags":{"aerialway":"platter","aerialway:capacity":"880","aerialway:occupancy":"1","alt_name":"Téléski du Mottay 1","name":"Mottet 1","ref:FR:CAIRN":"740366"},"relations":[],"meta":{}},"geometry":{"type":"LineString","coordinates":[[6.7261882,46.3785038],[6.7271666,46.3747545]]}},
{"type":"Feature","id":"way/255407041","properties":{"type":"way","id":255407041,"tags":{"aerialway":"platter","aerialway:capacity":"900","aerialway:occupancy":"1","name":"Mottet 2","ref:FR:CAIRN":"740563"},"relations":[],"meta":{}},"geometry":{"type":"LineString","coordinates":[[6.7261263,46.3784948],[6.726502,46.3770023],[6.7270711,46.3747417]]}},
{"type":"Feature","id":"way/255407052","properties":{"type":"way","id":255407052,"tags":{"aerialway":"platter","aerialway:capacity":"585","aerialway:occupancy":"1","name":"École","ref:FR:CAIRN":"740121"},"relations":[],"meta":{}},"geometry":{"type":"LineString","coordinates":[[6.7296561,46.3774884],[6.7296345,46.3757555]]}},
{"type":"Feature","id":"way/258169034","properties":{"type":"way","id":258169034,"tags":{"aerialway":"platter","aerialway:capacity":"700","name":"Chevaly 1"},"relations":[],"meta":{}},"geometry":{"type":"LineString","coordinates":[[6.5922937,46.1478005],[6.5908999,46.1445157]]}},
{"type":"Feature","id":"way/258351795","properties":{"type":"way","id":258351795,"tags":{"aerialway":"platter","aerialway:capacity":"900","name":"Brésy","ref:FR:CAIRN":"740258"},"relations":[],"meta":{}},"geometry":{"type":"LineString","coordinates":[[6.5907826,46.138027],[6.5865424,46.1396472],[6.5816541,46.140878]]}},
{"type":"Feature","id":"way/258351796","properties":{"type":"way","id":258351796,"tags":{"aerialway":"platter","aerialway:capacity":"700","name":"Canevet","ref:FR:CAIRN":"740382"},"relations":[],"meta":{}},"geometry":{"type":"LineString","coordinates":[[6.592718,46.1390805],[6.591684,46.1414478],[6.5918658,46.1426651]]}},
{"type":"Feature","id":"way/258351797","properties":{"type":"way","id":258351797,"tags":{"aerialway":"platter","aerialway:capacity":"900","name":"Hôtel","ref:FR:CAIRN":"740259"},"relations":[],"meta":{}},"geometry":{"type":"LineString","coordinates":[[6.597147,46.1353799],[6.5963689,46.1377058],[6.5947511,46.1396951],[6.5940565,46.1405492],[6.5931315,46.1416866],[6.592765,46.1421372],[6.5921881,46.1427417]]}},
{"type":"Feature","id":"way/258351798","properties":{"type":"way","id":258351798,"tags":{"aerialway":"platter","aerialway:capacity":"900","name":"Jora","ref:FR:CAIRN":"740461"},"relations":[],"meta":{}},"geometry":{"type":"LineString","coordinates":[[6.5955566,46.1432503],[6.5922952,46.1434215]]}},
{"type":"Feature","id":"way/262662017","properties":{"type":"way","id":262662017,"tags":{"aerialway":"platter","aerialway:capacity":"500","name":"Planey","ref:FR:CAIRN":"740260"},"relations":[],"meta":{}},"geometry":{"type":"LineString","coordinates":[[6.5955631,46.1346159],[6.5954778,46.1343646],[6.5951738,46.133469],[6.5949235,46.1327313],[6.5946726,46.1319922],[6.5945362,46.1315902],[6.5941693,46.1305092],[6.5940348,46.130113],[6.5934178,46.1296458],[6.5928748,46.1292347],[6.5924407,46.1291453],[6.592787,46.1293555],[6.5940348,46.130113]]}},
{"type":"Feature","id":"way/266708581","properties":{"type":"way","id":266708581,"tags":{"aerialway":"drag_lift","aerialway:capacity":"900","aerialway:duration":"1:50","manufacturer":"Poma","name":"Télésiège du Bécrêt","short_name":"TK du Bécret","source":"https://www.skiresort.fr/domaine-skiable/bernex/remontees-mecaniques/l87487/","start_date":"1989"},"relations":[],"meta":{}},"geometry":{"type":"LineString","coordinates":[[6.7033045,46.3523334],[6.700112,46.3507959]]}},
{"type":"Feature","id":"way/266711299","properties":{"type":"way","id":266711299,"tags":{"aerialway":"chair_lift","aerialway:capacity":"1450","aerialway:duration":"6.73","aerialway:occupancy":"4","manufacturer":"Gimar Montaz-Mautino","name":"Télésiège du Petit Combet","oneway":"yes","ref:FR:CAIRN":"741130","short_name":"TSF4 du Petit Combet","source":"https://www.remontees-mecaniques.net/bdd/reportage-tsf4-du-petit-combet-gmm-7526.html","start_date":"2018"},"relations":[],"meta":{}},"geometry":{"type":"LineString","coordinates":[[6.7024013,46.3466907],[6.7023849,46.3465024],[6.7023311,46.3458835],[6.7022176,46.3445772],[6.7021494,46.3437934],[6.7020719,46.3429018],[6.7019649,46.3416701],[6.7018352,46.3401787],[6.7017377,46.3390574],[6.701667,46.3382438],[6.7016469,46.3380123]]}},
{"type":"Feature","id":"way/266712257","properties":{"type":"way","id":266712257,"tags":{"aerialway":"platter","aerialway:capacity":"800","aerialway:duration":"1.16","manufacturer":"Gimar Montaz-Mautino","name":"Téléski de la Lèche","short_name":"TKE de la Lèche","source":"https://www.remontees-mecaniques.net/bdd/reportage-tke-de-la-leche-gmm-7511.html","start_date":"2015"},"relations":[],"meta":{}},"geometry":{"type":"LineString","coordinates":[[6.7000296,46.3459568],[6.6993925,46.3458163],[6.6986556,46.3456557],[6.69829,46.345576]]}},
{"type":"Feature","id":"way/266715812","properties":{"type":"way","id":266715812,"tags":{"aerialway":"drag_lift","aerialway:capacity":"500","aerialway:duration":"1","manufacturer":"Poma","name":"Téléski de la Mouille","ref:FR:CAIRN":"740896","short_name":"TKF Mouille","start_date":"2003"},"relations":[],"meta":{}},"geometry":{"type":"LineString","coordinates":[[6.6892238,46.3559641],[6.6893985,46.3555879],[6.6895699,46.3552192],[6.689641,46.3550662]]}},
{"type":"Feature","id":"way/280175705","properties":{"type":"way","id":280175705,"tags":{"aerialway":"platter","aerialway:capacity":"900","aerialway:duration":"2","manufacturer":"Poma","manufacturer:wikidata":"Q2103240","name":"Château","ref:FR:CAIRN":"740735","start_date":"1989"},"relations":[],"meta":{}},"geometry":{"type":"LineString","coordinates":[[6.658648,46.14904],[6.658806,46.1489459],[6.6596215,46.14846],[6.6602083,46.1481104],[6.6606728,46.1478337],[6.6613532,46.1474691],[6.6621632,46.1470678],[6.6626972,46.1467671],[6.6628625,46.1466729]]}},
{"type":"Feature","id":"way/280176510","properties":{"type":"way","id":280176510,"tags":{"aerialway":"platter","name":"Poireaux 2","ref:FR:CAIRN":"740531"},"relations":[],"meta":{}},"geometry":{"type":"LineString","coordinates":[[6.7125827,46.1569112],[6.713592,46.1547526]]}},
{"type":"Feature","id":"way/280176511","properties":{"type":"way","id":280176511,"tags":{"aerialway":"platter","name":"Poireaux 1","ref:FR:CAIRN":"740530"},"relations":[],"meta":{}},"geometry":{"type":"LineString","coordinates":[[6.7126149,46.1569178],[6.7136797,46.1547789]]}},
{"type":"Feature","id":"way/286275367","properties":{"type":"way","id":286275367,"tags":{"aerialway":"chair_lift","aerialway:occupancy":"4","name":"Nabor","ref:FR:CAIRN":"740919"},"relations":[],"meta":{}},"geometry":{"type":"LineString","coordinates":[[6.6888135,46.1701862],[6.6890587,46.1699055],[6.6895008,46.1693995],[6.6903597,46.1684163],[6.6904857,46.1682721],[6.6908977,46.1678005],[6.6915783,46.1670215],[6.6920007,46.1665379],[6.6921979,46.1663122]]}},
{"type":"Feature","id":"way/288892180","properties":{"type":"way","id":288892180,"tags":{"aerialway":"chair_lift","aerialway:duration":"5:20","name":"Chargeau","ref:FR:CAIRN":"740587","year_of_construction":"1979"},"relations":[],"meta":{}},"geometry":{"type":"LineString","coordinates":[[6.6244991,46.2037647],[6.6249621,46.204046],[6.625831,46.2045472],[6.6272746,46.2054252],[6.6281241,46.2059419],[6.6290093,46.2064804],[6.6294163,46.2067279],[6.6296275,46.2068564]]}},
{"type":"Feature","id":"way/288893232","properties":{"type":"way","id":288893232,"tags":{"aerialway":"chair_lift","aerialway:duration":"10","aerialway:occupancy":"3","name":"Graydon","year_of_construction":"1979"},"relations":[],"meta":{}},"geometry":{"type":"LineString","coordinates":[[6.6239976,46.2034036],[6.6235847,46.2032386],[6.622577,46.2028358],[6.6218134,46.2025306],[6.620665,46.2020715],[6.6194781,46.2015971],[6.6188681,46.2013533],[6.6174962,46.2008049],[6.615991,46.2002033],[6.6150333,46.1998204],[6.6138629,46.1993526],[6.6127685,46.1989151],[6.6125981,46.198847]]}},
{"type":"Feature","id":"way/295651443","properties":{"type":"way","id":295651443,"tags":{"aerialway":"platter","name":"Bouchet"},"relations":[],"meta":{}},"geometry":{"type":"LineString","coordinates":[[6.7058274,46.176951],[6.7050189,46.1765632],[6.7040223,46.1761505]]}},
{"type":"Feature","id":"way/295651444","properties":{"type":"way","id":295651444,"tags":{"aerialway":"platter","name":"Mas Verjus","ref:FR:CAIRN":"740009"},"relations":[],"meta":{}},"geometry":{"type":"LineString","coordinates":[[6.7044487,46.1782696],[6.7033436,46.1776716]]}},
{"type":"Feature","id":"way/297428605","properties":{"type":"way","id":297428605,"tags":{"aerialway":"platter","aerialway:duration":"2:50","name":"Bray","ref:FR:CAIRN":"740440","year_of_construction":"1976"},"relations":[],"meta":{}},"geometry":{"type":"LineString","coordinates":[[6.6321726,46.214184],[6.6320881,46.2138392],[6.6319248,46.2132722],[6.6317361,46.2125864],[6.6315982,46.2120506],[6.6315109,46.211698]]}},
{"type":"Feature","id":"way/297428606","properties":{"type":"way","id":297428606,"tags":{"aerialway":"platter","aerialway:duration":"6","name":"Esserailloux","ref:FR:CAIRN":"740395","year_of_construction":"1975"},"relations":[],"meta":{}},"geometry":{"type":"LineString","coordinates":[[6.6405357,46.2183759],[6.6403092,46.2179266],[6.6399213,46.2172228],[6.6395667,46.2165466],[6.638999,46.2155489],[6.6385761,46.2148462],[6.6370211,46.2141942],[6.6364235,46.21394],[6.6354628,46.2135294],[6.6346187,46.2131804],[6.6331702,46.2125617],[6.6327457,46.2123912]]}},
{"type":"Feature","id":"way/315824148","properties":{"type":"way","id":315824148,"tags":{"aerialway":"chair_lift","aerialway:capacity":"2000","aerialway:duration":"10","aerialway:occupancy":"4","alt_name":"TSF4 du Torchon","fee":"yes","manufacturer":"Montaz Mautino","name":"Torchon","ref:FR:CAIRN":"740701","start_date":"1987"},"relations":[],"meta":{}},"geometry":{"type":"LineString","coordinates":[[6.5765092,46.2094974],[6.5771807,46.2095561],[6.5776776,46.2095995],[6.5787355,46.209692],[6.5800028,46.2098028],[6.5817637,46.2099568],[6.58357,46.2101147],[6.5841075,46.2101617],[6.5843888,46.2101863],[6.5854645,46.2102803],[6.5869006,46.2104059],[6.5877188,46.2104774],[6.5878764,46.2104912],[6.5893898,46.2106235],[6.5896781,46.2106487]]}},
{"type":"Feature","id":"way/315824149","properties":{"type":"way","id":315824149,"tags":{"aerialway":"platter","aerialway:capacity":"900","aerialway:duration":"3:20","alt_name":"TKD des Follys I","fee":"yes","manufacturer":"Montaz Mautino","name":"Follys 1","start_date":"1987"},"relations":[],"meta":{}},"geometry":{"type":"LineString","coordinates":[[6.5921568,46.2105639],[6.5934696,46.2104407],[6.5946886,46.2103233],[6.5959526,46.2101969],[6.5972267,46.2100823],[6.5985893,46.2099649]]}},
{"type":"Feature","id":"way/316300475","properties":{"type":"way","id":316300475,"tags":{"aerialway":"magic_carpet","name":"Ludoffaz","source":"BDOrtho"},"relations":[],"meta":{}},"geometry":{"type":"LineString","coordinates":[[6.7178325,46.2791046],[6.7179155,46.2781896]]}},
{"type":"Feature","id":"way/317020631","properties":{"type":"way","id":317020631,"tags":{"aerialway":"platter","name":"Terchette","ref:FR:CAIRN":"740396"},"relations":[],"meta":{}},"geometry":{"type":"LineString","coordinates":[[6.6313429,46.2142762],[6.6303774,46.2126431]]}},
{"type":"Feature","id":"way/317023889","properties":{"type":"way","id":317023889,"tags":{"aerialway":"magic_carpet","name":"Platais","ref:FR:CAIRN":"741007"},"relations":[],"meta":{}},"geometry":{"type":"LineString","coordinates":[[6.6851203,46.1492203],[6.6858862,46.148714]]}},
{"type":"Feature","id":"way/317023890","properties":{"type":"way","id":317023890,"tags":{"aerialway":"magic_carpet"},"relations":[],"meta":{}},"geometry":{"type":"LineString","coordinates":[[6.6851811,46.1476722],[6.6860427,46.1473099]]}},
{"type":"Feature","id":"way/317023891","properties":{"type":"way","id":317023891,"tags":{"aerialway":"drag_lift","aerialway:capacity":"800","name":"Grand Cry","ref:FR:CAIRN":"740559"},"relations":[],"meta":{}},"geometry":{"type":"LineString","coordinates":[[6.686745,46.1456706],[6.6873472,46.1456912],[6.6883466,46.1457255],[6.6892548,46.1457566],[6.6906622,46.1458048]]}},
{"type":"Feature","id":"way/317027023","properties":{"type":"way","id":317027023,"tags":{"aerialway":"platter","aerialway:capacity":"600","aerialway:duration":"2","alt_name":"Téléski des Écoles","name":"Écoles 2","ref:FR:CAIRN":"740501"},"relations":[],"meta":{}},"geometry":{"type":"LineString","coordinates":[[6.7702217,46.1946043],[6.7707426,46.1949206],[6.7711706,46.1951972],[6.7716383,46.1955056],[6.7722778,46.1959301],[6.7724097,46.1960149]]}},
{"type":"Feature","id":"way/317027129","properties":{"type":"way","id":317027129,"tags":{"aerialway":"drag_lift","name":"Dromonts 1","ref:FR:CAIRN":"740311"},"relations":[],"meta":{}},"geometry":{"type":"LineString","coordinates":[[6.7764702,46.1906255],[6.7741872,46.1921815]]}},
{"type":"Feature","id":"way/317027261","properties":{"type":"way","id":317027261,"tags":{"aerialway":"platter","aerialway:capacity":"800","aerialway:duration":"2","name":"Barmettes","ref:FR:CAIRN":"740302"},"relations":[],"meta":{}},"geometry":{"type":"LineString","coordinates":[[6.7783758,46.206736],[6.779225,46.2065953],[6.7801768,46.2064369],[6.7811133,46.2062848],[6.7814724,46.2062265]]}},
{"type":"Feature","id":"way/317027562","properties":{"type":"way","id":317027562,"tags":{"aerialway":"drag_lift","name":"Arare 1","ref:FR:CAIRN":"740222"},"relations":[],"meta":{}},"geometry":{"type":"LineString","coordinates":[[6.779485,46.1801142],[6.779064,46.1779619],[6.7802391,46.1759928],[6.7812437,46.173109]]}},
{"type":"Feature","id":"way/317029538","properties":{"type":"way","id":317029538,"tags":{"aerialway":"platter","name":"Poussinets","ref:FR:CAIRN":"740878"},"relations":[],"meta":{}},"geometry":{"type":"LineString","coordinates":[[6.8579438,46.2685474],[6.8583164,46.2686373],[6.8587036,46.2687307],[6.8589737,46.2687958]]}},
{"type":"Feature","id":"way/317029539","properties":{"type":"way","id":317029539,"tags":{"aerialway":"drag_lift","name":"Débutants","ref:FR:CAIRN":"740548"},"relations":[],"meta":{}},"geometry":{"type":"LineString","coordinates":[[6.8588396,46.2679281],[6.8594208,46.26784],[6.8606394,46.2676553],[6.8609559,46.2676073]]}},
{"type":"Feature","id":"way/317029540","properties":{"type":"way","id":317029540,"tags":{"aerialway":"drag_lift","name":"Poussins","ref:FR:CAIRN":"740879"},"relations":[],"meta":{}},"geometry":{"type":"LineString","coordinates":[[6.8581127,46.2678613],[6.8584847,46.2680234],[6.858876,46.2681939],[6.859368,46.2684083]]}},
{"type":"Feature","id":"way/317029541","properties":{"type":"way","id":317029541,"tags":{"aerialway":"magic_carpet","name":"Super-Châtel","oneway":"yes","ref:FR:CAIRN":"740790"},"relations":[],"meta":{}},"geometry":{"type":"LineString","coordinates":[[6.8568441,46.2692519],[6.8576836,46.2679819]]}},
{"type":"Feature","id":"way/317029559","properties":{"type":"way","id":317029559,"tags":{"aerialway":"platter","name":"Coquelets"},"relations":[],"meta":{}},"geometry":{"type":"LineString","coordinates":[[6.8577323,46.2662616],[6.8580728,46.2661459],[6.8587339,46.2659213],[6.8595974,46.2656279]]}},
{"type":"Feature","id":"way/317254092","properties":{"type":"way","id":317254092,"tags":{"aerialway":"magic_carpet","name":"Viking","ref:FR:CAIRN":"741105"},"relations":[],"meta":{}},"geometry":{"type":"LineString","coordinates":[[6.6924146,46.1684146],[6.6926391,46.1677243]]}},
{"type":"Feature","id":"way/317312454","properties":{"type":"way","id":317312454,"tags":{"aerialway":"platter","name":"Pré-la-Vieille"},"relations":[],"meta":{}},"geometry":{"type":"LineString","coordinates":[[6.8719621,46.2725685],[6.8719026,46.2724148],[6.8716998,46.2718907],[6.8714125,46.2711486],[6.8711659,46.2705113],[6.8701677,46.2691954],[6.8694382,46.2682337]]}},
{"type":"Feature","id":"way/317444742","properties":{"type":"way","id":317444742,"tags":{"aerialway":"drag_lift","name":"Dahu","ref:FR:CAIRN":"740380"},"relations":[],"meta":{}},"geometry":{"type":"LineString","coordinates":[[6.7819771,46.2925554],[6.7812838,46.2910418]]}},
{"type":"Feature","id":"way/317447558","properties":{"type":"way","id":317447558,"tags":{"aerialway":"platter","name":"Corne 1"},"relations":[],"meta":{}},"geometry":{"type":"LineString","coordinates":[[6.7051154,46.2636564],[6.7005092,46.2601627]]}},
{"type":"Feature","id":"way/325533218","properties":{"type":"way","id":325533218,"tags":{"aerialway":"chair_lift","aerialway:bubble":"no","aerialway:capacity":"2200","aerialway:duration":"5","aerialway:heating":"no","aerialway:occupancy":"6","name":"Télésiège des Portes du Soleil","ref:FR:CAIRN":"741071"},"relations":[],"meta":{}},"geometry":{"type":"LineString","coordinates":[[6.8436736,46.2550995],[6.8437844,46.2552416],[6.844509,46.2561709],[6.8454651,46.2573972],[6.8459491,46.2580179],[6.8469583,46.2593121],[6.8472581,46.2596966],[6.847621,46.260162],[6.8484436,46.2612168],[6.8504664,46.2638109],[6.8506342,46.2640261],[6.851131,46.2646631],[6.8518492,46.2655841],[6.852129,46.2659428],[6.8523057,46.2661735]]}},
{"type":"Feature","id":"way/325533365","properties":{"type":"way","id":325533365,"tags":{"aerialway":"chair_lift","aerialway:bubble":"no","aerialway:capacity":"1800","aerialway:duration":"3.5","aerialway:heating":"no","aerialway:occupancy":"4","name":"Gabelou","oneway":"no","ref:FR:CAIRN":"741072"},"relations":[],"meta":{}},"geometry":{"type":"LineString","coordinates":[[6.8430504,46.2548604],[6.8423145,46.254712],[6.8414779,46.2545434],[6.8400447,46.2542544],[6.839822,46.2542095],[6.8395993,46.2541646],[6.8381051,46.2538633],[6.8362557,46.2534904],[6.8346932,46.2531754],[6.8332418,46.2528828],[6.8320238,46.2526372],[6.8311569,46.2524624]]}},
{"type":"Feature","id":"way/327582926","properties":{"type":"way","id":327582926,"tags":{"aerialway":"platter","name":"Truche"},"relations":[],"meta":{}},"geometry":{"type":"LineString","coordinates":[[6.8620107,46.2245486],[6.861379,46.2243106],[6.8605268,46.2239895],[6.8600124,46.2237957],[6.8596797,46.2236704]]}},
{"type":"Feature","id":"way/327582927","properties":{"type":"way","id":327582927,"tags":{"aerialway":"chair_lift","aerialway:bubble":"no","aerialway:capacity":"1874","aerialway:occupancy":"4","name":"Pointe de l'Au"},"relations":[],"meta":{}},"geometry":{"type":"LineString","coordinates":[[6.8524235,46.1983326],[6.8522374,46.1983454],[6.8515246,46.1983982],[6.8500313,46.1985213],[6.8489965,46.1986164],[6.8479471,46.1987085],[6.8469152,46.1988049],[6.8453903,46.1989341],[6.8444089,46.1990193],[6.8433418,46.1991188],[6.8417773,46.1992584],[6.8413156,46.1993012],[6.841017,46.1993254]]}},
{"type":"Feature","id":"way/327585052","properties":{"type":"way","id":327585052,"tags":{"aerialway":"platter","name":"Gourtet"},"relations":[],"meta":{}},"geometry":{"type":"LineString","coordinates":[[6.863119,46.2248449],[6.8620329,46.2252361]]}},
{"type":"Feature","id":"way/332976755","properties":{"type":"way","id":332976755,"tags":{"aerialway":"platter","name":"Culet 2"},"relations":[],"meta":{}},"geometry":{"type":"LineString","coordinates":[[6.8711473,46.2478521],[6.8706925,46.2488127],[6.8701316,46.2499975],[6.8696888,46.2509327],[6.8694067,46.2515285],[6.868987,46.2524151],[6.8686793,46.2530649],[6.868313,46.2538384],[6.8677506,46.2550262],[6.8675564,46.2554364]]}},
{"type":"Feature","id":"way/332978785","properties":{"type":"way","id":332978785,"tags":{"aerialway":"rope_tow","name":"Snowly"},"relations":[],"meta":{}},"geometry":{"type":"LineString","coordinates":[[6.8508744,46.2371108],[6.8491738,46.2372314]]}},
{"type":"Feature","id":"way/332980818","properties":{"type":"way","id":332980818,"tags":{"aerialway":"platter","name":"Chalet Neuf 2"},"relations":[],"meta":{}},"geometry":{"type":"LineString","coordinates":[[6.8708261,46.2677714],[6.8707922,46.2668698],[6.8707587,46.2659784],[6.8706999,46.2644149],[6.8706723,46.2636786],[6.8706185,46.2622482],[6.8704432,46.2615645],[6.8703596,46.2612386],[6.8701912,46.2605818],[6.8700716,46.2601154],[6.8697366,46.258809],[6.8693599,46.2573397],[6.8692682,46.2569822],[6.868847,46.2553394],[6.8687462,46.2549463]]}},
{"type":"Feature","id":"way/333170100","properties":{"type":"way","id":333170100,"tags":{"aerialway":"rope_tow","name":"Chapelle"},"relations":[],"meta":{}},"geometry":{"type":"LineString","coordinates":[[6.839125,46.1854716],[6.838134,46.1844185]]}},
{"type":"Feature","id":"way/336811984","properties":{"type":"way","id":336811984,"tags":{"aerialway":"drag_lift","name":"Loy","ref:FR:CAIRN":"741200"},"relations":[],"meta":{}},"geometry":{"type":"LineString","coordinates":[[6.8321379,46.2584927],[6.8330349,46.257924]]}},
{"type":"Feature","id":"way/362159135","properties":{"type":"way","id":362159135,"tags":{"aerialway":"drag_lift","aerialway:capacity":"705","aerialway:duration":"1.13","name":"Prodains","ref:FR:CAIRN":"741057","source":"survey;GPS"},"relations":[],"meta":{}},"geometry":{"type":"LineString","coordinates":[[6.7526438,46.1894336],[6.7534268,46.188259]]}},
{"type":"Feature","id":"way/367575571","properties":{"type":"way","id":367575571,"tags":{"aerialway":"platter","aerialway:capacity":"620","name":"Pêche"},"relations":[],"meta":{}},"geometry":{"type":"LineString","coordinates":[[6.7298959,46.2624149],[6.7302452,46.2620143],[6.7308936,46.2612708]]}},
{"type":"Feature","id":"way/378209423","properties":{"type":"way","id":378209423,"tags":{"aerialway":"chair_lift","aerialway:bubble":"no","aerialway:duration":"6:20","aerialway:occupancy":"4","name":"Têtes","ref:FR:CAIRN":"741084","source":"http://m.webcam-hd.com/vallee-d-aulps/plateau-st-jean-d-aulps","year_of_construction":"2015"},"relations":[],"meta":{}},"geometry":{"type":"LineString","coordinates":[[6.6330406,46.2140004],[6.6327306,46.2134646],[6.6321745,46.2125032],[6.6318352,46.2118862],[6.631265,46.2109227],[6.6307215,46.209939],[6.6302288,46.2090542],[6.6296475,46.2080756],[6.6294237,46.207689],[6.6291633,46.2072609],[6.6290738,46.2070802]]}},
{"type":"Feature","id":"way/383430774","properties":{"type":"way","id":383430774,"tags":{"aerialway":"platter","aerialway:capacity":"900","aerialway:duration":"3:20","alt_name":"TKD des Follys II","fee":"yes","manufacturer":"Poma","name":"Follys 2","source":"http://winter.valleedaulps.com/images/info_pages/plan-pistes-sja-4930.pdf","start_date":"2016"},"relations":[],"meta":{}},"geometry":{"type":"LineString","coordinates":[[6.5921612,46.2106022],[6.5934858,46.2104897],[6.5946951,46.2103735],[6.5959623,46.2102554],[6.5972463,46.2101343],[6.5986636,46.2100554]]}},
{"type":"Feature","id":"way/389429866","properties":{"type":"way","id":389429866,"tags":{"aerialway":"zip_line","name":"Télébeune","operator":"Plage de la Beunaz"},"relations":[],"meta":{}},"geometry":{"type":"LineString","coordinates":[[6.6539722,46.3682159],[6.6556485,46.3680657]]}},
{"type":"Feature","id":"way/446569623","properties":{"type":"way","id":446569623,"tags":{"aerialway":"gondola","aerialway:bicycle":"no","aerialway:bubble":"yes","aerialway:capacity":"2200","aerialway:difference":"298","aerialway:duration":"4","aerialway:heating":"no","aerialway:occupancy":"9","name":"Ardent","ref:FR:CAIRN":"741010"},"relations":[],"meta":{}},"geometry":{"type":"LineString","coordinates":[[6.7609866,46.2137817],[6.7614141,46.2136343],[6.7619466,46.2134466],[6.7633249,46.2129787],[6.7650538,46.2123852],[6.7684474,46.2112247],[6.7690313,46.2110242],[6.7713289,46.2102491],[6.7734068,46.2095341],[6.7751937,46.2089245],[6.7762135,46.2085793],[6.7774787,46.2081432],[6.7777543,46.2080485],[6.7781291,46.2079166]]}},
{"type":"Feature","id":"way/593806449","properties":{"type":"way","id":593806449,"tags":{"aerialway":"magic_carpet"},"relations":[],"meta":{}},"geometry":{"type":"LineString","coordinates":[[6.8501637,46.3053887],[6.8501568,46.3051937]]}},
{"type":"Feature","id":"way/677468931","properties":{"type":"way","id":677468931,"tags":{"aerialway":"magic_carpet","covered":"yes","name":"Pré la Joux"},"relations":[],"meta":{}},"geometry":{"type":"LineString","coordinates":[[6.7902321,46.2358777],[6.7885315,46.234283]]}},
{"type":"Feature","id":"way/704966470","properties":{"type":"way","id":704966470,"tags":{"aerialway":"drag_lift","layer":"-1","name":"Dromonts 1","ref:FR:CAIRN":"740311","tunnel":"yes"},"relations":[],"meta":{}},"geometry":{"type":"LineString","coordinates":[[6.7741872,46.1921815],[6.7738764,46.1923934]]}},
{"type":"Feature","id":"way/704966471","properties":{"type":"way","id":704966471,"tags":{"aerialway":"platter","layer":"-1","name":"Dromonts 2","ref:FR:CAIRN":"740384","source":"GPS","tunnel":"yes"},"relations":[],"meta":{}},"geometry":{"type":"LineString","coordinates":[[6.7742456,46.1922219],[6.7739367,46.1924351]]}},
{"type":"Feature","id":"way/704966472","properties":{"type":"way","id":704966472,"tags":{"aerialway":"platter","name":"Dromonts 2","ref:FR:CAIRN":"740384","source":"GPS"},"relations":[],"meta":{}},"geometry":{"type":"LineString","coordinates":[[6.7739367,46.1924351],[6.7738722,46.1924796],[6.7733362,46.1928437],[6.7731431,46.1933041]]}},
{"type":"Feature","id":"way/704966473","properties":{"type":"way","id":704966473,"tags":{"aerialway":"drag_lift","name":"Dromonts 1","ref:FR:CAIRN":"740311"},"relations":[],"meta":{}},"geometry":{"type":"LineString","coordinates":[[6.7738764,46.1923934],[6.773815,46.1924352],[6.7732676,46.1927988],[6.7729873,46.1932602]]}},
{"type":"Feature","id":"way/750062606","properties":{"type":"way","id":750062606,"tags":{"aerialway":"drag_lift","name":"Arare 2","ref:FR:CAIRN":"740291"},"relations":[],"meta":{}},"geometry":{"type":"LineString","coordinates":[[6.7795703,46.1801047],[6.7791362,46.1779694],[6.7803329,46.1760122],[6.7813671,46.1731205]]}},
{"type":"Feature","id":"way/750062609","properties":{"type":"way","id":750062609,"tags":{"aerialway":"chair_lift","aerialway:capacity":"2500","aerialway:duration":"7","aerialway:occupancy":"6","name":"Cases","ref:FR:CAIRN":"741151"},"relations":[],"meta":{}},"geometry":{"type":"LineString","coordinates":[[6.7944225,46.1954926],[6.7953592,46.1950764],[6.7968742,46.1944007],[6.7989554,46.1934726],[6.8001212,46.1929527],[6.8030575,46.1916432],[6.8039696,46.1912364],[6.8046155,46.1909483],[6.8050616,46.1907494],[6.8056945,46.1904671],[6.8071553,46.1898156],[6.8074139,46.1897002],[6.8091155,46.1889413],[6.8108212,46.1881806],[6.8126852,46.1873492],[6.8146767,46.186461],[6.8158529,46.1859363],[6.8162753,46.1857457]]}},
{"type":"Feature","id":"way/771016803","properties":{"type":"way","id":771016803,"tags":{"aerialway":"chair_lift","aerialway:duration":"4:15","name":"Troncs Express","ref:FR:CAIRN":"741036"},"relations":[],"meta":{}},"geometry":{"type":"LineString","coordinates":[[6.7043744,46.1521716],[6.7046307,46.1521128],[6.7054353,46.1519286],[6.7071165,46.1515548],[6.7088296,46.1511627],[6.7101468,46.1508725],[6.7112286,46.1506242],[6.713139,46.1501966],[6.7133956,46.1501403]]}},
{"type":"Feature","id":"way/776556045","properties":{"type":"way","id":776556045,"tags":{"aerialway":"platter","aerialway:duration":"3:10","name":"Lac","ref:FR:CAIRN":"741058","year_of_construction":"2013"},"relations":[],"meta":{}},"geometry":{"type":"LineString","coordinates":[[6.6220646,46.2149274],[6.6235838,46.2156485],[6.6260514,46.2166581],[6.6282352,46.2176749]]}},
{"type":"Feature","id":"way/800472190","properties":{"type":"way","id":800472190,"tags":{"aerialway":"platter","name":"Douanier","oneway":"yes","ref:FR:CAIRN":"741115"},"relations":[],"meta":{}},"geometry":{"type":"LineString","coordinates":[[6.8537506,46.2900555],[6.8536738,46.2901535],[6.8534058,46.2904961],[6.8527024,46.2913948],[6.8523385,46.2918598],[6.8523163,46.2918883],[6.8521663,46.2920799]]}},
{"type":"Feature","id":"way/889626179","properties":{"type":"way","id":889626179,"tags":{"aerialway":"platter","aerialway:capacity":"850","name":"Follys","ref:FR:CAIRN":"741100"},"relations":[],"meta":{}},"geometry":{"type":"LineString","coordinates":[[6.6873305,46.2668054],[6.6907381,46.2687393]]}},
{"type":"Feature","id":"way/904857550","properties":{"type":"way","id":904857550,"tags":{"aerialway":"platter","aerialway:duration":"1:50","name":"Lanches","ref:FR:CAIRN":"741044","year_of_construction":"2012"},"relations":[],"meta":{}},"geometry":{"type":"LineString","coordinates":[[6.6283588,46.2110545],[6.6310332,46.2124062]]}},
{"type":"Feature","id":"way/935110130","properties":{"type":"way","id":935110130,"tags":{"aerialway":"goods"},"relations":[],"meta":{}},"geometry":{"type":"LineString","coordinates":[[6.8955056,46.3122382],[6.8943056,46.3124622]]}},
{"type":"Feature","id":"way/1009693206","properties":{"type":"way","id":1009693206,"tags":{"aerialway":"chair_lift","aerialway:bubble":"no","aerialway:capacity":"3000","aerialway:duration":"4.5","aerialway:heating":"no","aerialway:occupancy":"6","bicycle":"yes","name":"Pierre Longue","oneway":"no","ref:FR:CAIRN":"741131"},"relations":[],"meta":{}},"geometry":{"type":"LineString","coordinates":[[6.7924917,46.2184935],[6.7923637,46.2188843],[6.7922681,46.2191812],[6.7922373,46.219272],[6.7918422,46.2205201],[6.7916301,46.2211733],[6.7912431,46.2223721],[6.7907443,46.2239126],[6.7903961,46.2249937],[6.7899362,46.2264053],[6.7896577,46.227278],[6.7892869,46.228424],[6.7888691,46.2297157],[6.7883817,46.2312212],[6.7882732,46.2315651],[6.7882553,46.23162],[6.7881809,46.2318407]]}},
{"type":"Feature","id":"way/1010800534","properties":{"type":"way","id":1010800534,"tags":{"aerialway":"gondola","aerialway:capacity":"2230","aerialway:duration":"5,50","aerialway:occupancy":"10","fee":"yes","name":"Linga","oneway":"yes","operator":"SAEM Sports et Tourisme Châtel","ref:FR:CAIRN":"740167"},"relations":[],"meta":{}},"geometry":{"type":"LineString","coordinates":[[6.821379,46.2542772],[6.8213108,46.2539778],[6.8212927,46.2538958],[6.821279,46.2538216],[6.8212317,46.2535596],[6.8209427,46.2521051],[6.8207328,46.251129],[6.8204787,46.2499554],[6.8203942,46.2495696],[6.820364,46.2494194],[6.820303,46.2491036],[6.8199999,46.2476527],[6.8197947,46.2467674],[6.8197632,46.2466139],[6.8195178,46.2454773],[6.8193897,46.244887],[6.8190155,46.2430714],[6.8187097,46.2416658],[6.8183436,46.2399178],[6.8183047,46.2397249],[6.8182223,46.2393371],[6.8181228,46.2388505]]}},
{"type":"Feature","id":"way/1019585580","properties":{"type":"way","id":1019585580,"tags":{"aerialway":"drag_lift","name":"Lac"},"relations":[],"meta":{}},"geometry":{"type":"LineString","coordinates":[[6.8598107,46.2664172],[6.8621865,46.2660547]]}},
{"type":"Feature","id":"way/1031030865","properties":{"type":"way","id":1031030865,"tags":{"aerialway":"magic_carpet","name":"Joux"},"relations":[],"meta":{}},"geometry":{"type":"LineString","coordinates":[[6.6485031,46.2848408],[6.6463977,46.28393]]}},
{"type":"Feature","id":"way/1032742870","properties":{"type":"way","id":1032742870,"tags":{"aerialway":"platter","aerialway:capacity":"900","name":"Chevaly 2","ref:FR:CAIRN":"740697"},"relations":[],"meta":{}},"geometry":{"type":"LineString","coordinates":[[6.5921906,46.1478261],[6.5907238,46.1445109]]}},
{"type":"Feature","id":"way/1052250950","properties":{"type":"way","id":1052250950,"tags":{"aerialway":"goods","foot":"no","oneway":"no"},"relations":[],"meta":{}},"geometry":{"type":"LineString","coordinates":[[6.7523508,46.2376092],[6.7521675,46.237659],[6.7488597,46.2385427]]}},
{"type":"Feature","id":"way/1075520907","properties":{"type":"way","id":1075520907,"tags":{"aerialway":"chair_lift","aerialway:capacity":"2000","aerialway:occupancy":"6","layer":"1","name":"Conches","oneway":"yes","ref:FR:CAIRN":"741160"},"relations":[],"meta":{}},"geometry":{"type":"LineString","coordinates":[[6.8468603,46.2704377],[6.8470753,46.27043],[6.8471712,46.2704265],[6.8483866,46.2703891],[6.8506663,46.2703032],[6.8535597,46.2702061],[6.855505,46.2701346],[6.8573821,46.2700758],[6.8596241,46.2700015],[6.8610882,46.2699443],[6.8614236,46.269934],[6.8616874,46.2699248],[6.8622244,46.2699077],[6.86233,46.2699044],[6.8626265,46.2698958]]}},
{"type":"Feature","id":"way/1183443459","properties":{"type":"way","id":1183443459,"tags":{"aerialway":"chair_lift","aerialway:capacity":"3600","aerialway:occupancy":"6","name":"Lac-Intrêts","oneway":"yes","ref:FR:CAIRN":"741184"},"relations":[],"meta":{}},"geometry":{"type":"LineString","coordinates":[[6.7794511,46.1872381],[6.7796038,46.186319],[6.7798135,46.185024],[6.7800351,46.1836739],[6.7800829,46.1831369],[6.7802722,46.1822813],[6.7804749,46.1808984],[6.7807019,46.179481],[6.7808362,46.1787414],[6.7810074,46.1776583],[6.7812953,46.1758373],[6.7814453,46.1748884],[6.7817468,46.1731265],[6.7819242,46.1720686],[6.782052,46.1712628],[6.7821348,46.1708982]]}},
{"type":"Feature","id":"way/1226916177","properties":{"type":"way","id":1226916177,"tags":{"aerialway":"rope_tow","name":"Telecorde Mouille au Blé","ref:FR:CAIRN":"740950"},"relations":[],"meta":{}},"geometry":{"type":"LineString","coordinates":[[6.6862572,46.1473444],[6.6864751,46.146772],[6.6867036,46.1461895],[6.6868594,46.1457438]]}},
{"type":"Feature","id":"way/1308902671","properties":{"type":"way","id":1308902671,"tags":{"aerialway":"magic_carpet"},"relations":[],"meta":{}},"geometry":{"type":"LineString","coordinates":[[6.711856,46.1579081],[6.7119134,46.1573418]]}},
{"type":"Feature","id":"way/1325467177","properties":{"type":"way","id":1325467177,"tags":{"aerialway":"magic_carpet"},"relations":[],"meta":{}},"geometry":{"type":"LineString","coordinates":[[6.8327418,46.2588252],[6.8326767,46.2585005]]}},
{"type":"Feature","id":"way/1328502136","properties":{"type":"way","id":1328502136,"tags":{"aerialway":"gondola","aerialway:occupancy":"4","name":"Le Morenza"},"relations":[],"meta":{}},"geometry":{"type":"LineString","coordinates":[[6.7086991,46.1842935],[6.7092292,46.1844706]]}},
{"type":"Feature","id":"node/616810","properties":{"type":"node","id":616810,"tags":{"aerialway":"station","name":"Crosets","public_transport":"station"},"relations":[],"meta":{}},"geometry":{"type":"Point","coordinates":[6.8346732,46.1835291]}},
{"type":"Feature","id":"node/616814","properties":{"type":"node","id":616814,"tags":{"aerialway":"station","ele":"1932","name":"Crosets","operator":"TCP","public_transport":"station","uic_name":"Marcheusson","uic_ref":"8530751"},"relations":[],"meta":{}},"geometry":{"type":"Point","coordinates":[6.8402226,46.1772269]}},
{"type":"Feature","id":"node/616940","properties":{"type":"node","id":616940,"tags":{"aerialway":"station","ele":"1670","name":"Mossettes","operator":"TCP","public_transport":"station","uic_name":"Les Crosets","uic_ref":"8530078"},"relations":[],"meta":{}},"geometry":{"type":"Point","coordinates":[6.8341134,46.1838352]}},
{"type":"Feature","id":"node/617262","properties":{"type":"node","id":617262,"tags":{"aerialway":"station","aerialway:access":"both","aerialway:summer:access":"both","ele":"1350","name":"Foilleuse","operator":"TCP","public_transport":"station","uic_name":"Morgins (La Foilleuse)","uic_ref":"8530070"},"relations":[],"meta":{}},"geometry":{"type":"Point","coordinates":[6.858124,46.2366924]}},
{"type":"Feature","id":"node/617264","properties":{"type":"node","id":617264,"tags":{"aerialway":"station","aerialway:access":"both","aerialway:summer:access":"both","ele":"1819","name":"Foilleuse","operator":"TCP","public_transport":"station","uic_name":"La Foilleuse (Morgins)","uic_ref":"8530071"},"relations":[],"meta":{}},"geometry":{"type":"Point","coordinates":[6.8612753,46.2250285]}},
{"type":"Feature","id":"node/617326","properties":{"type":"node","id":617326,"tags":{"aerialway":"station","ele":"1870","name":"Chaux","operator":"TM","public_transport":"station"},"relations":[],"meta":{}},"geometry":{"type":"Point","coordinates":[6.8594097,46.2236475]}},
{"type":"Feature","id":"node/618088","properties":{"type":"node","id":618088,"tags":{"aerialway":"station","ele":"1936","name":"Croix-de-Culet","operator":"TCP","public_transport":"station","uic_name":"Croix-de-Culet","uic_ref":"8501450"},"relations":[],"meta":{}},"geometry":{"type":"Point","coordinates":[6.8457271,46.1752239]}},
{"type":"Feature","id":"node/618148","properties":{"type":"node","id":618148,"tags":{"aerialway":"station","ele":"1936","name":"Planachaux","operator":"TCP","public_transport":"station","uic_name":"Croix-de-Culet","uic_ref":"8501450"},"relations":[],"meta":{}},"geometry":{"type":"Point","coordinates":[6.8452063,46.1750418]}},
{"type":"Feature","id":"node/251890750","properties":{"type":"node","id":251890750,"tags":{"aerialway":"station","ele":"945","name":"Grande Terche","public_transport":"station"},"relations":[],"meta":{}},"geometry":{"type":"Point","coordinates":[6.6414785,46.2261605]}},
{"type":"Feature","id":"node/251890751","properties":{"type":"node","id":251890751,"tags":{"aerialway":"station","ele":"1505","name":"Grande Terche","public_transport":"station"},"relations":[],"meta":{}},"geometry":{"type":"Point","coordinates":[6.6318332,46.2148862]}},
{"type":"Feature","id":"node/270536210","properties":{"type":"node","id":270536210,"tags":{"aerialway":"station","name":"Sépaya 2","public_transport":"station"},"relations":[],"meta":{}},"geometry":{"type":"Point","coordinates":[6.8573951,46.2078162]}},
{"type":"Feature","id":"node/270541186","properties":{"type":"node","id":270541186,"tags":{"aerialway":"station","name":"Hameau","public_transport":"station"},"relations":[],"meta":{}},"geometry":{"type":"Point","coordinates":[6.8380975,46.1840304]}},
{"type":"Feature","id":"node/322073162","properties":{"type":"node","id":322073162,"tags":{"addr:city":"Montriond","aerialway":"station","aerialway:access":"exit","ele":"1736","name":"Léchère","operator":"Serma","public_transport":"station"},"relations":[],"meta":{}},"geometry":{"type":"Point","coordinates":[6.7946493,46.1948783]}},
{"type":"Feature","id":"node/322079314","properties":{"type":"node","id":322079314,"tags":{"aerialway":"station","name":"Combes","public_transport":"station"},"relations":[],"meta":{}},"geometry":{"type":"Point","coordinates":[6.8207428,46.2277089]}},
{"type":"Feature","id":"node/322083884","properties":{"type":"node","id":322083884,"tags":{"aerialway":"station","name":"Contrebandiers","public_transport":"station"},"relations":[],"meta":{}},"geometry":{"type":"Point","coordinates":[6.8512631,46.2904409]}},
{"type":"Feature","id":"node/322083904","properties":{"type":"node","id":322083904,"tags":{"aerialway":"station","ele":"1898","name":"Tronchey","operator":"TTG-tpct","public_transport":"station","uic_name":"Tête-du-Tronchey","uic_ref":"8530055"},"relations":[],"meta":{}},"geometry":{"type":"Point","coordinates":[6.853502,46.2923026]}},
{"type":"Feature","id":"node/332450575","properties":{"type":"node","id":332450575,"tags":{"aerialway":"station","aerialway:access":"entry","name":"Brochaux","operator":"Serma","public_transport":"station"},"relations":[],"meta":{}},"geometry":{"type":"Point","coordinates":[6.7871835,46.1983081]}},
{"type":"Feature","id":"node/334726241","properties":{"type":"node","id":334726241,"tags":{"aerialway":"station","name":"Arare 2","public_transport":"station"},"relations":[],"meta":{}},"geometry":{"type":"Point","coordinates":[6.7813671,46.1731205]}},
{"type":"Feature","id":"node/334758336","properties":{"type":"node","id":334758336,"tags":{"aerialway":"station","name":"Baron","public_transport":"station"},"relations":[],"meta":{}},"geometry":{"type":"Point","coordinates":[6.7397208,46.1950338]}},
{"type":"Feature","id":"node/334761944","properties":{"type":"node","id":334761944,"tags":{"aerialway":"station","aerialway:access":"entry","aerialway:summer:access":"entry","ele":"1452","name":"Zore","operator":"Serma","public_transport":"station"},"relations":[],"meta":{}},"geometry":{"type":"Point","coordinates":[6.7181591,46.1903773]}},
{"type":"Feature","id":"node/334761945","properties":{"type":"node","id":334761945,"tags":{"aerialway":"station","name":"Zore","public_transport":"station"},"relations":[],"meta":{}},"geometry":{"type":"Point","coordinates":[6.7320223,46.1962036]}},
{"type":"Feature","id":"node/334781180","properties":{"type":"node","id":334781180,"tags":{"aerialway":"station","name":"Trashers","public_transport":"station"},"relations":[],"meta":{}},"geometry":{"type":"Point","coordinates":[6.7678764,46.1923238]}},
{"type":"Feature","id":"node/334781182","properties":{"type":"node","id":334781182,"tags":{"aerialway":"station","name":"Trashers","public_transport":"station"},"relations":[],"meta":{}},"geometry":{"type":"Point","coordinates":[6.7698067,46.1914059]}},
{"type":"Feature","id":"node/334781399","properties":{"type":"node","id":334781399,"tags":{"aerialway":"station","alt_name":"Ecoles","name":"Écoles 1","public_transport":"station"},"relations":[],"meta":{}},"geometry":{"type":"Point","coordinates":[6.7724737,46.1959685]}},
{"type":"Feature","id":"node/334782025","properties":{"type":"node","id":334782025,"tags":{"aerialway":"station","ele":"1820","name":"Chapelle","public_transport":"station"},"relations":[],"meta":{}},"geometry":{"type":"Point","coordinates":[6.7688684,46.1962378]}},
{"type":"Feature","id":"node/334782027","properties":{"type":"node","id":334782027,"tags":{"aerialway":"pylon","ref":"P1"},"relations":[],"meta":{}},"geometry":{"type":"Point","coordinates":[6.7699755,46.1963658]}},
{"type":"Feature","id":"node/334782030","properties":{"type":"node","id":334782030,"tags":{"aerialway":"station","ele":"1874","name":"Chapelle","public_transport":"station"},"relations":[],"meta":{}},"geometry":{"type":"Point","coordinates":[6.7728538,46.1971466]}},
{"type":"Feature","id":"node/334793610","properties":{"type":"node","id":334793610,"tags":{"aerialway":"station","alt_name":"Ecoles","name":"Écoles 1","public_transport":"station"},"relations":[],"meta":{}},"geometry":{"type":"Point","coordinates":[6.7703092,46.1945194]}},
{"type":"Feature","id":"node/334794116","properties":{"type":"node","id":334794116,"tags":{"aerialway":"pylon"},"relations":[],"meta":{}},"geometry":{"type":"Point","coordinates":[6.7708113,46.1948716]}},
{"type":"Feature","id":"node/336349523","properties":{"type":"node","id":336349523,"tags":{"addr:city":"Morzine","aerialway":"station","aerialway:access":"entry","ele":"1812","name":"Chavanette 1","operator":"Serma","public_transport":"station"},"relations":[],"meta":{}},"geometry":{"type":"Point","coordinates":[6.7892801,46.1795368]}},
{"type":"Feature","id":"node/336350307","properties":{"type":"node","id":336350307,"tags":{"addr:city":"Morzine","addr:postcode":"74110","aerialway":"station","aerialway:access":"exit","ele":"2151","name":"Chavanette 1","operator":"Serma","public_transport":"station"},"relations":[],"meta":{}},"geometry":{"type":"Point","coordinates":[6.8052524,46.1731876]}},
{"type":"Feature","id":"node/338471020","properties":{"type":"node","id":338471020,"tags":{"aerialway":"station","name":"Plateau","public_transport":"station","source":"cadastre-dgi-fr source : Direction Générale des Impôts - Cadastre ; mise à jour : 2008"},"relations":[],"meta":{}},"geometry":{"type":"Point","coordinates":[6.7747503,46.1880635]}},
{"type":"Feature","id":"node/338471021","properties":{"type":"node","id":338471021,"tags":{"aerialway":"station","name":"Plateau","public_transport":"station","source":"cadastre-dgi-fr source : Direction Générale des Impôts - Cadastre ; mise à jour : 2008"},"relations":[],"meta":{}},"geometry":{"type":"Point","coordinates":[6.772507,46.1943345]}},
{"type":"Feature","id":"node/338737919","properties":{"type":"node","id":338737919,"tags":{"aerialway":"station","ele":"1475","name":"Belvédère","public_transport":"station"},"relations":[],"meta":{}},"geometry":{"type":"Point","coordinates":[6.6912753,46.171423]}},
{"type":"Feature","id":"node/338737920","properties":{"type":"node","id":338737920,"tags":{"aerialway":"station","ele":"1551","name":"Belvédère","public_transport":"station"},"relations":[],"meta":{}},"geometry":{"type":"Point","coordinates":[6.6933061,46.162893]}},
{"type":"Feature","id":"node/338746631","properties":{"type":"node","id":338746631,"tags":{"aerialway":"station","aerialway:access":"exit","aerialway:station":"top","ele":"1665","name":"Charniaz Express","public_transport":"station"},"relations":[],"meta":{}},"geometry":{"type":"Point","coordinates":[6.696359,46.138106]}},
{"type":"Feature","id":"node/338749258","properties":{"type":"node","id":338749258,"tags":{"aerialway":"station","name":"Cornebois","public_transport":"station"},"relations":[],"meta":{}},"geometry":{"type":"Point","coordinates":[6.8079813,46.2140097]}},
{"type":"Feature","id":"node/338750143","properties":{"type":"node","id":338750143,"tags":{"aerialway":"station","ele":"987","name":"Crusaz","public_transport":"station"},"relations":[],"meta":{}},"geometry":{"type":"Point","coordinates":[6.701086,46.1801992]}},
{"type":"Feature","id":"node/338750144","properties":{"type":"node","id":338750144,"tags":{"aerialway":"station","aerialway:access":"exit","name":"Crusaz","public_transport":"station"},"relations":[],"meta":{}},"geometry":{"type":"Point","coordinates":[6.6928435,46.1751167]}},
{"type":"Feature","id":"node/339334404","properties":{"type":"node","id":339334404,"tags":{"aerialway":"station","name":"Dromonts 2","public_transport":"station"},"relations":[],"meta":{}},"geometry":{"type":"Point","coordinates":[6.7765153,46.1906593]}},
{"type":"Feature","id":"node/339334405","properties":{"type":"node","id":339334405,"tags":{"aerialway":"pylon"},"relations":[],"meta":{}},"geometry":{"type":"Point","coordinates":[6.7733362,46.1928437]}},
{"type":"Feature","id":"node/339334406","properties":{"type":"node","id":339334406,"tags":{"aerialway":"station","name":"Dromonts 2","public_transport":"station"},"relations":[],"meta":{}},"geometry":{"type":"Point","coordinates":[6.7731431,46.1933041]}},
{"type":"Feature","id":"node/339338348","properties":{"type":"node","id":339338348,"tags":{"aerialway":"station","ele":"1363","name":"Folliets du Golf","public_transport":"station"},"relations":[],"meta":{}},"geometry":{"type":"Point","coordinates":[6.6840198,46.1594163]}},
{"type":"Feature","id":"node/339338350","properties":{"type":"node","id":339338350,"tags":{"aerialway":"station","ele":"1549","name":"Folliets du Golf","public_transport":"station"},"relations":[],"meta":{}},"geometry":{"type":"Point","coordinates":[6.6939691,46.1622037]}},
{"type":"Feature","id":"node/339761520","properties":{"type":"node","id":339761520,"tags":{"aerialway":"station","name":"Queyset","public_transport":"station"},"relations":[],"meta":{}},"geometry":{"type":"Point","coordinates":[6.7982887,46.2288735]}},
{"type":"Feature","id":"node/339761522","properties":{"type":"node","id":339761522,"tags":{"aerialway":"station","name":"Queyset","public_transport":"station"},"relations":[],"meta":{}},"geometry":{"type":"Point","coordinates":[6.7973704,46.2252328]}},
{"type":"Feature","id":"node/340075020","properties":{"type":"node","id":340075020,"tags":{"aerialway":"station","name":"Linga","public_transport":"station"},"relations":[],"meta":{}},"geometry":{"type":"Point","coordinates":[6.821379,46.2542772]}},
{"type":"Feature","id":"node/340075023","properties":{"type":"node","id":340075023,"tags":{"aerialway":"station","name":"Linga","public_transport":"station"},"relations":[],"meta":{}},"geometry":{"type":"Point","coordinates":[6.8181228,46.2388505]}},
{"type":"Feature","id":"node/340075026","properties":{"type":"node","id":340075026,"tags":{"aerialway":"station","name":"Écho Alpin","public_transport":"station"},"relations":[],"meta":{}},"geometry":{"type":"Point","coordinates":[6.8170179,46.2303732]}},
{"type":"Feature","id":"node/340080424","properties":{"type":"node","id":340080424,"tags":{"aerialway":"station","name":"Stade","public_transport":"station"},"relations":[],"meta":{}},"geometry":{"type":"Point","coordinates":[6.8215062,46.2540506]}},
{"type":"Feature","id":"node/340080427","properties":{"type":"node","id":340080427,"tags":{"aerialway":"station","name":"Stade","public_transport":"station"},"relations":[],"meta":{}},"geometry":{"type":"Point","coordinates":[6.8212873,46.2477591]}},
{"type":"Feature","id":"node/340096692","properties":{"type":"node","id":340096692,"tags":{"aerialway":"station","ele":"1278","name":"Mouilles","public_transport":"station"},"relations":[],"meta":{}},"geometry":{"type":"Point","coordinates":[6.6942869,46.1754177]}},
{"type":"Feature","id":"node/340096693","properties":{"type":"node","id":340096693,"tags":{"aerialway":"station","ele":"1469","name":"Mouilles","public_transport":"station"},"relations":[],"meta":{}},"geometry":{"type":"Point","coordinates":[6.6919212,46.1693514]}},
{"type":"Feature","id":"node/340101794","properties":{"type":"node","id":340101794,"tags":{"aerialway":"station","ele":"1496","name":"Pléney","public_transport":"station"},"relations":[],"meta":{}},"geometry":{"type":"Point","coordinates":[6.6925855,46.1695975]}},
{"type":"Feature","id":"node/340106382","properties":{"type":"node","id":340106382,"tags":{"aerialway":"station","ele":"1397","name":"Ranfoilly Express","public_transport":"station"},"relations":[],"meta":{}},"geometry":{"type":"Point","coordinates":[6.6834595,46.136956]}},
{"type":"Feature","id":"node/340106386","properties":{"type":"node","id":340106386,"tags":{"aerialway":"station","aerialway:access":"exit","ele":"1817","name":"Ranfoilly Express","public_transport":"station"},"relations":[],"meta":{}},"geometry":{"type":"Point","coordinates":[6.7042592,46.1309236]}},
{"type":"Feature","id":"node/343552736","properties":{"type":"node","id":343552736,"tags":{"aerialway":"station","name":"Brochaux","public_transport":"station"},"relations":[],"meta":{}},"geometry":{"type":"Point","coordinates":[6.7827565,46.1908729]}},
{"type":"Feature","id":"node/349152034","properties":{"type":"node","id":349152034,"tags":{"aerialway":"station","name":"Crêt Béni","public_transport":"station"},"relations":[],"meta":{}},"geometry":{"type":"Point","coordinates":[6.7751899,46.2829158]}},
{"type":"Feature","id":"node/349152038","properties":{"type":"node","id":349152038,"tags":{"aerialway":"station","name":"Crêt Béni","public_transport":"station"},"relations":[],"meta":{}},"geometry":{"type":"Point","coordinates":[6.7811403,46.2922102]}},
{"type":"Feature","id":"node/349152129","properties":{"type":"node","id":349152129,"tags":{"aerialway":"station","name":"Bambi","public_transport":"station"},"relations":[],"meta":{}},"geometry":{"type":"Point","coordinates":[6.7743354,46.2846631]}},
{"type":"Feature","id":"node/349152131","properties":{"type":"node","id":349152131,"tags":{"aerialway":"station","name":"Bambi","public_transport":"station"},"relations":[],"meta":{}},"geometry":{"type":"Point","coordinates":[6.7744894,46.2823681]}},
{"type":"Feature","id":"node/349152136","properties":{"type":"node","id":349152136,"tags":{"aerialway":"station","name":"Prés 1","public_transport":"station"},"relations":[],"meta":{}},"geometry":{"type":"Point","coordinates":[6.7781561,46.2846296]}},
{"type":"Feature","id":"node/349152144","properties":{"type":"node","id":349152144,"tags":{"aerialway":"station","name":"Prés 1","public_transport":"station"},"relations":[],"meta":{}},"geometry":{"type":"Point","coordinates":[6.7751264,46.2813981]}},
{"type":"Feature","id":"node/349157276","properties":{"type":"node","id":349157276,"tags":{"aerialway":"station","name":"Prés 2","public_transport":"station"},"relations":[],"meta":{}},"geometry":{"type":"Point","coordinates":[6.7753649,46.2817794]}},
{"type":"Feature","id":"node/349157286","properties":{"type":"node","id":349157286,"tags":{"aerialway":"station","name":"Prés 2","public_transport":"station"},"relations":[],"meta":{}},"geometry":{"type":"Point","coordinates":[6.7780433,46.2846343]}},
{"type":"Feature","id":"node/355163326","properties":{"type":"node","id":355163326,"tags":{"aerialway":"station","name":"Combe","public_transport":"station"},"relations":[],"meta":{}},"geometry":{"type":"Point","coordinates":[6.7717514,46.2845796]}},
{"type":"Feature","id":"node/355163331","properties":{"type":"node","id":355163331,"tags":{"aerialway":"station","name":"Combe","public_transport":"station"},"relations":[],"meta":{}},"geometry":{"type":"Point","coordinates":[6.7642332,46.2742806]}},
{"type":"Feature","id":"node/355163334","properties":{"type":"node","id":355163334,"tags":{"aerialway":"station","name":"Fontaines","public_transport":"station"},"relations":[],"meta":{}},"geometry":{"type":"Point","coordinates":[6.7786456,46.2846731]}},
{"type":"Feature","id":"node/355163336","properties":{"type":"node","id":355163336,"tags":{"aerialway":"station","name":"Fontaines","public_transport":"station"},"relations":[],"meta":{}},"geometry":{"type":"Point","coordinates":[6.7766206,46.2777658]}},
{"type":"Feature","id":"node/355652491","properties":{"type":"node","id":355652491,"tags":{"aerialway":"station","name":"Panthiaz","public_transport":"station"},"relations":[],"meta":{}},"geometry":{"type":"Point","coordinates":[6.7997934,46.2911379]}},
{"type":"Feature","id":"node/355652494","properties":{"type":"node","id":355652494,"tags":{"aerialway":"station","name":"Braitaz"},"relations":[],"meta":{}},"geometry":{"type":"Point","coordinates":[6.8157898,46.2996733]}},
{"type":"Feature","id":"node/355652495","properties":{"type":"node","id":355652495,"tags":{"aerialway":"station","name":"Braitaz"},"relations":[],"meta":{}},"geometry":{"type":"Point","coordinates":[6.8257366,46.3100645]}},
{"type":"Feature","id":"node/355652500","properties":{"type":"node","id":355652500,"tags":{"aerialway":"station","ele":"1348","name":"Tronchey","operator":"TTG-tpct","uic_ref":"8530054"},"relations":[],"meta":{}},"geometry":{"type":"Point","coordinates":[6.85111,46.3053502]}},
{"type":"Feature","id":"node/355652501","properties":{"type":"node","id":355652501,"tags":{"aerialway":"station","name":"Djeu des Têtes","public_transport":"station"},"relations":[],"meta":{}},"geometry":{"type":"Point","coordinates":[6.8499277,46.3063928]}},
{"type":"Feature","id":"node/355652502","properties":{"type":"node","id":355652502,"tags":{"aerialway":"station","name":"Djeu des Têtes","public_transport":"station"},"relations":[],"meta":{}},"geometry":{"type":"Point","coordinates":[6.8339117,46.3078444]}},
{"type":"Feature","id":"node/355652504","properties":{"type":"node","id":355652504,"tags":{"aerialway":"station","name":"Onnaz"},"relations":[],"meta":{}},"geometry":{"type":"Point","coordinates":[6.8718915,46.2810084]}},
{"type":"Feature","id":"node/355652506","properties":{"type":"node","id":355652506,"tags":{"aerialway":"station","name":"Onnaz"},"relations":[],"meta":{}},"geometry":{"type":"Point","coordinates":[6.8646188,46.2837517]}},
{"type":"Feature","id":"node/355652507","properties":{"type":"node","id":355652507,"tags":{"aerialway":"station","name":"Chaux Longe","public_transport":"station"},"relations":[],"meta":{}},"geometry":{"type":"Point","coordinates":[6.8641905,46.2844353]}},
{"type":"Feature","id":"node/355652510","properties":{"type":"node","id":355652510,"tags":{"aerialway":"station","name":"Chaux Longe","public_transport":"station"},"relations":[],"meta":{}},"geometry":{"type":"Point","coordinates":[6.8618116,46.2885192]}},
{"type":"Feature","id":"node/355652511","properties":{"type":"node","id":355652511,"tags":{"aerialway":"station","name":"Contrebandiers","public_transport":"station"},"relations":[],"meta":{}},"geometry":{"type":"Point","coordinates":[6.8541661,46.288329]}},
{"type":"Feature","id":"node/361485779","properties":{"type":"node","id":361485779,"tags":{"aerialway":"station","name":"Cuboré","public_transport":"station"},"relations":[],"meta":{}},"geometry":{"type":"Point","coordinates":[6.8143266,46.1832581]}},
{"type":"Feature","id":"node/363737946","properties":{"type":"node","id":363737946,"tags":{"aerialway":"station","aerialway:access":"entry","ele":"1324","name":"Troncs Express","operator":"S.A Téléphérique du Pleney","public_transport":"station"},"relations":[],"meta":{}},"geometry":{"type":"Point","coordinates":[6.7043744,46.1521716]}},
{"type":"Feature","id":"node/363737967","properties":{"type":"node","id":363737967,"tags":{"aerialway":"station","aerialway:access":"exit","ele":"1589","name":"Troncs Express","operator":"Téléphérique du Pléney","public_transport":"station"},"relations":[],"meta":{}},"geometry":{"type":"Point","coordinates":[6.7133956,46.1501403]}},
{"type":"Feature","id":"node/363737978","properties":{"type":"node","id":363737978,"tags":{"aerialway":"station","aerialway:access":"entry","name":"Têtes","operator":"S a téléphérique du Pleney","public_transport":"station"},"relations":[],"meta":{}},"geometry":{"type":"Point","coordinates":[6.7040863,46.1517045]}},
{"type":"Feature","id":"node/363737990","properties":{"type":"node","id":363737990,"tags":{"aerialway":"station","aerialway:access":"entry","ele":"1323","name":"Charniaz Express","operator":"Société du Téléphérique du Pléney","public_transport":"station"},"relations":[],"meta":{}},"geometry":{"type":"Point","coordinates":[6.7036599,46.1520395]}},
{"type":"Feature","id":"node/363738295","properties":{"type":"node","id":363738295,"tags":{"aerialway":"station","name":"Fys","public_transport":"station"},"relations":[],"meta":{}},"geometry":{"type":"Point","coordinates":[6.7083484,46.1659626]}},
{"type":"Feature","id":"node/363738298","properties":{"type":"node","id":363738298,"tags":{"aerialway:access":"exit","operator":"Sociét du téléphérique du Pléney"},"relations":[],"meta":{}},"geometry":{"type":"Point","coordinates":[6.6939288,46.1629329]}},
{"type":"Feature","id":"node/363753434","properties":{"type":"node","id":363753434,"tags":{"aerialway":"station","name":"Raverettes","public_transport":"station"},"relations":[],"meta":{}},"geometry":{"type":"Point","coordinates":[6.7119781,46.1579006]}},
{"type":"Feature","id":"node/363753511","properties":{"type":"node","id":363753511,"tags":{"aerialway":"station","name":"Raverettes","public_transport":"station"},"relations":[],"meta":{}},"geometry":{"type":"Point","coordinates":[6.7126174,46.1521296]}},
{"type":"Feature","id":"node/364105635","properties":{"type":"node","id":364105635,"tags":{"aerialway":"station","ele":"1391","name":"Nauchets Express","public_transport":"station"},"relations":[],"meta":{}},"geometry":{"type":"Point","coordinates":[6.683251,46.1380056]}},
{"type":"Feature","id":"node/364105642","properties":{"type":"node","id":364105642,"tags":{"aerialway":"station","aerialway:access":"exit","aerialway:summer:access":"exit","ele":"1664","operator":"Sagets S.A.","public_transport":"station"},"relations":[],"meta":{}},"geometry":{"type":"Point","coordinates":[6.6951634,46.1402755]}},
{"type":"Feature","id":"node/364105864","properties":{"type":"node","id":364105864,"tags":{"aerialway":"station","ele":"1632","name":"Grains d'Or Express","public_transport":"station"},"relations":[],"meta":{}},"geometry":{"type":"Point","coordinates":[6.676329,46.1336291]}},
{"type":"Feature","id":"node/364107316","properties":{"type":"node","id":364107316,"tags":{"aerialway":"station","name":"Têtes","public_transport":"station"},"relations":[],"meta":{}},"geometry":{"type":"Point","coordinates":[6.7130556,46.1430027]}},
{"type":"Feature","id":"node/364107329","properties":{"type":"node","id":364107329,"tags":{"aerialway":"station","aerialway:access":"exit","aerialway:summer:access":"exit","name":"Chamossière Express","public_transport":"station"},"relations":[],"meta":{}},"geometry":{"type":"Point","coordinates":[6.7248309,46.1343739]}},
{"type":"Feature","id":"node/364631146","properties":{"type":"node","id":364631146,"tags":{"aerialway":"station","name":"Nyon","public_transport":"station"},"relations":[],"meta":{}},"geometry":{"type":"Point","coordinates":[6.7155772,46.1669618]}},
{"type":"Feature","id":"node/364631148","properties":{"type":"node","id":364631148,"tags":{"aerialway":"station","ele":"1462","name":"Nyon","public_transport":"station","website":"https://www.portesdusoleil.com/remontees-mecaniques-pietons-morzine-avoriaz.html"},"relations":[],"meta":{}},"geometry":{"type":"Point","coordinates":[6.7135193,46.157937]}},
{"type":"Feature","id":"node/520899000","properties":{"type":"node","id":520899000,"tags":{"aerialway":"station","name":"Stade","public_transport":"station"},"relations":[],"meta":{}},"geometry":{"type":"Point","coordinates":[6.6708793,46.1585073]}},
{"type":"Feature","id":"node/565736418","properties":{"type":"node","id":565736418,"tags":{"covered":"yes","disused:aerialway":"station","name":"Jorette"},"relations":[],"meta":{}},"geometry":{"type":"Point","coordinates":[6.8579061,46.3042657]}},
{"type":"Feature","id":"node/565736432","properties":{"type":"node","id":565736432,"tags":{"disused:aerialway":"station","name":"Jorette"},"relations":[],"meta":{}},"geometry":{"type":"Point","coordinates":[6.867327,46.3142223]}},
{"type":"Feature","id":"node/581963694","properties":{"type":"node","id":581963694,"tags":{"aerialway":"station","name":"Conche 2000","public_transport":"station"},"relations":[],"meta":{}},"geometry":{"type":"Point","coordinates":[6.8274292,46.3091219]}},
{"type":"Feature","id":"node/581963695","properties":{"type":"node","id":581963695,"tags":{"ele":"1336","name":"Grands Places","removed:aerialway":"station"},"relations":[],"meta":{}},"geometry":{"type":"Point","coordinates":[6.850055,46.3055673]}},
{"type":"Feature","id":"node/581963700","properties":{"type":"node","id":581963700,"tags":{"covered":"yes","disused:aerialway":"station","name":"Grands Places"},"relations":[],"meta":{}},"geometry":{"type":"Point","coordinates":[6.8577198,46.3041981]}},
{"type":"Feature","id":"node/583205198","properties":{"type":"node","id":583205198,"tags":{"aerialway":"station","name":"Panthiaz"},"relations":[],"meta":{}},"geometry":{"type":"Point","coordinates":[6.8120723,46.3013315]}},
{"type":"Feature","id":"node/605804033","properties":{"type":"node","id":605804033,"tags":{"aerialway":"station","name":"Écho Alpin","public_transport":"station"},"relations":[],"meta":{}},"geometry":{"type":"Point","coordinates":[6.8195537,46.2444858]}},
{"type":"Feature","id":"node/627280036","properties":{"type":"node","id":627280036,"tags":{"aerialway":"station","name":"Gueilly","public_transport":"station"},"relations":[],"meta":{}},"geometry":{"type":"Point","coordinates":[6.8374347,46.1930532]}},
{"type":"Feature","id":"node/627280815","properties":{"type":"node","id":627280815,"tags":{"aerialway":"station","name":"Gueilly","public_transport":"station"},"relations":[],"meta":{}},"geometry":{"type":"Point","coordinates":[6.8404076,46.1944863]}},
{"type":"Feature","id":"node/628117520","properties":{"type":"node","id":628117520,"tags":{"aerialway":"station","name":"Babylift Planachaux","public_transport":"station"},"relations":[],"meta":{}},"geometry":{"type":"Point","coordinates":[6.8443661,46.1726577]}},
{"type":"Feature","id":"node/628117522","properties":{"type":"node","id":628117522,"tags":{"aerialway":"station","name":"Babylift Planachaux","public_transport":"station"},"relations":[],"meta":{}},"geometry":{"type":"Point","coordinates":[6.844815,46.1735405]}},
{"type":"Feature","id":"node/629062103","properties":{"type":"node","id":629062103,"tags":{"aerialway":"station","aerialway:access":"entry","aerialway:station":"bottom","ele":"1168","internet_access":"no","name":"Chavannes Express","operator":"Sagets SA","public_transport":"chair_lift"},"relations":[],"meta":{}},"geometry":{"type":"Point","coordinates":[6.6682861,46.1567836]}},
{"type":"Feature","id":"node/629062139","properties":{"type":"node","id":629062139,"tags":{"aerialway":"station","name":"Chavannes","public_transport":"station"},"relations":[],"meta":{}},"geometry":{"type":"Point","coordinates":[6.6687334,46.1569565]}},
{"type":"Feature","id":"node/629062157","properties":{"type":"node","id":629062157,"tags":{"aerialway":"station","name":"Stade","public_transport":"station"},"relations":[],"meta":{}},"geometry":{"type":"Point","coordinates":[6.6721911,46.1575376]}},
{"type":"Feature","id":"node/629062173","properties":{"type":"node","id":629062173,"tags":{"aerialway":"station","ele":"1162","name":"Mont Chéry","public_transport":"station"},"relations":[],"meta":{}},"geometry":{"type":"Point","coordinates":[6.6697611,46.1607738]}},
{"type":"Feature","id":"node/629062209","properties":{"type":"node","id":629062209,"tags":{"aerialway":"station","ele":"1818","name":"Pointe","public_transport":"station"},"relations":[],"meta":{}},"geometry":{"type":"Point","coordinates":[6.6469215,46.1682902]}},
{"type":"Feature","id":"node/629062226","properties":{"type":"node","id":629062226,"tags":{"aerialway":"station","name":"Super Chéry","public_transport":"station"},"relations":[],"meta":{}},"geometry":{"type":"Point","coordinates":[6.6511777,46.1684619]}},
{"type":"Feature","id":"node/629062233","properties":{"type":"node","id":629062233,"tags":{"aerialway":"station","ele":"1815","name":"Chéry Nord","public_transport":"station"},"relations":[],"meta":{}},"geometry":{"type":"Point","coordinates":[6.6470347,46.1686451]}},
{"type":"Feature","id":"node/629062240","properties":{"type":"node","id":629062240,"tags":{"aerialway":"station","name":"Pointe","public_transport":"station"},"relations":[],"meta":{}},"geometry":{"type":"Point","coordinates":[6.6576896,46.1645258]}},
{"type":"Feature","id":"node/629062251","properties":{"type":"node","id":629062251,"tags":{"aerialway":"station","ele":"1535","name":"Mont Chéry","public_transport":"station"},"relations":[],"meta":{}},"geometry":{"type":"Point","coordinates":[6.6586983,46.1654621]}},
{"type":"Feature","id":"node/629062273","properties":{"type":"node","id":629062273,"tags":{"aerialway":"station","name":"Gare amont télécabine des Chavannes","public_transport":"station"},"relations":[],"meta":{}},"geometry":{"type":"Point","coordinates":[6.6854888,46.1502844]}},
{"type":"Feature","id":"node/629062276","properties":{"type":"node","id":629062276,"tags":{"aerialway":"station","name":"Croix","public_transport":"station"},"relations":[],"meta":{}},"geometry":{"type":"Point","coordinates":[6.6857587,46.1495549]}},
{"type":"Feature","id":"node/629062283","properties":{"type":"node","id":629062283,"tags":{"aerialway":"station","name":"Chavannes Express","public_transport":"station"},"relations":[],"meta":{}},"geometry":{"type":"Point","coordinates":[6.694026,46.1450049]}},
{"type":"Feature","id":"node/629062290","properties":{"type":"node","id":629062290,"tags":{"aerialway":"station","name":"Croix","public_transport":"station"},"relations":[],"meta":{}},"geometry":{"type":"Point","coordinates":[6.6935292,46.1454716]}},
{"type":"Feature","id":"node/629554585","properties":{"type":"node","id":629554585,"tags":{"aerialway":"pylon","ref":"P4"},"relations":[],"meta":{}},"geometry":{"type":"Point","coordinates":[6.6884556,46.135509]}},
{"type":"Feature","id":"node/631110312","properties":{"type":"node","id":631110312,"tags":{"aerialway":"station","name":"Derrière Pertuis","public_transport":"station"},"relations":[],"meta":{}},"geometry":{"type":"Point","coordinates":[6.8586314,46.2093553]}},
{"type":"Feature","id":"node/672932137","properties":{"type":"node","id":672932137,"tags":{"aerialway":"pylon","ref":"P7"},"relations":[],"meta":{}},"geometry":{"type":"Point","coordinates":[6.6546447,46.170561]}},
{"type":"Feature","id":"node/672932138","properties":{"type":"node","id":672932138,"tags":{"aerialway":"pylon","ref":"P5"},"relations":[],"meta":{}},"geometry":{"type":"Point","coordinates":[6.657934,46.1714223]}},
{"type":"Feature","id":"node/672932139","properties":{"type":"node","id":672932139,"tags":{"aerialway":"station","ele":"1368","name":"Planeys","public_transport":"station"},"relations":[],"meta":{}},"geometry":{"type":"Point","coordinates":[6.6619067,46.1724618]}},
{"type":"Feature","id":"node/672934868","properties":{"type":"node","id":672934868,"tags":{"aerialway":"station","name":"Super Chéry","public_transport":"station"},"relations":[],"meta":{}},"geometry":{"type":"Point","coordinates":[6.6581737,46.1655137]}},
{"type":"Feature","id":"node/672934874","properties":{"type":"node","id":672934874,"tags":{"aerialway":"station","name":"Grande Ourse","public_transport":"station"},"relations":[],"meta":{}},"geometry":{"type":"Point","coordinates":[6.6600917,46.1662795]}},
{"type":"Feature","id":"node/672954496","properties":{"type":"node","id":672954496,"tags":{"aerialway":"station","name":"Turche","public_transport":"station"},"relations":[],"meta":{}},"geometry":{"type":"Point","coordinates":[6.672415,46.1396392]}},
{"type":"Feature","id":"node/672954651","properties":{"type":"node","id":672954651,"tags":{"aerialway":"station","ele":"1110","name":"Perrières Express","public_transport":"station"},"relations":[],"meta":{}},"geometry":{"type":"Point","coordinates":[6.6579386,46.1489297]}},
{"type":"Feature","id":"node/672954653","properties":{"type":"node","id":672954653,"tags":{"aerialway":"station","aerialway:station":"top","ele":"1535","name":"Perrières Express","public_transport":"station","source":"survey"},"relations":[],"meta":{}},"geometry":{"type":"Point","coordinates":[6.67181,46.1377302]}},
{"type":"Feature","id":"node/692174134","properties":{"type":"node","id":692174134,"tags":{"aerialway":"station","name":"Mont Baron","public_transport":"station"},"relations":[],"meta":{}},"geometry":{"type":"Point","coordinates":[6.6853521,46.3462096]}},
{"type":"Feature","id":"node/692174138","properties":{"type":"node","id":692174138,"tags":{"aerialway":"pylon"},"relations":[],"meta":{}},"geometry":{"type":"Point","coordinates":[6.6902981,46.346017]}},
{"type":"Feature","id":"node/692174139","properties":{"type":"node","id":692174139,"tags":{"aerialway":"pylon"},"relations":[],"meta":{}},"geometry":{"type":"Point","coordinates":[6.6935957,46.3461286]}},
{"type":"Feature","id":"node/692174141","properties":{"type":"node","id":692174141,"tags":{"aerialway":"station","name":"Pellys","public_transport":"station"},"relations":[],"meta":{}},"geometry":{"type":"Point","coordinates":[6.6963865,46.3452071]}},
{"type":"Feature","id":"node/692174143","properties":{"type":"node","id":692174143,"tags":{"aerialway":"station","name":"Arête amont","public_transport":"station"},"relations":[],"meta":{}},"geometry":{"type":"Point","coordinates":[6.6974508,46.3407543]}},
{"type":"Feature","id":"node/692174145","properties":{"type":"node","id":692174145,"tags":{"aerialway":"station","name":"Arête","public_transport":"station"},"relations":[],"meta":{}},"geometry":{"type":"Point","coordinates":[6.6968728,46.3455611]}},
{"type":"Feature","id":"node/692174146","properties":{"type":"node","id":692174146,"tags":{"aerialway":"pylon","name":"P2","ref":"P2"},"relations":[],"meta":{}},"geometry":{"type":"Point","coordinates":[6.697727,46.3450587]}},
{"type":"Feature","id":"node/692174149","properties":{"type":"node","id":692174149,"tags":{"aerialway":"station","name":"Pellys","public_transport":"station"},"relations":[],"meta":{}},"geometry":{"type":"Point","coordinates":[6.6923236,46.34664]}},
{"type":"Feature","id":"node/692174151","properties":{"type":"node","id":692174151,"tags":{"aerialway":"station","name":"Mont Baron","public_transport":"station"},"relations":[],"meta":{}},"geometry":{"type":"Point","coordinates":[6.6919557,46.3465873]}},
{"type":"Feature","id":"node/692174153","properties":{"type":"node","id":692174153,"tags":{"aerialway":"station","aerialway:access":"both","aerialway:summer:access":"both","name":"Pré Richard","public_transport":"station"},"relations":[],"meta":{}},"geometry":{"type":"Point","coordinates":[6.6965032,46.3466995]}},
{"type":"Feature","id":"node/692174171","properties":{"type":"node","id":692174171,"tags":{"aerialway":"station","aerialway:access":"both","aerialway:summer:access":"both","name":"Pré Richard","public_transport":"station"},"relations":[],"meta":{}},"geometry":{"type":"Point","coordinates":[6.6897249,46.3560719]}},
{"type":"Feature","id":"node/692178873","properties":{"type":"node","id":692178873,"tags":{"aerialway":"station","name":"Talot","public_transport":"station"},"relations":[],"meta":{}},"geometry":{"type":"Point","coordinates":[6.7009198,46.3444558]}},
{"type":"Feature","id":"node/692178876","properties":{"type":"node","id":692178876,"tags":{"aerialway":"station","name":"Talot","public_transport":"station"},"relations":[],"meta":{}},"geometry":{"type":"Point","coordinates":[6.7016591,46.3463116]}},
{"type":"Feature","id":"node/692183773","properties":{"type":"node","id":692183773,"tags":{"aerialway":"station","aerialway:summer:access":"no","name":"Pelluaz","public_transport":"station"},"relations":[],"meta":{}},"geometry":{"type":"Point","coordinates":[6.7159103,46.3385441]}},
{"type":"Feature","id":"node/692183774","properties":{"type":"node","id":692183774,"tags":{"aerialway":"station","aerialway:summer:access":"no","name":"Pelluaz","public_transport":"station"},"relations":[],"meta":{}},"geometry":{"type":"Point","coordinates":[6.7078041,46.3409775]}},
{"type":"Feature","id":"node/692247956","properties":{"type":"node","id":692247956,"tags":{"aerialway":"station","name":"Essert","public_transport":"station"},"relations":[],"meta":{}},"geometry":{"type":"Point","coordinates":[6.7053045,46.2649697]}},
{"type":"Feature","id":"node/692247983","properties":{"type":"node","id":692247983,"tags":{"aerialway":"station","name":"Essert","public_transport":"station"},"relations":[],"meta":{}},"geometry":{"type":"Point","coordinates":[6.7210793,46.2756646]}},
{"type":"Feature","id":"node/692279007","properties":{"type":"node","id":692279007,"tags":{"aerialway":"station","name":"Corne 2","public_transport":"station"},"relations":[],"meta":{}},"geometry":{"type":"Point","coordinates":[6.695646,46.2587276]}},
{"type":"Feature","id":"node/692279015","properties":{"type":"node","id":692279015,"tags":{"aerialway":"station","name":"Corne 2","public_transport":"station"},"relations":[],"meta":{}},"geometry":{"type":"Point","coordinates":[6.7051845,46.2636311]}},
{"type":"Feature","id":"node/1116749454","properties":{"type":"node","id":1116749454,"tags":{"aerialway":"station","aerialway:access":"entry","name":"Atray","public_transport":"station"},"relations":[],"meta":{}},"geometry":{"type":"Point","coordinates":[6.7014466,46.1728003]}},
{"type":"Feature","id":"node/1116749480","properties":{"type":"node","id":1116749480,"tags":{"aerialway":"station","name":"Atray","public_transport":"station"},"relations":[],"meta":{}},"geometry":{"type":"Point","coordinates":[6.6929335,46.1687461]}},
{"type":"Feature","id":"node/1116780649","properties":{"type":"node","id":1116780649,"tags":{"aerialway":"station","name":"Chamossière Express","public_transport":"station"},"relations":[],"meta":{}},"geometry":{"type":"Point","coordinates":[6.7101666,46.1386845]}},
{"type":"Feature","id":"node/1116780672","properties":{"type":"node","id":1116780672,"tags":{"aerialway":"station","name":"Pointe de Nyon","public_transport":"station"},"relations":[],"meta":{}},"geometry":{"type":"Point","coordinates":[6.7225398,46.1476833]}},
{"type":"Feature","id":"node/1116780690","properties":{"type":"node","id":1116780690,"tags":{"aerialway":"station","name":"Pointe de Nyon","public_transport":"station"},"relations":[],"meta":{}},"geometry":{"type":"Point","coordinates":[6.712486,46.1579415]}},
{"type":"Feature","id":"node/1235627900","properties":{"type":"node","id":1235627900,"tags":{"aerialway":"station","name":"Praz l'Évèque","public_transport":"station"},"relations":[],"meta":{}},"geometry":{"type":"Point","coordinates":[6.5818381,46.1600043]}},
{"type":"Feature","id":"node/1235627902","properties":{"type":"node","id":1235627902,"tags":{"aerialway":"station","name":"Praz l'Évèque","public_transport":"station"},"relations":[],"meta":{}},"geometry":{"type":"Point","coordinates":[6.5913933,46.1556918]}},
{"type":"Feature","id":"node/1454009890","properties":{"type":"node","id":1454009890,"tags":{"aerialway":"station","contact:website":"http://info.chatel.com/la-piste-de-bob-luges-de-chatel.html","name":"Fantasticable","public_transport":"station"},"relations":[],"meta":{}},"geometry":{"type":"Point","coordinates":[6.7920341,46.2111616]}},
{"type":"Feature","id":"node/1454009903","properties":{"type":"node","id":1454009903,"tags":{"aerialway":"station","contact:website":"http://info.chatel.com/la-piste-de-bob-luges-de-chatel.html","name":"Fantasticable","public_transport":"station"},"relations":[],"meta":{}},"geometry":{"type":"Point","coordinates":[6.8002372,46.2202769]}},
{"type":"Feature","id":"node/1454009907","properties":{"type":"node","id":1454009907,"tags":{"aerialway":"station","contact:website":"http://info.chatel.com/la-piste-de-bob-luges-de-chatel.html","name":"Fantasticable","public_transport":"station"},"relations":[],"meta":{}},"geometry":{"type":"Point","coordinates":[6.8000566,46.2205386]}},
{"type":"Feature","id":"node/1454009911","properties":{"type":"node","id":1454009911,"tags":{"aerialway":"station","contact:website":"http://info.chatel.com/la-piste-de-bob-luges-de-chatel.html","name":"Fantasticable","public_transport":"station"},"relations":[],"meta":{}},"geometry":{"type":"Point","coordinates":[6.7836089,46.2214696]}},
{"type":"Feature","id":"node/1605329928","properties":{"type":"node","id":1605329928,"tags":{"aerialway":"station","ele":"1746","name":"Planeys","public_transport":"station"},"relations":[],"meta":{}},"geometry":{"type":"Point","coordinates":[6.6508059,46.1695248]}},
{"type":"Feature","id":"node/1606921675","properties":{"type":"node","id":1606921675,"tags":{"aerialway":"station","name":"Vieux Chêne","public_transport":"station"},"relations":[],"meta":{}},"geometry":{"type":"Point","coordinates":[6.6698219,46.1552701]}},
{"type":"Feature","id":"node/1606921678","properties":{"type":"node","id":1606921678,"tags":{"aerialway":"station","name":"Vieux Chêne","public_transport":"station"},"relations":[],"meta":{}},"geometry":{"type":"Point","coordinates":[6.6678884,46.156648]}},
{"type":"Feature","id":"node/1607440806","properties":{"type":"node","id":1607440806,"tags":{"aerialway":"station","name":"Boule de Gomme","public_transport":"station"},"relations":[],"meta":{}},"geometry":{"type":"Point","coordinates":[6.6725836,46.15596]}},
{"type":"Feature","id":"node/1607440808","properties":{"type":"node","id":1607440808,"tags":{"aerialway":"station","name":"Mouille au Roy","public_transport":"station"},"relations":[],"meta":{}},"geometry":{"type":"Point","coordinates":[6.6875985,46.1503047]}},
{"type":"Feature","id":"node/1607440810","properties":{"type":"node","id":1607440810,"tags":{"aerialway":"station","name":"Boule de Gomme","public_transport":"station"},"relations":[],"meta":{}},"geometry":{"type":"Point","coordinates":[6.669318,46.1572257]}},
{"type":"Feature","id":"node/1623715806","properties":{"type":"node","id":1623715806,"tags":{"aerialway":"station","name":"Sépaya 2","public_transport":"station"},"relations":[],"meta":{}},"geometry":{"type":"Point","coordinates":[6.8725931,46.2124456]}},
{"type":"Feature","id":"node/1623716011","properties":{"type":"node","id":1623716011,"tags":{"aerialway":"station","ele":"1534","name":"Chaux","operator":"TM","public_transport":"station","uic_name":"Segneux, Le","uic_ref":"8530072"},"relations":[],"meta":{}},"geometry":{"type":"Point","coordinates":[6.8712131,46.2205425]}},
{"type":"Feature","id":"node/1623729914","properties":{"type":"node","id":1623729914,"tags":{"aerialway":"station","name":"Corbeau","public_transport":"station","uic_name":"Morgins (Les Têtes)","uic_ref":"8530068"},"relations":[],"meta":{}},"geometry":{"type":"Point","coordinates":[6.8542416,46.2411369]}},
{"type":"Feature","id":"node/1623729918","properties":{"type":"node","id":1623729918,"tags":{"aerialway":"station","name":"Corbeau","public_transport":"station","uic_name":"Les Têtes","uic_ref":"8530069"},"relations":[],"meta":{}},"geometry":{"type":"Point","coordinates":[6.8645903,46.248533]}},
{"type":"Feature","id":"node/1623729923","properties":{"type":"node","id":1623729923,"tags":{"aerialway":"station","name":"Écottis","public_transport":"station"},"relations":[],"meta":{}},"geometry":{"type":"Point","coordinates":[6.8647367,46.2489812]}},
{"type":"Feature","id":"node/1623754241","properties":{"type":"node","id":1623754241,"tags":{"aerialway":"station","name":"Chermeu"},"relations":[],"meta":{}},"geometry":{"type":"Point","coordinates":[6.871206,46.272696]}},
{"type":"Feature","id":"node/1624081349","properties":{"type":"node","id":1624081349,"tags":{"aerialway":"station","name":"Écottis","public_transport":"station"},"relations":[],"meta":{}},"geometry":{"type":"Point","coordinates":[6.8710536,46.2476912]}},
{"type":"Feature","id":"node/1624081445","properties":{"type":"node","id":1624081445,"tags":{"aerialway":"station","name":"Coqs 2","public_transport":"station"},"relations":[],"meta":{}},"geometry":{"type":"Point","coordinates":[6.8602163,46.2632436]}},
{"type":"Feature","id":"node/1624081449","properties":{"type":"node","id":1624081449,"tags":{"aerialway":"station","name":"Coqs 1","public_transport":"station"},"relations":[],"meta":{}},"geometry":{"type":"Point","coordinates":[6.8602157,46.2633452]}},
{"type":"Feature","id":"node/1624081452","properties":{"type":"node","id":1624081452,"tags":{"aerialway":"station","name":"Corbeau","public_transport":"station"},"relations":[],"meta":{}},"geometry":{"type":"Point","coordinates":[6.8604557,46.2647894]}},
{"type":"Feature","id":"node/1624081460","properties":{"type":"node","id":1624081460,"tags":{"aerialway":"station","name":"Coqs 2"},"relations":[],"meta":{}},"geometry":{"type":"Point","coordinates":[6.8530656,46.2663514]}},
{"type":"Feature","id":"node/1624081463","properties":{"type":"node","id":1624081463,"tags":{"aerialway":"station","name":"Coqs 1"},"relations":[],"meta":{}},"geometry":{"type":"Point","coordinates":[6.8530751,46.2664367]}},
{"type":"Feature","id":"node/1624081476","properties":{"type":"node","id":1624081476,"tags":{"aerialway":"station","name":"Super-Châtel","public_transport":"station"},"relations":[],"meta":{}},"geometry":{"type":"Point","coordinates":[6.8572178,46.2675721]}},
{"type":"Feature","id":"node/1624081481","properties":{"type":"node","id":1624081481,"tags":{"aerialway":"station","name":"Chermillon","public_transport":"station"},"relations":[],"meta":{}},"geometry":{"type":"Point","coordinates":[6.8586829,46.2678998]}},
{"type":"Feature","id":"node/1624081483","properties":{"type":"node","id":1624081483,"tags":{"aerialway":"station","name":"Morclan","public_transport":"station"},"relations":[],"meta":{}},"geometry":{"type":"Point","coordinates":[6.8566538,46.2680415]}},
{"type":"Feature","id":"node/1624081485","properties":{"type":"node","id":1624081485,"tags":{"aerialway":"station","aerialway:access":"exit","name":"Chermillon","public_transport":"station"},"relations":[],"meta":{}},"geometry":{"type":"Point","coordinates":[6.8628265,46.2698096]}},
{"type":"Feature","id":"node/1624081495","properties":{"type":"node","id":1624081495,"tags":{"aerialway":"station","name":"Morclan","public_transport":"station"},"relations":[],"meta":{}},"geometry":{"type":"Point","coordinates":[6.8595294,46.2761846]}},
{"type":"Feature","id":"node/1624100439","properties":{"type":"node","id":1624100439,"tags":{"aerialway":"station","name":"Super-Châtel","public_transport":"station"},"relations":[],"meta":{}},"geometry":{"type":"Point","coordinates":[6.8423985,46.2666962]}},
{"type":"Feature","id":"node/1625186364","properties":{"type":"node","id":1625186364,"tags":{"aerialway":"station","name":"Bossons","public_transport":"station"},"relations":[],"meta":{}},"geometry":{"type":"Point","coordinates":[6.8596949,46.2615608]}},
{"type":"Feature","id":"node/1625186384","properties":{"type":"node","id":1625186384,"tags":{"aerialway":"station","name":"Corbeau","public_transport":"station"},"relations":[],"meta":{}},"geometry":{"type":"Point","coordinates":[6.8638712,46.2619813]}},
{"type":"Feature","id":"node/1625186602","properties":{"type":"node","id":1625186602,"tags":{"aerialway":"station"},"relations":[],"meta":{}},"geometry":{"type":"Point","coordinates":[6.8525721,46.2660119]}},
{"type":"Feature","id":"node/1625188846","properties":{"type":"node","id":1625188846,"tags":{"aerialway":"station","aerialway:access":"entry","name":"Chermeu"},"relations":[],"meta":{}},"geometry":{"type":"Point","coordinates":[6.8647675,46.2698406]}},
{"type":"Feature","id":"node/1625203394","properties":{"type":"node","id":1625203394,"tags":{"aerialway":"station","name":"Pré la Joux","public_transport":"station"},"relations":[],"meta":{}},"geometry":{"type":"Point","coordinates":[6.8022591,46.225849]}},
{"type":"Feature","id":"node/1625203412","properties":{"type":"node","id":1625203412,"tags":{"aerialway":"station","name":"Cornebois","public_transport":"station"},"relations":[],"meta":{}},"geometry":{"type":"Point","coordinates":[6.7988313,46.2283318]}},
{"type":"Feature","id":"node/1625203416","properties":{"type":"node","id":1625203416,"tags":{"aerialway":"station","name":"Combes","public_transport":"station"},"relations":[],"meta":{}},"geometry":{"type":"Point","coordinates":[6.7991323,46.2290783]}},
{"type":"Feature","id":"node/1625203431","properties":{"type":"node","id":1625203431,"tags":{"aerialway":"station","name":"Pré la Joux","public_transport":"station"},"relations":[],"meta":{}},"geometry":{"type":"Point","coordinates":[6.790554,46.2352598]}},
{"type":"Feature","id":"node/1625206062","properties":{"type":"node","id":1625206062,"tags":{"aerialway":"station","name":"Rubis"},"relations":[],"meta":{}},"geometry":{"type":"Point","coordinates":[6.786254,46.2323819]}},
{"type":"Feature","id":"node/1625206064","properties":{"type":"node","id":1625206064,"tags":{"aerialway":"station","name":"Rubis"},"relations":[],"meta":{}},"geometry":{"type":"Point","coordinates":[6.7888396,46.2324491]}},
{"type":"Feature","id":"node/1625483361","properties":{"type":"node","id":1625483361,"tags":{"aerialway":"station","name":"Derrière Pertuis","public_transport":"station"},"relations":[],"meta":{}},"geometry":{"type":"Point","coordinates":[6.8501982,46.2156163]}},
{"type":"Feature","id":"node/1625488251","properties":{"type":"node","id":1625488251,"tags":{"aerialway":"station","name":"Pointe de l'Au","public_transport":"station"},"relations":[],"meta":{}},"geometry":{"type":"Point","coordinates":[6.841017,46.1993254]}},
{"type":"Feature","id":"node/1625501778","properties":{"type":"node","id":1625501778,"tags":{"aerialway":"station","name":"Ripaille 1","public_transport":"station"},"relations":[],"meta":{}},"geometry":{"type":"Point","coordinates":[6.8116918,46.1702738]}},
{"type":"Feature","id":"node/1625501787","properties":{"type":"node","id":1625501787,"tags":{"aerialway":"station","name":"Ripaille 2","public_transport":"station"},"relations":[],"meta":{}},"geometry":{"type":"Point","coordinates":[6.8116625,46.1703261]}},
{"type":"Feature","id":"node/1625501800","properties":{"type":"node","id":1625501800,"tags":{"aerialway":"station","aerialway:access":"exit","internet_access":"yes","name":"Chavanette 2","operator":"Serma","public_transport":"station"},"relations":[],"meta":{}},"geometry":{"type":"Point","coordinates":[6.8052578,46.1732378]}},
{"type":"Feature","id":"node/1625501801","properties":{"type":"node","id":1625501801,"tags":{"aerialway":"station","aerialway:access":"exit","ele":"2151","name":"Chavanette","public_transport":"station"},"relations":[],"meta":{}},"geometry":{"type":"Point","coordinates":[6.8052188,46.1734286]}},
{"type":"Feature","id":"node/1625501826","properties":{"type":"node","id":1625501826,"tags":{"aerialway":"station","name":"Chavanette","public_transport":"station"},"relations":[],"meta":{}},"geometry":{"type":"Point","coordinates":[6.8157899,46.1740818]}},
{"type":"Feature","id":"node/1625515257","properties":{"type":"node","id":1625515257,"tags":{"aerialway":"station","ele":"2277","name":"Mossettes","public_transport":"station"},"relations":[],"meta":{}},"geometry":{"type":"Point","coordinates":[6.8151579,46.1915968]}},
{"type":"Feature","id":"node/1625515262","properties":{"type":"node","id":1625515262,"tags":{"aerialway":"station","ele":"2252","name":"Pointe-des-Mossettes","operator":"TCP","public_transport":"station","uic_name":"Pointe-des-Mossettes","uic_ref":"8530079"},"relations":[],"meta":{}},"geometry":{"type":"Point","coordinates":[6.8157467,46.1920125]}},
{"type":"Feature","id":"node/1625515285","properties":{"type":"node","id":1625515285,"tags":{"aerialway":"station","ele":"2277","name":"Mossettes","public_transport":"station"},"relations":[],"meta":{}},"geometry":{"type":"Point","coordinates":[6.7879802,46.1987954]}},
{"type":"Feature","id":"node/1626507264","properties":{"type":"node","id":1626507264,"tags":{"aerialway":"station","ele":"2277","name":"Petit Châtel","public_transport":"station"},"relations":[],"meta":{}},"geometry":{"type":"Point","coordinates":[6.8426298,46.282523]}},
{"type":"Feature","id":"node/1626507266","properties":{"type":"node","id":1626507266,"tags":{"aerialway":"station","ele":"2277","name":"Barbossine","public_transport":"station"},"relations":[],"meta":{}},"geometry":{"type":"Point","coordinates":[6.8421554,46.2826304]}},
{"type":"Feature","id":"node/1626519533","properties":{"type":"node","id":1626519533,"tags":{"aerialway":"station","ele":"2277","name":"Ripaille 1","public_transport":"station"},"relations":[],"meta":{}},"geometry":{"type":"Point","coordinates":[6.8261795,46.1735705]}},
{"type":"Feature","id":"node/1626519535","properties":{"type":"node","id":1626519535,"tags":{"aerialway":"station","ele":"2277","name":"Ripalle 2","public_transport":"station"},"relations":[],"meta":{}},"geometry":{"type":"Point","coordinates":[6.8261446,46.1736123]}},
{"type":"Feature","id":"node/1626519539","properties":{"type":"node","id":1626519539,"tags":{"aerialway":"station","ele":"2277","name":"Pauvre Conche","public_transport":"station"},"relations":[],"meta":{}},"geometry":{"type":"Point","coordinates":[6.8275336,46.1738081]}},
{"type":"Feature","id":"node/1626519554","properties":{"type":"node","id":1626519554,"tags":{"aerialway":"station","ele":"1983","name":"Pauvre Conche","public_transport":"station"},"relations":[],"meta":{}},"geometry":{"type":"Point","coordinates":[6.8202185,46.1805398]}},
{"type":"Feature","id":"node/1626744833","properties":{"type":"node","id":1626744833,"tags":{"addr:city":"Morzine","addr:postcode":"74110","addr:street":"Promenade du Pas du Lac","aerialway":"station","aerialway:access":"entry","ele":"2277","name":"Stade","operator":"Serma","public_transport":"station"},"relations":[],"meta":{}},"geometry":{"type":"Point","coordinates":[6.7790102,46.1872738]}},
{"type":"Feature","id":"node/1626775932","properties":{"type":"node","id":1626775932,"tags":{"aerialway":"station","name":"Petit Châtel","public_transport":"station"},"relations":[],"meta":{}},"geometry":{"type":"Point","coordinates":[6.8367783,46.2772552]}},
{"type":"Feature","id":"node/1627547152","properties":{"type":"node","id":1627547152,"tags":{"aerialway":"station","name":"Choucas","public_transport":"station"},"relations":[],"meta":{}},"geometry":{"type":"Point","coordinates":[6.801919,46.1718133]}},
{"type":"Feature","id":"node/1627547184","properties":{"type":"node","id":1627547184,"tags":{"aerialway":"station","aerialway:access":"entry","ele":"1815","name":"Fornet","operator":"Serma","public_transport":"station"},"relations":[],"meta":{}},"geometry":{"type":"Point","coordinates":[6.7883986,46.1788847]}},
{"type":"Feature","id":"node/1627547188","properties":{"type":"node","id":1627547188,"tags":{"aerialway":"station","aerialway:access":"entry","ele":"1812","name":"Choucas","operator":"Sema","public_transport":"station"},"relations":[],"meta":{}},"geometry":{"type":"Point","coordinates":[6.789174,46.1793127]}},
{"type":"Feature","id":"node/1627547191","properties":{"type":"node","id":1627547191,"tags":{"addr:city":"Morzine","aerialway":"station","aerialway:access":"entry","ele":"1812","name":"Chavanette 2","operator":"Serma","public_transport":"station"},"relations":[],"meta":{}},"geometry":{"type":"Point","coordinates":[6.7893124,46.1795781]}},
{"type":"Feature","id":"node/1627570744","properties":{"type":"node","id":1627570744,"tags":{"addr:city":"Morzine","addr:postcode":"74110","aerialway":"station","aerialway:access":"exit","ele":"1931","internet_access":"wlan","name":"Stade","operator":"Serma","public_transport":"station"},"relations":[],"meta":{}},"geometry":{"type":"Point","coordinates":[6.7798846,46.1804857]}},
{"type":"Feature","id":"node/1627574944","properties":{"type":"node","id":1627574944,"tags":{"aerialway":"station","aerialway:access":"entry","ele":"1739","name":"Tour","operator":"Serma","public_transport":"station"},"relations":[],"meta":{}},"geometry":{"type":"Point","coordinates":[6.7803965,46.1880553]}},
{"type":"Feature","id":"node/1627574961","properties":{"type":"node","id":1627574961,"tags":{"aerialway":"station","aerialway:access":"exit","ele":"1918","name":"Tour","operator":"Serma","public_transport":"station"},"relations":[],"meta":{}},"geometry":{"type":"Point","coordinates":[6.7766107,46.1942383]}},
{"type":"Feature","id":"node/1627582473","properties":{"type":"node","id":1627582473,"tags":{"aerialway":"station","aerialway:access":"exit","ele":"1799","name":"Surf","operator":"Serma","public_transport":"station"},"relations":[],"meta":{}},"geometry":{"type":"Point","coordinates":[6.7776289,46.185913]}},
{"type":"Feature","id":"node/1627621341","properties":{"type":"node","id":1627621341,"tags":{"aerialway":"station","aerialway:access":"exit","name":"Grandes Combes","operator":"Serma","public_transport":"station"},"relations":[],"meta":{}},"geometry":{"type":"Point","coordinates":[6.7767331,46.1721414]}},
{"type":"Feature","id":"node/1627621361","properties":{"type":"node","id":1627621361,"tags":{"aerialway":"station","name":"Grandes Combes","public_transport":"station"},"relations":[],"meta":{}},"geometry":{"type":"Point","coordinates":[6.7663396,46.1867383]}},
{"type":"Feature","id":"node/1627637673","properties":{"type":"node","id":1627637673,"tags":{"aerialway":"station","ele":"1933","name":"Rochassons","public_transport":"station"},"relations":[],"meta":{}},"geometry":{"type":"Point","coordinates":[6.7913381,46.2115878]}},
{"type":"Feature","id":"node/1627637677","properties":{"type":"node","id":1627637677,"tags":{"aerialway":"station","name":"Chaux des Rosées","public_transport":"station"},"relations":[],"meta":{}},"geometry":{"type":"Point","coordinates":[6.793556,46.2173186]}},
{"type":"Feature","id":"node/1627637690","properties":{"type":"node","id":1627637690,"tags":{"aerialway":"station","ele":"1639","name":"Rochassons","public_transport":"station"},"relations":[],"meta":{}},"geometry":{"type":"Point","coordinates":[6.7932098,46.2183066]}},
{"type":"Feature","id":"node/1627648169","properties":{"type":"node","id":1627648169,"tags":{"aerialway":"station","name":"Chaux des Rosées","public_transport":"station"},"relations":[],"meta":{}},"geometry":{"type":"Point","coordinates":[6.8050837,46.211886]}},
{"type":"Feature","id":"node/1627667100","properties":{"type":"node","id":1627667100,"tags":{"aerialway":"station","name":"Chaux Fleurie","public_transport":"station"},"relations":[],"meta":{}},"geometry":{"type":"Point","coordinates":[6.7903527,46.211694]}},
{"type":"Feature","id":"node/1627673094","properties":{"type":"node","id":1627673094,"tags":{"aerialway":"station","aerialway:access":"entry","name":"Prolays Express","operator":"Serma","public_transport":"station"},"relations":[],"meta":{}},"geometry":{"type":"Point","coordinates":[6.7772866,46.2060084]}},
{"type":"Feature","id":"node/1627673097","properties":{"type":"node","id":1627673097,"tags":{"aerialway":"station","name":"Léchère","public_transport":"station"},"relations":[],"meta":{}},"geometry":{"type":"Point","coordinates":[6.7792045,46.2060945]}},
{"type":"Feature","id":"node/1627673101","properties":{"type":"node","id":1627673101,"tags":{"aerialway":"station","name":"Chaux Fleurie","public_transport":"station"},"relations":[],"meta":{}},"geometry":{"type":"Point","coordinates":[6.77827,46.207011]}},
{"type":"Feature","id":"node/1627673102","properties":{"type":"node","id":1627673102,"tags":{"aerialway":"station","aerialway:access":"entry","name":"Lindarets","operator":"Serma","public_transport":"station"},"relations":[],"meta":{}},"geometry":{"type":"Point","coordinates":[6.7767169,46.2072588]}},
{"type":"Feature","id":"node/1627673105","properties":{"type":"node","id":1627673105,"tags":{"aerialway":"station","name":"Ardent","public_transport":"station"},"relations":[],"meta":{}},"geometry":{"type":"Point","coordinates":[6.7781291,46.2079166]}},
{"type":"Feature","id":"node/1627676629","properties":{"type":"node","id":1627676629,"tags":{"aerialway":"station","name":"Ardent","public_transport":"station"},"relations":[],"meta":{}},"geometry":{"type":"Point","coordinates":[6.7609866,46.2137817]}},
{"type":"Feature","id":"node/1627691311","properties":{"type":"node","id":1627691311,"tags":{"aerialway":"station","ele":"2138","name":"Grand-Conche","operator":"TCP","public_transport":"station","uic_name":"Grand-Conche","uic_ref":"8531110"},"relations":[],"meta":{}},"geometry":{"type":"Point","coordinates":[6.8147395,46.1828362]}},
{"type":"Feature","id":"node/1627691328","properties":{"type":"node","id":1627691328,"tags":{"aerialway":"station","aerialway:access":"exit","name":"Prolays","operator":"Serma","public_transport":"station"},"relations":[],"meta":{}},"geometry":{"type":"Point","coordinates":[6.7794813,46.1933971]}},
{"type":"Feature","id":"node/1627698471","properties":{"type":"node","id":1627698471,"tags":{"aerialway":"station","ele":"1696","name":"Grand Conche","public_transport":"station"},"relations":[],"meta":{}},"geometry":{"type":"Point","coordinates":[6.8329468,46.1836066]}},
{"type":"Feature","id":"node/1627703065","properties":{"type":"node","id":1627703065,"tags":{"addr:city":"Morzine","aerialway":"station","aerialway:access":"entry","name":"Cuboré","operator":"Serma","public_transport":"station"},"relations":[],"meta":{}},"geometry":{"type":"Point","coordinates":[6.8027412,46.1758172]}},
{"type":"Feature","id":"node/1627703075","properties":{"type":"node","id":1627703075,"tags":{"aerialway":"station","name":"Cuboré","public_transport":"station"},"relations":[],"meta":{}},"geometry":{"type":"Point","coordinates":[6.808785,46.1824862]}},
{"type":"Feature","id":"node/1627739351","properties":{"type":"node","id":1627739351,"tags":{"addr:city":"Champéry","addr:postcode":"1874","addr:street":"Route du Grand Paradis","aerialway":"station","aerialway:summer:access":"both","name":"Grand Paradis","public_transport":"station"},"relations":[],"meta":{}},"geometry":{"type":"Point","coordinates":[6.8595968,46.1638794]}},
{"type":"Feature","id":"node/1627739386","properties":{"type":"node","id":1627739386,"tags":{"aerialway":"station","name":"Planachaux","public_transport":"station"},"relations":[],"meta":{}},"geometry":{"type":"Point","coordinates":[6.8417857,46.1691251]}},
{"type":"Feature","id":"node/1627837599","properties":{"type":"node","id":1627837599,"tags":{"aerialway":"station","aerialway:access":"both","name":"Grand Paradis","public_transport":"station"},"relations":[],"meta":{}},"geometry":{"type":"Point","coordinates":[6.8429411,46.169028]}},
{"type":"Feature","id":"node/1627839297","properties":{"type":"node","id":1627839297,"tags":{"aerialway":"station","ele":"2023","name":"Aiguille des Champeys","public_transport":"station","source":"Bundesamt für Verkehr (BAV), DIDOK 2022","uic_name":"Aiguille des Champeys","uic_ref":"8531366"},"relations":[],"meta":{}},"geometry":{"type":"Point","coordinates":[6.8480037,46.2046742]}},
{"type":"Feature","id":"node/1627839298","properties":{"type":"node","id":1627839298,"tags":{"aerialway":"station","ele":"1664","name":"Aiguille des Champeys","operator":"TCP","public_transport":"station","source":"Bundesamt für Verkehr (BAV), DIDOK 2022","uic_name":"Champoussin (télésiège)","uic_ref":"8531365"},"relations":[],"meta":{}},"geometry":{"type":"Point","coordinates":[6.8599748,46.2066755]}},
{"type":"Feature","id":"node/1632509226","properties":{"type":"node","id":1632509226,"tags":{"aerialway":"station","ele":"1678","name":"Pointe","public_transport":"station"},"relations":[],"meta":{}},"geometry":{"type":"Point","coordinates":[6.6523065,46.1665836]}},
{"type":"Feature","id":"node/1632509227","properties":{"type":"node","id":1632509227,"tags":{"aerialway":"station","ele":"1818","name":"Pointe","public_transport":"station"},"relations":[],"meta":{}},"geometry":{"type":"Point","coordinates":[6.6476269,46.1685774]}},
{"type":"Feature","id":"node/1643043244","properties":{"type":"node","id":1643043244,"tags":{"aerialway":"station","name":"Lac","public_transport":"station"},"relations":[],"meta":{}},"geometry":{"type":"Point","coordinates":[6.7019397,46.2594828]}},
{"type":"Feature","id":"node/1643043245","properties":{"type":"node","id":1643043245,"tags":{"aerialway":"station","name":"Lac","public_transport":"station"},"relations":[],"meta":{}},"geometry":{"type":"Point","coordinates":[6.7113215,46.2629697]}},
{"type":"Feature","id":"node/1643043246","properties":{"type":"node","id":1643043246,"tags":{"aerialway":"station","name":"Grand Frémoux","public_transport":"station"},"relations":[],"meta":{}},"geometry":{"type":"Point","coordinates":[6.7042278,46.2643549]}},
{"type":"Feature","id":"node/1643043247","properties":{"type":"node","id":1643043247,"tags":{"aerialway":"station","name":"Petit Covagny","public_transport":"station"},"relations":[],"meta":{}},"geometry":{"type":"Point","coordinates":[6.7075652,46.26459]}},
{"type":"Feature","id":"node/1643043248","properties":{"type":"node","id":1643043248,"tags":{"aerialway":"station","name":"Petit Covagny","public_transport":"station"},"relations":[],"meta":{}},"geometry":{"type":"Point","coordinates":[6.7055588,46.2647773]}},
{"type":"Feature","id":"node/1643043249","properties":{"type":"node","id":1643043249,"tags":{"aerialway":"pylon"},"relations":[],"meta":{}},"geometry":{"type":"Point","coordinates":[6.7003902,46.2651412]}},
{"type":"Feature","id":"node/1643043250","properties":{"type":"node","id":1643043250,"tags":{"aerialway":"station","name":"Petit Frémoux","public_transport":"station"},"relations":[],"meta":{}},"geometry":{"type":"Point","coordinates":[6.7049888,46.265147]}},
{"type":"Feature","id":"node/1643043251","properties":{"type":"node","id":1643043251,"tags":{"aerialway":"pylon"},"relations":[],"meta":{}},"geometry":{"type":"Point","coordinates":[6.6942445,46.2661681]}},
{"type":"Feature","id":"node/1643043252","properties":{"type":"node","id":1643043252,"tags":{"aerialway":"station","name":"Petit Frémoux","public_transport":"station"},"relations":[],"meta":{}},"geometry":{"type":"Point","coordinates":[6.6993801,46.2662436]}},
{"type":"Feature","id":"node/1643043254","properties":{"type":"node","id":1643043254,"tags":{"aerialway":"pylon"},"relations":[],"meta":{}},"geometry":{"type":"Point","coordinates":[6.6924094,46.2671694]}},
{"type":"Feature","id":"node/1643043256","properties":{"type":"node","id":1643043256,"tags":{"aerialway":"station","name":"Grand Frémoux","public_transport":"station"},"relations":[],"meta":{}},"geometry":{"type":"Point","coordinates":[6.690506,46.2682175]}},
{"type":"Feature","id":"node/1644021974","properties":{"type":"node","id":1644021974,"tags":{"aerialway":"station","name":"Cuboré","public_transport":"station"},"relations":[],"meta":{}},"geometry":{"type":"Point","coordinates":[6.8109069,46.1862272]}},
{"type":"Feature","id":"node/1644844568","properties":{"type":"node","id":1644844568,"tags":{"aerialway":"station","name":"Géant","public_transport":"station"},"relations":[],"meta":{}},"geometry":{"type":"Point","coordinates":[6.8511036,46.2371432]}},
{"type":"Feature","id":"node/1644844570","properties":{"type":"node","id":1644844570,"tags":{"aerialway":"station","name":"Géant","public_transport":"station"},"relations":[],"meta":{}},"geometry":{"type":"Point","coordinates":[6.8460366,46.2375228]}},
{"type":"Feature","id":"node/1644931862","properties":{"type":"node","id":1644931862,"tags":{"aerialway":"station","aerialway:access":"entry","aerialway:station":"bottom","ele":"1636","name":"Proclou","operator":"Serma","public_transport":"station"},"relations":[],"meta":{}},"geometry":{"type":"Point","coordinates":[6.7522702,46.1951924]}},
{"type":"Feature","id":"node/1644931865","properties":{"type":"node","id":1644931865,"tags":{"aerialway":"station","aerialway:access":"entry","aerialway:station":"bottom","ele":"1636","name":"Séraussaix","operator":"Serma","public_transport":"station"},"relations":[],"meta":{}},"geometry":{"type":"Point","coordinates":[6.7511334,46.1956714]}},
{"type":"Feature","id":"node/1644931873","properties":{"type":"node","id":1644931873,"tags":{"aerialway":"station","aerialway:access":"exit","ele":"1873","name":"Proclou","operator":"Serma","public_transport":"station"},"relations":[],"meta":{}},"geometry":{"type":"Point","coordinates":[6.772935,46.1964566]}},
{"type":"Feature","id":"node/1644931915","properties":{"type":"node","id":1644931915,"tags":{"aerialway":"station","aerialway:access":"exit","name":"Lindarets","public_transport":"station"},"relations":[],"meta":{}},"geometry":{"type":"Point","coordinates":[6.7731011,46.1969617]}},
{"type":"Feature","id":"node/1644993204","properties":{"type":"node","id":1644993204,"tags":{"aerialway":"station","name":"Hameau","public_transport":"station"},"relations":[],"meta":{}},"geometry":{"type":"Point","coordinates":[6.8357168,46.1832077]}},
{"type":"Feature","id":"node/1645024868","properties":{"type":"node","id":1645024868,"tags":{"aerialway":"station","ele":"1530","name":"Champeys","public_transport":"station"},"relations":[],"meta":{}},"geometry":{"type":"Point","coordinates":[6.8649367,46.2058105]}},
{"type":"Feature","id":"node/1645024880","properties":{"type":"node","id":1645024880,"tags":{"aerialway":"station","ele":"1700","name":"Champeys","public_transport":"station"},"relations":[],"meta":{}},"geometry":{"type":"Point","coordinates":[6.8577125,46.2060474]}},
{"type":"Feature","id":"node/1645256639","properties":{"type":"node","id":1645256639,"tags":{"aerialway":"station","name":"Marcheuson","public_transport":"station"},"relations":[],"meta":{}},"geometry":{"type":"Point","coordinates":[6.8402572,46.1776389]}},
{"type":"Feature","id":"node/1645256644","properties":{"type":"node","id":1645256644,"tags":{"aerialway":"station","name":"Marcheuson","public_transport":"station"},"relations":[],"meta":{}},"geometry":{"type":"Point","coordinates":[6.8448769,46.178514]}},
{"type":"Feature","id":"node/1650096130","properties":{"type":"node","id":1650096130,"tags":{"aerialway":"station","aerialway:access":"exit","name":"Fornet","operator":"Serma","public_transport":"station"},"relations":[],"meta":{}},"geometry":{"type":"Point","coordinates":[6.7937935,46.1652669]}},
{"type":"Feature","id":"node/1696162143","properties":{"type":"node","id":1696162143,"tags":{"aerialway":"station","name":"Tour de Don","public_transport":"station"},"relations":[],"meta":{}},"geometry":{"type":"Point","coordinates":[6.8547792,46.2882226]}},
{"type":"Feature","id":"node/1696162155","properties":{"type":"node","id":1696162155,"tags":{"aerialway":"station","name":"Tour de Don","public_transport":"station"},"relations":[],"meta":{}},"geometry":{"type":"Point","coordinates":[6.86245,46.2887305]}},
{"type":"Feature","id":"node/1696162167","properties":{"type":"node","id":1696162167,"tags":{"aerialway":"station","name":"Barbossine","public_transport":"station"},"relations":[],"meta":{}},"geometry":{"type":"Point","coordinates":[6.8511905,46.2903101]}},
{"type":"Feature","id":"node/1757099260","properties":{"type":"node","id":1757099260,"tags":{"aerialway":"station","aerialway:access":"exit","name":"Parchet","public_transport":"station"},"relations":[],"meta":{}},"geometry":{"type":"Point","coordinates":[6.742393,46.3718214]}},
{"type":"Feature","id":"node/1757099262","properties":{"type":"node","id":1757099262,"tags":{"aerialway":"station","aerialway:access":"entry","name":"Parchet","public_transport":"station"},"relations":[],"meta":{}},"geometry":{"type":"Point","coordinates":[6.7303148,46.3790679]}},
{"type":"Feature","id":"node/2081317936","properties":{"type":"node","id":2081317936,"tags":{"aerialway":"station","name":"Sépaya 1","public_transport":"station"},"relations":[],"meta":{}},"geometry":{"type":"Point","coordinates":[6.8725627,46.2124908]}},
{"type":"Feature","id":"node/2081317937","properties":{"type":"node","id":2081317937,"tags":{"aerialway":"station","name":"Sépaya 1","public_transport":"station"},"relations":[],"meta":{}},"geometry":{"type":"Point","coordinates":[6.863243,46.2096456]}},
{"type":"Feature","id":"node/2084523253","properties":{"type":"node","id":2084523253,"tags":{"aerialway":"station","name":"Bochasses","public_transport":"station"},"relations":[],"meta":{}},"geometry":{"type":"Point","coordinates":[6.8717572,46.2182128]}},
{"type":"Feature","id":"node/2084523255","properties":{"type":"node","id":2084523255,"tags":{"aerialway":"station","name":"Bochasses","public_transport":"station"},"relations":[],"meta":{}},"geometry":{"type":"Point","coordinates":[6.8507371,46.217008]}},
{"type":"Feature","id":"node/2136263416","properties":{"type":"node","id":2136263416,"tags":{"aerialway":"pylon","ref":"P11"},"relations":[],"meta":{}},"geometry":{"type":"Point","coordinates":[6.6945284,46.1449356]}},
{"type":"Feature","id":"node/2136263431","properties":{"type":"node","id":2136263431,"tags":{"aerialway":"pylon"},"relations":[],"meta":{}},"geometry":{"type":"Point","coordinates":[6.692364,46.1667876]}},
{"type":"Feature","id":"node/2136263494","properties":{"type":"node","id":2136263494,"tags":{"aerialway":"station","name":"Tête des Crêts","public_transport":"station"},"relations":[],"meta":{}},"geometry":{"type":"Point","coordinates":[6.6956433,46.1406004]}},
{"type":"Feature","id":"node/2136263511","properties":{"type":"node","id":2136263511,"tags":{"aerialway":"pylon","ref":"P6"},"relations":[],"meta":{}},"geometry":{"type":"Point","coordinates":[6.6907653,46.1480638]}},
{"type":"Feature","id":"node/2256170514","properties":{"type":"node","id":2256170514,"tags":{"entrance":"main"},"relations":[],"meta":{}},"geometry":{"type":"Point","coordinates":[6.8215124,46.2542442]}},
{"type":"Feature","id":"node/2340863508","properties":{"type":"node","id":2340863508,"tags":{"aerialway":"station","aerialway:access":"both","name":"Prodains Express","public_transport":"station"},"relations":[],"meta":{}},"geometry":{"type":"Point","coordinates":[6.7559532,46.1889283]}},
{"type":"Feature","id":"node/2341068553","properties":{"type":"node","id":2341068553,"tags":{"access":"no","aerialway":"station","bicycle":"yes","name":"Super-Morzine","public_transport":"station","tactile_writing:braille:lg":"no","wheelchair":"yes"},"relations":[],"meta":{}},"geometry":{"type":"Point","coordinates":[6.7035371,46.1835453]}},
{"type":"Feature","id":"node/2531891603","properties":{"type":"node","id":2531891603,"tags":{"aerialway":"station","ele":"1037","name":"Champéry","operator":"TCP","public_transport":"station","uic_name":"Champéry (Planachaux)","uic_ref":"8501451"},"relations":[],"meta":{}},"geometry":{"type":"Point","coordinates":[6.8712087,46.1749787]}},
{"type":"Feature","id":"node/2601206794","properties":{"type":"node","id":2601206794,"tags":{"aerialway":"pylon"},"relations":[],"meta":{}},"geometry":{"type":"Point","coordinates":[6.6908592,46.1481246]}},
{"type":"Feature","id":"node/2610994015","properties":{"type":"node","id":2610994015,"tags":{"aerialway":"station","aerialway:access":"entry","name":"Phébus","public_transport":"station"},"relations":[],"meta":{}},"geometry":{"type":"Point","coordinates":[6.7317827,46.3783187]}},
{"type":"Feature","id":"node/2610994018","properties":{"type":"node","id":2610994018,"tags":{"aerialway":"station","aerialway:access":"exit","name":"Phébus","public_transport":"station"},"relations":[],"meta":{}},"geometry":{"type":"Point","coordinates":[6.7379571,46.375089]}},
{"type":"Feature","id":"node/2610994173","properties":{"type":"node","id":2610994173,"tags":{"aerialway":"station","aerialway:access":"entry","name":"Tétras","public_transport":"station"},"relations":[],"meta":{}},"geometry":{"type":"Point","coordinates":[6.7226704,46.3781541]}},
{"type":"Feature","id":"node/2610994179","properties":{"type":"node","id":2610994179,"tags":{"aerialway":"station","aerialway:access":"exit","name":"Tétras","public_transport":"station"},"relations":[],"meta":{}},"geometry":{"type":"Point","coordinates":[6.7211232,46.3733544]}},
{"type":"Feature","id":"node/2610994315","properties":{"type":"node","id":2610994315,"tags":{"aerialway":"station","aerialway:access":"entry","alt_name":"Mottay 1","name":"Mottet 1","public_transport":"station"},"relations":[],"meta":{}},"geometry":{"type":"Point","coordinates":[6.7261882,46.3785038]}},
{"type":"Feature","id":"node/2610994321","properties":{"type":"node","id":2610994321,"tags":{"aerialway":"station","aerialway:access":"exit","alt_name":"Mottay 1","name":"Mottet 1","public_transport":"station"},"relations":[],"meta":{}},"geometry":{"type":"Point","coordinates":[6.7271666,46.3747545]}},
{"type":"Feature","id":"node/2610994381","properties":{"type":"node","id":2610994381,"tags":{"aerialway":"station","aerialway:access":"entry","alt_name":"Mottay 2","name":"Mottet 2","public_transport":"station"},"relations":[],"meta":{}},"geometry":{"type":"Point","coordinates":[6.7261263,46.3784948]}},
{"type":"Feature","id":"node/2610994386","properties":{"type":"node","id":2610994386,"tags":{"aerialway":"station","aerialway:access":"exit","alt_name":"Mottay 2","name":"Mottet 2","public_transport":"station"},"relations":[],"meta":{}},"geometry":{"type":"Point","coordinates":[6.7270711,46.3747417]}},
{"type":"Feature","id":"node/2610994455","properties":{"type":"node","id":2610994455,"tags":{"aerialway":"station","aerialway:access":"entry","name":"École","public_transport":"station"},"relations":[],"meta":{}},"geometry":{"type":"Point","coordinates":[6.7296561,46.3774884]}},
{"type":"Feature","id":"node/2635703585","properties":{"type":"node","id":2635703585,"tags":{"aerialway":"station","name":"Chevaly 1"},"relations":[],"meta":{}},"geometry":{"type":"Point","coordinates":[6.5922937,46.1478005]}},
{"type":"Feature","id":"node/2635703599","properties":{"type":"node","id":2635703599,"tags":{"aerialway":"station","name":"Chevaly 1"},"relations":[],"meta":{}},"geometry":{"type":"Point","coordinates":[6.5908999,46.1445157]}},
{"type":"Feature","id":"node/2637169261","properties":{"type":"node","id":2637169261,"tags":{"aerialway":"station","name":"Brésy","public_transport":"station"},"relations":[],"meta":{}},"geometry":{"type":"Point","coordinates":[6.5907826,46.138027]}},
{"type":"Feature","id":"node/2637169266","properties":{"type":"node","id":2637169266,"tags":{"aerialway":"station","name":"Canevet","public_transport":"station"},"relations":[],"meta":{}},"geometry":{"type":"Point","coordinates":[6.5918658,46.1426651]}},
{"type":"Feature","id":"node/2637169272","properties":{"type":"node","id":2637169272,"tags":{"aerialway":"station","name":"Canevet"},"relations":[],"meta":{}},"geometry":{"type":"Point","coordinates":[6.592718,46.1390805]}},
{"type":"Feature","id":"node/2637169273","properties":{"type":"node","id":2637169273,"tags":{"aerialway":"station","name":"Hôtel","public_transport":"station"},"relations":[],"meta":{}},"geometry":{"type":"Point","coordinates":[6.5921881,46.1427417]}},
{"type":"Feature","id":"node/2637169274","properties":{"type":"node","id":2637169274,"tags":{"aerialway":"pylon"},"relations":[],"meta":{}},"geometry":{"type":"Point","coordinates":[6.592765,46.1421372]}},
{"type":"Feature","id":"node/2637169275","properties":{"type":"node","id":2637169275,"tags":{"aerialway":"pylon"},"relations":[],"meta":{}},"geometry":{"type":"Point","coordinates":[6.5931315,46.1416866]}},
{"type":"Feature","id":"node/2637169277","properties":{"type":"node","id":2637169277,"tags":{"aerialway":"pylon"},"relations":[],"meta":{}},"geometry":{"type":"Point","coordinates":[6.5940565,46.1405492]}},
{"type":"Feature","id":"node/2637169278","properties":{"type":"node","id":2637169278,"tags":{"aerialway":"pylon"},"relations":[],"meta":{}},"geometry":{"type":"Point","coordinates":[6.5947511,46.1396951]}},
{"type":"Feature","id":"node/2637169286","properties":{"type":"node","id":2637169286,"tags":{"aerialway":"station","name":"Hôtel"},"relations":[],"meta":{}},"geometry":{"type":"Point","coordinates":[6.597147,46.1353799]}},
{"type":"Feature","id":"node/2637169287","properties":{"type":"node","id":2637169287,"tags":{"aerialway":"station","name":"Jora","public_transport":"station"},"relations":[],"meta":{}},"geometry":{"type":"Point","coordinates":[6.5922952,46.1434215]}},
{"type":"Feature","id":"node/2637169289","properties":{"type":"node","id":2637169289,"tags":{"aerialway":"station","name":"Jora"},"relations":[],"meta":{}},"geometry":{"type":"Point","coordinates":[6.5955566,46.1432503]}},
{"type":"Feature","id":"node/2642141965","properties":{"type":"node","id":2642141965,"tags":{"aerialway":"pylon","ref":"P9"},"relations":[],"meta":{}},"geometry":{"type":"Point","coordinates":[6.6929049,46.1466133]}},
{"type":"Feature","id":"node/2642141967","properties":{"type":"node","id":2642141967,"tags":{"aerialway":"pylon","ref":"P10"},"relations":[],"meta":{}},"geometry":{"type":"Point","coordinates":[6.6941135,46.1457928]}},
{"type":"Feature","id":"node/2642141969","properties":{"type":"node","id":2642141969,"tags":{"aerialway":"pylon","ref":"P12"},"relations":[],"meta":{}},"geometry":{"type":"Point","coordinates":[6.6949545,46.1440785]}},
{"type":"Feature","id":"node/2642141973","properties":{"type":"node","id":2642141973,"tags":{"aerialway":"pylon","ref":"P14"},"relations":[],"meta":{}},"geometry":{"type":"Point","coordinates":[6.6953025,46.1423887]}},
{"type":"Feature","id":"node/2642141975","properties":{"type":"node","id":2642141975,"tags":{"aerialway":"pylon","ref":"P16"},"relations":[],"meta":{}},"geometry":{"type":"Point","coordinates":[6.6955545,46.1411161]}},
{"type":"Feature","id":"node/2642141977","properties":{"type":"node","id":2642141977,"tags":{"aerialway":"pylon"},"relations":[],"meta":{}},"geometry":{"type":"Point","coordinates":[6.6885228,46.1475373]}},
{"type":"Feature","id":"node/2642141979","properties":{"type":"node","id":2642141979,"tags":{"aerialway":"pylon"},"relations":[],"meta":{}},"geometry":{"type":"Point","coordinates":[6.6915572,46.1461378]}},
{"type":"Feature","id":"node/2642141981","properties":{"type":"node","id":2642141981,"tags":{"aerialway":"pylon"},"relations":[],"meta":{}},"geometry":{"type":"Point","coordinates":[6.687284,46.1487691]}},
{"type":"Feature","id":"node/2642141983","properties":{"type":"node","id":2642141983,"tags":{"aerialway":"pylon"},"relations":[],"meta":{}},"geometry":{"type":"Point","coordinates":[6.6870391,46.1482178]}},
{"type":"Feature","id":"node/2642141988","properties":{"type":"node","id":2642141988,"tags":{"aerialway":"pylon"},"relations":[],"meta":{}},"geometry":{"type":"Point","coordinates":[6.6782319,46.1522257]}},
{"type":"Feature","id":"node/2642141990","properties":{"type":"node","id":2642141990,"tags":{"aerialway":"pylon"},"relations":[],"meta":{}},"geometry":{"type":"Point","coordinates":[6.6730354,46.1545918]}},
{"type":"Feature","id":"node/2642141994","properties":{"type":"node","id":2642141994,"tags":{"aerialway":"pylon"},"relations":[],"meta":{}},"geometry":{"type":"Point","coordinates":[6.6746006,46.1538734]}},
{"type":"Feature","id":"node/2642141997","properties":{"type":"node","id":2642141997,"tags":{"aerialway":"pylon"},"relations":[],"meta":{}},"geometry":{"type":"Point","coordinates":[6.6704476,46.1557892]}},
{"type":"Feature","id":"node/2642147355","properties":{"type":"node","id":2642147355,"tags":{"aerialway":"pylon","ref":"P6"},"relations":[],"meta":{}},"geometry":{"type":"Point","coordinates":[6.6661167,46.1623311]}},
{"type":"Feature","id":"node/2642147356","properties":{"type":"node","id":2642147356,"tags":{"aerialway":"pylon","ref":"P4"},"relations":[],"meta":{}},"geometry":{"type":"Point","coordinates":[6.6676843,46.1616649]}},
{"type":"Feature","id":"node/2642147357","properties":{"type":"node","id":2642147357,"tags":{"aerialway":"pylon","ref":"P7"},"relations":[],"meta":{}},"geometry":{"type":"Point","coordinates":[6.6640575,46.1632014]}},
{"type":"Feature","id":"node/2642147358","properties":{"type":"node","id":2642147358,"tags":{"aerialway":"pylon","ref":"P9"},"relations":[],"meta":{}},"geometry":{"type":"Point","coordinates":[6.659912,46.1649635]}},
{"type":"Feature","id":"node/2642148311","properties":{"type":"node","id":2642148311,"tags":{"aerialway":"pylon","ref":"P8"},"relations":[],"meta":{}},"geometry":{"type":"Point","coordinates":[6.6403039,46.1696792]}},
{"type":"Feature","id":"node/2642153864","properties":{"type":"node","id":2642153864,"tags":{"aerialway":"pylon","ref":"P3"},"relations":[],"meta":{}},"geometry":{"type":"Point","coordinates":[6.657724,46.1670964]}},
{"type":"Feature","id":"node/2642153867","properties":{"type":"node","id":2642153867,"tags":{"aerialway":"pylon","ref":"P7"},"relations":[],"meta":{}},"geometry":{"type":"Point","coordinates":[6.6535785,46.1685301]}},
{"type":"Feature","id":"node/2642153869","properties":{"type":"node","id":2642153869,"tags":{"aerialway":"pylon","ref":"P10"},"relations":[],"meta":{}},"geometry":{"type":"Point","coordinates":[6.6520343,46.169865]}},
{"type":"Feature","id":"node/2642153871","properties":{"type":"node","id":2642153871,"tags":{"aerialway":"pylon","ref":"P2"},"relations":[],"meta":{}},"geometry":{"type":"Point","coordinates":[6.6602049,46.1720158]}},
{"type":"Feature","id":"node/2643904328","properties":{"type":"node","id":2643904328,"tags":{"aerialway":"pylon"},"relations":[],"meta":{}},"geometry":{"type":"Point","coordinates":[6.6935549,46.1735302]}},
{"type":"Feature","id":"node/2643904330","properties":{"type":"node","id":2643904330,"tags":{"aerialway":"pylon"},"relations":[],"meta":{}},"geometry":{"type":"Point","coordinates":[6.6926357,46.1711654]}},
{"type":"Feature","id":"node/2644096864","properties":{"type":"node","id":2644096864,"tags":{"aerialway":"pylon","ref":"P10"},"relations":[],"meta":{}},"geometry":{"type":"Point","coordinates":[6.6655792,46.1427549]}},
{"type":"Feature","id":"node/2683329092","properties":{"type":"node","id":2683329092,"tags":{"aerialway":"pylon"},"relations":[],"meta":{}},"geometry":{"type":"Point","coordinates":[6.5941693,46.1305092]}},
{"type":"Feature","id":"node/2683329093","properties":{"type":"node","id":2683329093,"tags":{"aerialway":"pylon"},"relations":[],"meta":{}},"geometry":{"type":"Point","coordinates":[6.5940348,46.130113]}},
{"type":"Feature","id":"node/2683329094","properties":{"type":"node","id":2683329094,"tags":{"aerialway":"station","name":"Planey","public_transport":"station"},"relations":[],"meta":{}},"geometry":{"type":"Point","coordinates":[6.5924407,46.1291453]}},
{"type":"Feature","id":"node/2722306241","properties":{"type":"node","id":2722306241,"tags":{"aerialway":"station","name":"Bécrêt","public_transport":"station"},"relations":[],"meta":{}},"geometry":{"type":"Point","coordinates":[6.7033045,46.3523334]}},
{"type":"Feature","id":"node/2722306242","properties":{"type":"node","id":2722306242,"tags":{"aerialway":"station","name":"Bécrêt","public_transport":"station"},"relations":[],"meta":{}},"geometry":{"type":"Point","coordinates":[6.700112,46.3507959]}},
{"type":"Feature","id":"node/2722333406","properties":{"type":"node","id":2722333406,"tags":{"aerialway":"station","aerialway:summer:access":"no","name":"Petit Combet","public_transport":"station"},"relations":[],"meta":{}},"geometry":{"type":"Point","coordinates":[6.7016469,46.3380123]}},
{"type":"Feature","id":"node/2722348551","properties":{"type":"node","id":2722348551,"tags":{"aerialway":"station","name":"Lèche","public_transport":"station"},"relations":[],"meta":{}},"geometry":{"type":"Point","coordinates":[6.7000296,46.3459568]}},
{"type":"Feature","id":"node/2722348552","properties":{"type":"node","id":2722348552,"tags":{"aerialway":"station","name":"Lèche","public_transport":"station"},"relations":[],"meta":{}},"geometry":{"type":"Point","coordinates":[6.69829,46.345576]}},
{"type":"Feature","id":"node/2722360145","properties":{"type":"node","id":2722360145,"tags":{"aerialway":"station","name":"Mouille","public_transport":"station"},"relations":[],"meta":{}},"geometry":{"type":"Point","coordinates":[6.6892238,46.3559641]}},
{"type":"Feature","id":"node/2722360146","properties":{"type":"node","id":2722360146,"tags":{"aerialway":"station","name":"Mouille","public_transport":"station"},"relations":[],"meta":{}},"geometry":{"type":"Point","coordinates":[6.689641,46.3550662]}},
{"type":"Feature","id":"node/2731454545","properties":{"type":"node","id":2731454545,"tags":{"aerialway":"pylon"},"relations":[],"meta":{}},"geometry":{"type":"Point","coordinates":[6.5945362,46.1315902]}},
{"type":"Feature","id":"node/2731454546","properties":{"type":"node","id":2731454546,"tags":{"aerialway":"pylon"},"relations":[],"meta":{}},"geometry":{"type":"Point","coordinates":[6.5946726,46.1319922]}},
{"type":"Feature","id":"node/2731454548","properties":{"type":"node","id":2731454548,"tags":{"aerialway":"pylon"},"relations":[],"meta":{}},"geometry":{"type":"Point","coordinates":[6.5949235,46.1327313]}},
{"type":"Feature","id":"node/2731454550","properties":{"type":"node","id":2731454550,"tags":{"aerialway":"pylon"},"relations":[],"meta":{}},"geometry":{"type":"Point","coordinates":[6.5951738,46.133469]}},
{"type":"Feature","id":"node/2731454551","properties":{"type":"node","id":2731454551,"tags":{"aerialway":"pylon"},"relations":[],"meta":{}},"geometry":{"type":"Point","coordinates":[6.5954778,46.1343646]}},
{"type":"Feature","id":"node/2731454552","properties":{"type":"node","id":2731454552,"tags":{"aerialway":"station","name":"Planey","public_transport":"station"},"relations":[],"meta":{}},"geometry":{"type":"Point","coordinates":[6.5955631,46.1346159]}},
{"type":"Feature","id":"node/2731457748","properties":{"type":"node","id":2731457748,"tags":{"aerialway":"station","name":"Brésy","public_transport":"station"},"relations":[],"meta":{}},"geometry":{"type":"Point","coordinates":[6.5816541,46.140878]}},
{"type":"Feature","id":"node/2789928904","properties":{"type":"node","id":2789928904,"tags":{"aerialway":"pylon"},"relations":[],"meta":{}},"geometry":{"type":"Point","coordinates":[6.8554543,46.1750983]}},
{"type":"Feature","id":"node/2843297346","properties":{"type":"node","id":2843297346,"tags":{"aerialway":"station","ele":"1130","name":"Château","public_transport":"station"},"relations":[],"meta":{}},"geometry":{"type":"Point","coordinates":[6.658648,46.14904]}},
{"type":"Feature","id":"node/2843297347","properties":{"type":"node","id":2843297347,"tags":{"aerialway":"pylon","ref":"P4"},"relations":[],"meta":{}},"geometry":{"type":"Point","coordinates":[6.6606728,46.1478337]}},
{"type":"Feature","id":"node/2843303154","properties":{"type":"node","id":2843303154,"tags":{"aerialway":"station","name":"Poireaux 2","public_transport":"station"},"relations":[],"meta":{}},"geometry":{"type":"Point","coordinates":[6.7125827,46.1569112]}},
{"type":"Feature","id":"node/2843303156","properties":{"type":"node","id":2843303156,"tags":{"aerialway":"station","name":"Poireaux 2","public_transport":"station"},"relations":[],"meta":{}},"geometry":{"type":"Point","coordinates":[6.713592,46.1547526]}},
{"type":"Feature","id":"node/2843303157","properties":{"type":"node","id":2843303157,"tags":{"aerialway":"pylon"},"relations":[],"meta":{}},"geometry":{"type":"Point","coordinates":[6.7123253,46.1548554]}},
{"type":"Feature","id":"node/2843303158","properties":{"type":"node","id":2843303158,"tags":{"aerialway":"station","name":"Poireaux 1","public_transport":"station"},"relations":[],"meta":{}},"geometry":{"type":"Point","coordinates":[6.7126149,46.1569178]}},
{"type":"Feature","id":"node/2843303159","properties":{"type":"node","id":2843303159,"tags":{"aerialway":"station","name":"Poireaux 1","public_transport":"station"},"relations":[],"meta":{}},"geometry":{"type":"Point","coordinates":[6.7136797,46.1547789]}},
{"type":"Feature","id":"node/2843303160","properties":{"type":"node","id":2843303160,"tags":{"aerialway":"station","name":"Pré Favre","public_transport":"station"},"relations":[],"meta":{}},"geometry":{"type":"Point","coordinates":[6.7105839,46.1574998]}},
{"type":"Feature","id":"node/2843303163","properties":{"type":"node","id":2843303163,"tags":{"aerialway":"station","name":"Pré Favre","public_transport":"station"},"relations":[],"meta":{}},"geometry":{"type":"Point","coordinates":[6.7073659,46.1647655]}},
{"type":"Feature","id":"node/2845394712","properties":{"type":"node","id":2845394712,"tags":{"aerialway":"station","ele":"1410","name":"Chéry Nord","public_transport":"station"},"relations":[],"meta":{}},"geometry":{"type":"Point","coordinates":[6.6329817,46.1707767]}},
{"type":"Feature","id":"node/2899228522","properties":{"type":"node","id":2899228522,"tags":{"aerialway":"station","aerialway:access":"exit","name":"Nabor","public_transport":"station"},"relations":[],"meta":{}},"geometry":{"type":"Point","coordinates":[6.6921979,46.1663122]}},
{"type":"Feature","id":"node/2899228566","properties":{"type":"node","id":2899228566,"tags":{"aerialway":"station","aerialway:access":"entry","name":"Nabor","public_transport":"station"},"relations":[],"meta":{}},"geometry":{"type":"Point","coordinates":[6.6888135,46.1701862]}},
{"type":"Feature","id":"node/2899228712","properties":{"type":"node","id":2899228712,"tags":{"aerialway":"pylon","aerialway:access":"exit"},"relations":[],"meta":{}},"geometry":{"type":"Point","coordinates":[6.6970507,46.1777874]}},
{"type":"Feature","id":"node/2924463431","properties":{"type":"node","id":2924463431,"tags":{"aerialway":"station","ele":"1725","name":"Chargeau","public_transport":"station"},"relations":[],"meta":{}},"geometry":{"type":"Point","coordinates":[6.6296275,46.2068564]}},
{"type":"Feature","id":"node/2924463436","properties":{"type":"node","id":2924463436,"tags":{"aerialway":"pylon"},"relations":[],"meta":{}},"geometry":{"type":"Point","coordinates":[6.625831,46.2045472]}},
{"type":"Feature","id":"node/2924463439","properties":{"type":"node","id":2924463439,"tags":{"aerialway":"pylon"},"relations":[],"meta":{}},"geometry":{"type":"Point","coordinates":[6.6281241,46.2059419]}},
{"type":"Feature","id":"node/2924463446","properties":{"type":"node","id":2924463446,"tags":{"aerialway":"pylon"},"relations":[],"meta":{}},"geometry":{"type":"Point","coordinates":[6.6249621,46.204046]}},
{"type":"Feature","id":"node/2924463448","properties":{"type":"node","id":2924463448,"tags":{"aerialway":"pylon"},"relations":[],"meta":{}},"geometry":{"type":"Point","coordinates":[6.6272746,46.2054252]}},
{"type":"Feature","id":"node/2924463449","properties":{"type":"node","id":2924463449,"tags":{"aerialway":"station","ele":"1530","name":"Chargeau","public_transport":"station"},"relations":[],"meta":{}},"geometry":{"type":"Point","coordinates":[6.6244991,46.2037647]}},
{"type":"Feature","id":"node/2924463452","properties":{"type":"node","id":2924463452,"tags":{"aerialway":"pylon"},"relations":[],"meta":{}},"geometry":{"type":"Point","coordinates":[6.6290093,46.2064804]}},
{"type":"Feature","id":"node/2924463455","properties":{"type":"node","id":2924463455,"tags":{"aerialway":"pylon"},"relations":[],"meta":{}},"geometry":{"type":"Point","coordinates":[6.6294163,46.2067279]}},
{"type":"Feature","id":"node/2924475020","properties":{"type":"node","id":2924475020,"tags":{"aerialway":"station","ele":"1790","name":"Graydon","public_transport":"station"},"relations":[],"meta":{}},"geometry":{"type":"Point","coordinates":[6.6125981,46.198847]}},
{"type":"Feature","id":"node/2924475021","properties":{"type":"node","id":2924475021,"tags":{"aerialway":"station","ele":"1530","name":"Graydon","public_transport":"station"},"relations":[],"meta":{}},"geometry":{"type":"Point","coordinates":[6.6239976,46.2034036]}},
{"type":"Feature","id":"node/2924475022","properties":{"type":"node","id":2924475022,"tags":{"aerialway":"pylon"},"relations":[],"meta":{}},"geometry":{"type":"Point","coordinates":[6.6150333,46.1998204]}},
{"type":"Feature","id":"node/2924475023","properties":{"type":"node","id":2924475023,"tags":{"aerialway":"pylon"},"relations":[],"meta":{}},"geometry":{"type":"Point","coordinates":[6.6138629,46.1993526]}},
{"type":"Feature","id":"node/2924475024","properties":{"type":"node","id":2924475024,"tags":{"aerialway":"pylon"},"relations":[],"meta":{}},"geometry":{"type":"Point","coordinates":[6.6127685,46.1989151]}},
{"type":"Feature","id":"node/2924484099","properties":{"type":"node","id":2924484099,"tags":{"aerialway":"pylon"},"relations":[],"meta":{}},"geometry":{"type":"Point","coordinates":[6.615991,46.2002033]}},
{"type":"Feature","id":"node/2924484100","properties":{"type":"node","id":2924484100,"tags":{"aerialway":"pylon"},"relations":[],"meta":{}},"geometry":{"type":"Point","coordinates":[6.6174962,46.2008049]}},
{"type":"Feature","id":"node/2924489101","properties":{"type":"node","id":2924489101,"tags":{"aerialway":"pylon"},"relations":[],"meta":{}},"geometry":{"type":"Point","coordinates":[6.620665,46.2020715]}},
{"type":"Feature","id":"node/2924489102","properties":{"type":"node","id":2924489102,"tags":{"aerialway":"pylon"},"relations":[],"meta":{}},"geometry":{"type":"Point","coordinates":[6.6235847,46.2032386]}},
{"type":"Feature","id":"node/2924489103","properties":{"type":"node","id":2924489103,"tags":{"aerialway":"pylon"},"relations":[],"meta":{}},"geometry":{"type":"Point","coordinates":[6.6188681,46.2013533]}},
{"type":"Feature","id":"node/2924489104","properties":{"type":"node","id":2924489104,"tags":{"aerialway":"pylon"},"relations":[],"meta":{}},"geometry":{"type":"Point","coordinates":[6.6194781,46.2015971]}},
{"type":"Feature","id":"node/2924489105","properties":{"type":"node","id":2924489105,"tags":{"aerialway":"pylon"},"relations":[],"meta":{}},"geometry":{"type":"Point","coordinates":[6.622577,46.2028358]}},
{"type":"Feature","id":"node/2924489106","properties":{"type":"node","id":2924489106,"tags":{"aerialway":"pylon"},"relations":[],"meta":{}},"geometry":{"type":"Point","coordinates":[6.6218134,46.2025306]}},
{"type":"Feature","id":"node/2935215871","properties":{"type":"node","id":2935215871,"tags":{"aerialway":"pylon","ref":"P3"},"relations":[],"meta":{}},"geometry":{"type":"Point","coordinates":[6.668788,46.161194]}},
{"type":"Feature","id":"node/2935215891","properties":{"type":"node","id":2935215891,"tags":{"aerialway":"pylon","ref":"P2"},"relations":[],"meta":{}},"geometry":{"type":"Point","coordinates":[6.6694443,46.1609025]}},
{"type":"Feature","id":"node/2939365610","properties":{"type":"node","id":2939365610,"tags":{"aerialway":"station","name":"Grande Ourse","public_transport":"station"},"relations":[],"meta":{}},"geometry":{"type":"Point","coordinates":[6.6508513,46.169441]}},
{"type":"Feature","id":"node/2947519421","properties":{"type":"node","id":2947519421,"tags":{"aerialway":"pylon"},"relations":[],"meta":{}},"geometry":{"type":"Point","coordinates":[6.6745824,46.1546059]}},
{"type":"Feature","id":"node/2961031907","properties":{"type":"node","id":2961031907,"tags":{"aerialway":"station","name":"Tête des Crêts","public_transport":"station"},"relations":[],"meta":{}},"geometry":{"type":"Point","coordinates":[6.6875302,46.1502696]}},
{"type":"Feature","id":"node/2981207350","properties":{"type":"node","id":2981207350,"tags":{"aerialway":"station","name":"Mouille au Roy","public_transport":"station"},"relations":[],"meta":{}},"geometry":{"type":"Point","coordinates":[6.6934442,46.1473765]}},
{"type":"Feature","id":"node/2993893201","properties":{"type":"node","id":2993893201,"tags":{"aerialway":"station","name":"Bouchet","public_transport":"station"},"relations":[],"meta":{}},"geometry":{"type":"Point","coordinates":[6.7040223,46.1761505]}},
{"type":"Feature","id":"node/2993893202","properties":{"type":"node","id":2993893202,"tags":{"aerialway":"station","name":"Mas Verjus","public_transport":"station"},"relations":[],"meta":{}},"geometry":{"type":"Point","coordinates":[6.7033436,46.1776716]}},
{"type":"Feature","id":"node/2993893203","properties":{"type":"node","id":2993893203,"tags":{"aerialway":"station","name":"Bouchet","public_transport":"station"},"relations":[],"meta":{}},"geometry":{"type":"Point","coordinates":[6.7058274,46.176951]}},
{"type":"Feature","id":"node/2993893204","properties":{"type":"node","id":2993893204,"tags":{"aerialway":"station","name":"Mas Verjus","public_transport":"station"},"relations":[],"meta":{}},"geometry":{"type":"Point","coordinates":[6.7044487,46.1782696]}},
{"type":"Feature","id":"node/3013130729","properties":{"type":"node","id":3013130729,"tags":{"aerialway":"station","ele":"1510","name":"Terchette","public_transport":"station"},"relations":[],"meta":{}},"geometry":{"type":"Point","coordinates":[6.6313429,46.2142762]}},
{"type":"Feature","id":"node/3013130730","properties":{"type":"node","id":3013130730,"tags":{"aerialway":"station","ele":"1527","name":"Terchette","public_transport":"station"},"relations":[],"meta":{}},"geometry":{"type":"Point","coordinates":[6.6303774,46.2126431]}},
{"type":"Feature","id":"node/3013132045","properties":{"type":"node","id":3013132045,"tags":{"aerialway":"station","aerialway:access":"exit","ele":"1725","name":"Têtes","public_transport":"station"},"relations":[],"meta":{}},"geometry":{"type":"Point","coordinates":[6.6290738,46.2070802]}},
{"type":"Feature","id":"node/3013132046","properties":{"type":"node","id":3013132046,"tags":{"aerialway":"station","aerialway:access":"entry","ele":"1502","name":"Têtes","public_transport":"station"},"relations":[],"meta":{}},"geometry":{"type":"Point","coordinates":[6.6330406,46.2140004]}},
{"type":"Feature","id":"node/3013132059","properties":{"type":"node","id":3013132059,"tags":{"aerialway":"station","name":"Bray"},"relations":[],"meta":{}},"geometry":{"type":"Point","coordinates":[6.6321726,46.214184]}},
{"type":"Feature","id":"node/3013132064","properties":{"type":"node","id":3013132064,"tags":{"aerialway":"station","name":"Bray"},"relations":[],"meta":{}},"geometry":{"type":"Point","coordinates":[6.6315109,46.211698]}},
{"type":"Feature","id":"node/3013132065","properties":{"type":"node","id":3013132065,"tags":{"aerialway":"station","ele":"1243","name":"Esserailloux","public_transport":"station"},"relations":[],"meta":{}},"geometry":{"type":"Point","coordinates":[6.6405357,46.2183759]}},
{"type":"Feature","id":"node/3013132076","properties":{"type":"node","id":3013132076,"tags":{"aerialway":"station","ele":"1531","name":"Esserailloux","public_transport":"station"},"relations":[],"meta":{}},"geometry":{"type":"Point","coordinates":[6.6327457,46.2123912]}},
{"type":"Feature","id":"node/3219554554","properties":{"type":"node","id":3219554554,"tags":{"aerialway":"station","ele":"1120","manufacturer":"Montaz Mautino","name":"Torchon","public_transport":"station","start_date":"1987"},"relations":[],"meta":{}},"geometry":{"type":"Point","coordinates":[6.5765092,46.2094974]}},
{"type":"Feature","id":"node/3219554555","properties":{"type":"node","id":3219554555,"tags":{"aerialway":"station","aerialway:access":"exit","ele":"1680","manufacturer":"Montaz Mautino","name":"Follys 1","public_transport":"station","start_date":"1987"},"relations":[],"meta":{}},"geometry":{"type":"Point","coordinates":[6.5985893,46.2099649]}},
{"type":"Feature","id":"node/3219554556","properties":{"type":"node","id":3219554556,"tags":{"aerialway":"station","aerialway:access":"entry","ele":"1500","manufacturer":"Montaz Mautino","name":"Follys 1","public_transport":"station","start_date":"1987"},"relations":[],"meta":{}},"geometry":{"type":"Point","coordinates":[6.5921568,46.2105639]}},
{"type":"Feature","id":"node/3219554557","properties":{"type":"node","id":3219554557,"tags":{"aerialway":"station","ele":"1502","manufacturer":"Montaz Mautino","name":"Torchon","public_transport":"station","start_date":"1987"},"relations":[],"meta":{}},"geometry":{"type":"Point","coordinates":[6.5896781,46.2106487]}},
{"type":"Feature","id":"node/3223747332","properties":{"type":"node","id":3223747332,"tags":{"aerialway":"station","name":"Combet","public_transport":"station","type":"TSF4 GMM"},"relations":[],"meta":{}},"geometry":{"type":"Point","coordinates":[6.7024013,46.3466907]}},
{"type":"Feature","id":"node/3224083005","properties":{"type":"node","id":3224083005,"tags":{"aerialway":"station","public_transport":"station"},"relations":[],"meta":{}},"geometry":{"type":"Point","coordinates":[6.7179155,46.2781896]}},
{"type":"Feature","id":"node/3224083014","properties":{"type":"node","id":3224083014,"tags":{"aerialway":"station","public_transport":"station"},"relations":[],"meta":{}},"geometry":{"type":"Point","coordinates":[6.7178325,46.2791046]}},
{"type":"Feature","id":"node/3232360216","properties":{"type":"node","id":3232360216,"tags":{"aerialway":"station","name":"Platais","public_transport":"station"},"relations":[],"meta":{}},"geometry":{"type":"Point","coordinates":[6.6851203,46.1492203]}},
{"type":"Feature","id":"node/3232360217","properties":{"type":"node","id":3232360217,"tags":{"aerialway":"station","name":"Platais","public_transport":"station"},"relations":[],"meta":{}},"geometry":{"type":"Point","coordinates":[6.6858862,46.148714]}},
{"type":"Feature","id":"node/3232360220","properties":{"type":"node","id":3232360220,"tags":{"aerialway":"station","name":"Grand Cry","public_transport":"station"},"relations":[],"meta":{}},"geometry":{"type":"Point","coordinates":[6.686745,46.1456706]}},
{"type":"Feature","id":"node/3232360221","properties":{"type":"node","id":3232360221,"tags":{"aerialway":"station","name":"Grand Cry","public_transport":"station"},"relations":[],"meta":{}},"geometry":{"type":"Point","coordinates":[6.6906622,46.1458048]}},
{"type":"Feature","id":"node/3232427703","properties":{"type":"node","id":3232427703,"tags":{"aerialway":"station","alt_name":"Ecoles","name":"Écoles 2","public_transport":"station"},"relations":[],"meta":{}},"geometry":{"type":"Point","coordinates":[6.7702217,46.1946043]}},
{"type":"Feature","id":"node/3232427704","properties":{"type":"node","id":3232427704,"tags":{"aerialway":"station","alt_name":"Ecoles","name":"Écoles 2","public_transport":"station"},"relations":[],"meta":{}},"geometry":{"type":"Point","coordinates":[6.7724097,46.1960149]}},
{"type":"Feature","id":"node/3232427991","properties":{"type":"node","id":3232427991,"tags":{"aerialway":"station","name":"Arare 1","public_transport":"station"},"relations":[],"meta":{}},"geometry":{"type":"Point","coordinates":[6.779485,46.1801142]}},
{"type":"Feature","id":"node/3232427994","properties":{"type":"node","id":3232427994,"tags":{"aerialway":"station","aerialway:access":"exit","name":"Arare 1","operator":"Serma","public_transport":"station"},"relations":[],"meta":{}},"geometry":{"type":"Point","coordinates":[6.7812437,46.173109]}},
{"type":"Feature","id":"node/3232429401","properties":{"type":"node","id":3232429401,"tags":{"aerialway":"station","name":"Dromonts 1","public_transport":"station"},"relations":[],"meta":{}},"geometry":{"type":"Point","coordinates":[6.7764702,46.1906255]}},
{"type":"Feature","id":"node/3232429402","properties":{"type":"node","id":3232429402,"tags":{"aerialway":"pylon"},"relations":[],"meta":{}},"geometry":{"type":"Point","coordinates":[6.7732676,46.1927988]}},
{"type":"Feature","id":"node/3232429403","properties":{"type":"node","id":3232429403,"tags":{"aerialway":"station","name":"Dromonts 1","public_transport":"station"},"relations":[],"meta":{}},"geometry":{"type":"Point","coordinates":[6.7729873,46.1932602]}},
{"type":"Feature","id":"node/3232430093","properties":{"type":"node","id":3232430093,"tags":{"aerialway":"station","name":"Barmettes","public_transport":"station"},"relations":[],"meta":{}},"geometry":{"type":"Point","coordinates":[6.7783758,46.206736]}},
{"type":"Feature","id":"node/3232430094","properties":{"type":"node","id":3232430094,"tags":{"aerialway":"station","name":"Barmettes","public_transport":"station"},"relations":[],"meta":{}},"geometry":{"type":"Point","coordinates":[6.7814724,46.2062265]}},
{"type":"Feature","id":"node/3232473753","properties":{"type":"node","id":3232473753,"tags":{"aerialway":"station","name":"Coquelets","public_transport":"station"},"relations":[],"meta":{}},"geometry":{"type":"Point","coordinates":[6.8577323,46.2662616]}},
{"type":"Feature","id":"node/3232473754","properties":{"type":"node","id":3232473754,"tags":{"aerialway":"station","name":"Coquelets","public_transport":"station"},"relations":[],"meta":{}},"geometry":{"type":"Point","coordinates":[6.8595974,46.2656279]}},
{"type":"Feature","id":"node/3232491126","properties":{"type":"node","id":3232491126,"tags":{"aerialway":"station","name":"Poussinets","public_transport":"station"},"relations":[],"meta":{}},"geometry":{"type":"Point","coordinates":[6.8579438,46.2685474]}},
{"type":"Feature","id":"node/3232491127","properties":{"type":"node","id":3232491127,"tags":{"aerialway":"station","name":"Poussinets","public_transport":"station"},"relations":[],"meta":{}},"geometry":{"type":"Point","coordinates":[6.8589737,46.2687958]}},
{"type":"Feature","id":"node/3232491128","properties":{"type":"node","id":3232491128,"tags":{"aerialway":"station","name":"Débutants","public_transport":"station"},"relations":[],"meta":{}},"geometry":{"type":"Point","coordinates":[6.8588396,46.2679281]}},
{"type":"Feature","id":"node/3232491129","properties":{"type":"node","id":3232491129,"tags":{"aerialway":"station","name":"Débutants","public_transport":"station"},"relations":[],"meta":{}},"geometry":{"type":"Point","coordinates":[6.8609559,46.2676073]}},
{"type":"Feature","id":"node/3232491130","properties":{"type":"node","id":3232491130,"tags":{"aerialway":"station","name":"Poussins","public_transport":"station"},"relations":[],"meta":{}},"geometry":{"type":"Point","coordinates":[6.8581127,46.2678613]}},
{"type":"Feature","id":"node/3232491131","properties":{"type":"node","id":3232491131,"tags":{"aerialway":"station","name":"Poussins","public_transport":"station"},"relations":[],"meta":{}},"geometry":{"type":"Point","coordinates":[6.859368,46.2684083]}},
{"type":"Feature","id":"node/3232491132","properties":{"type":"node","id":3232491132,"tags":{"aerialway":"station","name":"Super Châtel"},"relations":[],"meta":{}},"geometry":{"type":"Point","coordinates":[6.8568441,46.2692519]}},
{"type":"Feature","id":"node/3232491133","properties":{"type":"node","id":3232491133,"tags":{"aerialway":"station","name":"Super-Châtel","public_transport":"station"},"relations":[],"meta":{}},"geometry":{"type":"Point","coordinates":[6.8576836,46.2679819]}},
{"type":"Feature","id":"node/3235028992","properties":{"type":"node","id":3235028992,"tags":{"aerialway":"station","name":"Viking","public_transport":"station"},"relations":[],"meta":{}},"geometry":{"type":"Point","coordinates":[6.6926391,46.1677243]}},
{"type":"Feature","id":"node/3235044638","properties":{"type":"node","id":3235044638,"tags":{"aerialway":"pylon"},"relations":[],"meta":{}},"geometry":{"type":"Point","coordinates":[6.7146721,46.1556434]}},
{"type":"Feature","id":"node/3235517759","properties":{"type":"node","id":3235517759,"tags":{"aerialway":"station","name":"Pré-la-Vieille","public_transport":"station"},"relations":[],"meta":{}},"geometry":{"type":"Point","coordinates":[6.8719621,46.2725685]}},
{"type":"Feature","id":"node/3235517760","properties":{"type":"node","id":3235517760,"tags":{"aerialway":"station","name":"Pré-la-Vieille","public_transport":"station"},"relations":[],"meta":{}},"geometry":{"type":"Point","coordinates":[6.8694382,46.2682337]}},
{"type":"Feature","id":"node/3237084493","properties":{"type":"node","id":3237084493,"tags":{"aerialway":"station","name":"Dahu","public_transport":"station"},"relations":[],"meta":{}},"geometry":{"type":"Point","coordinates":[6.7819771,46.2925554]}},
{"type":"Feature","id":"node/3237084494","properties":{"type":"node","id":3237084494,"tags":{"aerialway":"station","name":"Dahu","public_transport":"station"},"relations":[],"meta":{}},"geometry":{"type":"Point","coordinates":[6.7812838,46.2910418]}},
{"type":"Feature","id":"node/3237112074","properties":{"type":"node","id":3237112074,"tags":{"aerialway":"station","name":"Corne 1","public_transport":"station"},"relations":[],"meta":{}},"geometry":{"type":"Point","coordinates":[6.7051154,46.2636564]}},
{"type":"Feature","id":"node/3237112075","properties":{"type":"node","id":3237112075,"tags":{"aerialway":"station","name":"Corne 1","public_transport":"station"},"relations":[],"meta":{}},"geometry":{"type":"Point","coordinates":[6.7005092,46.2601627]}},
{"type":"Feature","id":"node/3286786981","properties":{"type":"node","id":3286786981,"tags":{"aerialway":"station","name":"Prodains","public_transport":"station"},"relations":[],"meta":{}},"geometry":{"type":"Point","coordinates":[6.7534268,46.188259]}},
{"type":"Feature","id":"node/3321806438","properties":{"type":"node","id":3321806438,"tags":{"aerialway":"station","name":"Gabelou","public_transport":"station"},"relations":[],"meta":{}},"geometry":{"type":"Point","coordinates":[6.8311569,46.2524624]}},
{"type":"Feature","id":"node/3321816225","properties":{"type":"node","id":3321816225,"tags":{"aerialway":"station","name":"Portes du Soleil"},"relations":[],"meta":{}},"geometry":{"type":"Point","coordinates":[6.8523057,46.2661735]}},
{"type":"Feature","id":"node/3321823740","properties":{"type":"node","id":3321823740,"tags":{"aerialway":"station","name":"Gabelou","public_transport":"station"},"relations":[],"meta":{}},"geometry":{"type":"Point","coordinates":[6.8430504,46.2548604]}},
{"type":"Feature","id":"node/3343952654","properties":{"type":"node","id":3343952654,"tags":{"aerialway":"station","name":"Truche","public_transport":"station"},"relations":[],"meta":{}},"geometry":{"type":"Point","coordinates":[6.8620107,46.2245486]}},
{"type":"Feature","id":"node/3343952655","properties":{"type":"node","id":3343952655,"tags":{"aerialway":"station","name":"Truche","public_transport":"station"},"relations":[],"meta":{}},"geometry":{"type":"Point","coordinates":[6.8596797,46.2236704]}},
{"type":"Feature","id":"node/3343967771","properties":{"type":"node","id":3343967771,"tags":{"aerialway":"station","name":"Gourtet","public_transport":"station"},"relations":[],"meta":{}},"geometry":{"type":"Point","coordinates":[6.863119,46.2248449]}},
{"type":"Feature","id":"node/3343967772","properties":{"type":"node","id":3343967772,"tags":{"aerialway":"station","name":"Gourtet","public_transport":"station"},"relations":[],"meta":{}},"geometry":{"type":"Point","coordinates":[6.8620329,46.2252361]}},
{"type":"Feature","id":"node/3400949463","properties":{"type":"node","id":3400949463,"tags":{"aerialway":"yes","name":"Culet 2","public_transport":"stop_position"},"relations":[],"meta":{}},"geometry":{"type":"Point","coordinates":[6.8711473,46.2478521]}},
{"type":"Feature","id":"node/3400949464","properties":{"type":"node","id":3400949464,"tags":{"aerialway":"station","name":"Culet 2","public_transport":"station"},"relations":[],"meta":{}},"geometry":{"type":"Point","coordinates":[6.8675564,46.2554364]}},
{"type":"Feature","id":"node/3400949465","properties":{"type":"node","id":3400949465,"tags":{"aerialway":"station","name":"Culet 1","public_transport":"station"},"relations":[],"meta":{}},"geometry":{"type":"Point","coordinates":[6.8710998,46.2478432]}},
{"type":"Feature","id":"node/3400949466","properties":{"type":"node","id":3400949466,"tags":{"aerialway":"station","name":"Culet 1","public_transport":"station"},"relations":[],"meta":{}},"geometry":{"type":"Point","coordinates":[6.8674786,46.2554179]}},
{"type":"Feature","id":"node/3400960135","properties":{"type":"node","id":3400960135,"tags":{"aerialway":"station","name":"Snowly","public_transport":"station"},"relations":[],"meta":{}},"geometry":{"type":"Point","coordinates":[6.8508744,46.2371108]}},
{"type":"Feature","id":"node/3400960136","properties":{"type":"node","id":3400960136,"tags":{"aerialway":"station","name":"Snowly","public_transport":"station"},"relations":[],"meta":{}},"geometry":{"type":"Point","coordinates":[6.8491738,46.2372314]}},
{"type":"Feature","id":"node/3400985622","properties":{"type":"node","id":3400985622,"tags":{"aerialway":"station","name":"Chalet Neuf 1","public_transport":"station"},"relations":[],"meta":{}},"geometry":{"type":"Point","coordinates":[6.8707829,46.2677757]}},
{"type":"Feature","id":"node/3400985623","properties":{"type":"node","id":3400985623,"tags":{"aerialway":"station","name":"Chalet Neuf 2","public_transport":"station"},"relations":[],"meta":{}},"geometry":{"type":"Point","coordinates":[6.8708261,46.2677714]}},
{"type":"Feature","id":"node/3400985624","properties":{"type":"node","id":3400985624,"tags":{"aerialway":"station","name":"Chalet Neuf 2","public_transport":"station"},"relations":[],"meta":{}},"geometry":{"type":"Point","coordinates":[6.8687462,46.2549463]}},
{"type":"Feature","id":"node/3400985626","properties":{"type":"node","id":3400985626,"tags":{"aerialway":"station","name":"Chalet Neuf 1","public_transport":"station"},"relations":[],"meta":{}},"geometry":{"type":"Point","coordinates":[6.8686478,46.2549621]}},
{"type":"Feature","id":"node/3402801468","properties":{"type":"node","id":3402801468,"tags":{"aerialway":"station","name":"Chapelle","public_transport":"station"},"relations":[],"meta":{}},"geometry":{"type":"Point","coordinates":[6.839125,46.1854716]}},
{"type":"Feature","id":"node/3402801469","properties":{"type":"node","id":3402801469,"tags":{"aerialway":"station","name":"Chapelle","public_transport":"station"},"relations":[],"meta":{}},"geometry":{"type":"Point","coordinates":[6.838134,46.1844185]}},
{"type":"Feature","id":"node/3438996673","properties":{"type":"node","id":3438996673,"tags":{"aerialway":"station","name":"Loy","public_transport":"station"},"relations":[],"meta":{}},"geometry":{"type":"Point","coordinates":[6.8321379,46.2584927]}},
{"type":"Feature","id":"node/3438996674","properties":{"type":"node","id":3438996674,"tags":{"aerialway":"station","name":"Loy","public_transport":"station"},"relations":[],"meta":{}},"geometry":{"type":"Point","coordinates":[6.8330349,46.257924]}},
{"type":"Feature","id":"node/3655395119","properties":{"type":"node","id":3655395119,"tags":{"aerialway":"pylon"},"relations":[],"meta":{}},"geometry":{"type":"Point","coordinates":[6.7150142,46.1372525]}},
{"type":"Feature","id":"node/3655395120","properties":{"type":"node","id":3655395120,"tags":{"aerialway":"pylon"},"relations":[],"meta":{}},"geometry":{"type":"Point","coordinates":[6.7127006,46.1379391]}},
{"type":"Feature","id":"node/3655408491","properties":{"type":"node","id":3655408491,"tags":{"aerialway":"pylon"},"relations":[],"meta":{}},"geometry":{"type":"Point","coordinates":[6.724258,46.134546]}},
{"type":"Feature","id":"node/3655408492","properties":{"type":"node","id":3655408492,"tags":{"aerialway":"pylon"},"relations":[],"meta":{}},"geometry":{"type":"Point","coordinates":[6.72279,46.1349424]}},
{"type":"Feature","id":"node/3655408493","properties":{"type":"node","id":3655408493,"tags":{"aerialway":"pylon"},"relations":[],"meta":{}},"geometry":{"type":"Point","coordinates":[6.7211912,46.1354147]}},
{"type":"Feature","id":"node/3655408494","properties":{"type":"node","id":3655408494,"tags":{"aerialway":"pylon"},"relations":[],"meta":{}},"geometry":{"type":"Point","coordinates":[6.7207327,46.1355501]}},
{"type":"Feature","id":"node/3655408495","properties":{"type":"node","id":3655408495,"tags":{"aerialway":"pylon"},"relations":[],"meta":{}},"geometry":{"type":"Point","coordinates":[6.7203881,46.1356519]}},
{"type":"Feature","id":"node/3655408496","properties":{"type":"node","id":3655408496,"tags":{"aerialway":"pylon"},"relations":[],"meta":{}},"geometry":{"type":"Point","coordinates":[6.7188323,46.1361114]}},
{"type":"Feature","id":"node/3655408497","properties":{"type":"node","id":3655408497,"tags":{"aerialway":"pylon"},"relations":[],"meta":{}},"geometry":{"type":"Point","coordinates":[6.7179021,46.1363862]}},
{"type":"Feature","id":"node/3655408498","properties":{"type":"node","id":3655408498,"tags":{"aerialway":"pylon"},"relations":[],"meta":{}},"geometry":{"type":"Point","coordinates":[6.7166505,46.136764]}},
{"type":"Feature","id":"node/3655408499","properties":{"type":"node","id":3655408499,"tags":{"aerialway":"pylon"},"relations":[],"meta":{}},"geometry":{"type":"Point","coordinates":[6.716509,46.1368062]}},
{"type":"Feature","id":"node/3655408500","properties":{"type":"node","id":3655408500,"tags":{"aerialway":"pylon"},"relations":[],"meta":{}},"geometry":{"type":"Point","coordinates":[6.7110153,46.1384221]}},
{"type":"Feature","id":"node/3655476626","properties":{"type":"node","id":3655476626,"tags":{"aerialway":"pylon","ref":"P14"},"relations":[],"meta":{}},"geometry":{"type":"Point","coordinates":[6.7039753,46.1310103]}},
{"type":"Feature","id":"node/3655476640","properties":{"type":"node","id":3655476640,"tags":{"aerialway":"pylon","ref":"P13"},"relations":[],"meta":{}},"geometry":{"type":"Point","coordinates":[6.7021123,46.1315501]}},
{"type":"Feature","id":"node/3655476694","properties":{"type":"node","id":3655476694,"tags":{"aerialway":"pylon","ref":"P8"},"relations":[],"meta":{}},"geometry":{"type":"Point","coordinates":[6.6766238,46.1337498]}},
{"type":"Feature","id":"node/3655476695","properties":{"type":"node","id":3655476695,"tags":{"aerialway":"pylon","ref":"P7"},"relations":[],"meta":{}},"geometry":{"type":"Point","coordinates":[6.6767098,46.133784]}},
{"type":"Feature","id":"node/3655483238","properties":{"type":"node","id":3655483238,"tags":{"aerialway":"pylon","ref":"P1"},"relations":[],"meta":{}},"geometry":{"type":"Point","coordinates":[6.6834926,46.1380513]}},
{"type":"Feature","id":"node/3655483239","properties":{"type":"node","id":3655483239,"tags":{"aerialway":"pylon","ref":"P2"},"relations":[],"meta":{}},"geometry":{"type":"Point","coordinates":[6.6840906,46.1381645]}},
{"type":"Feature","id":"node/3655483240","properties":{"type":"node","id":3655483240,"tags":{"aerialway":"pylon","ref":"P3"},"relations":[],"meta":{}},"geometry":{"type":"Point","coordinates":[6.6856609,46.1384616]}},
{"type":"Feature","id":"node/3655483241","properties":{"type":"node","id":3655483241,"tags":{"aerialway":"pylon","ref":"P4"},"relations":[],"meta":{}},"geometry":{"type":"Point","coordinates":[6.6869538,46.1387062]}},
{"type":"Feature","id":"node/3655483242","properties":{"type":"node","id":3655483242,"tags":{"aerialway":"pylon","ref":"P5"},"relations":[],"meta":{}},"geometry":{"type":"Point","coordinates":[6.6887884,46.1390533]}},
{"type":"Feature","id":"node/3655483243","properties":{"type":"node","id":3655483243,"tags":{"aerialway":"pylon","ref":"P6"},"relations":[],"meta":{}},"geometry":{"type":"Point","coordinates":[6.6904105,46.1393602]}},
{"type":"Feature","id":"node/3655483244","properties":{"type":"node","id":3655483244,"tags":{"aerialway":"pylon","ref":"P7"},"relations":[],"meta":{}},"geometry":{"type":"Point","coordinates":[6.6911834,46.1395064]}},
{"type":"Feature","id":"node/3655483245","properties":{"type":"node","id":3655483245,"tags":{"aerialway":"pylon","ref":"P8"},"relations":[],"meta":{}},"geometry":{"type":"Point","coordinates":[6.6929891,46.139848]}},
{"type":"Feature","id":"node/3655483246","properties":{"type":"node","id":3655483246,"tags":{"aerialway":"pylon","ref":"P9"},"relations":[],"meta":{}},"geometry":{"type":"Point","coordinates":[6.6944327,46.1401342]}},
{"type":"Feature","id":"node/3655483247","properties":{"type":"node","id":3655483247,"tags":{"aerialway":"pylon","ref":"P10"},"relations":[],"meta":{}},"geometry":{"type":"Point","coordinates":[6.694825,46.1402099]}},
{"type":"Feature","id":"node/3665206931","properties":{"type":"node","id":3665206931,"tags":{"aerialway":"station","name":"Prodains","public_transport":"station"},"relations":[],"meta":{}},"geometry":{"type":"Point","coordinates":[6.7526438,46.1894336]}},
{"type":"Feature","id":"node/3714868230","properties":{"type":"node","id":3714868230,"tags":{"aerialway":"station","name":"Pêche","public_transport":"station"},"relations":[],"meta":{}},"geometry":{"type":"Point","coordinates":[6.7308936,46.2612708]}},
{"type":"Feature","id":"node/3714868231","properties":{"type":"node","id":3714868231,"tags":{"aerialway":"station","name":"Pêche","public_transport":"station"},"relations":[],"meta":{}},"geometry":{"type":"Point","coordinates":[6.7298959,46.2624149]}},
{"type":"Feature","id":"node/3805986252","properties":{"type":"node","id":3805986252,"tags":{"aerialway":"station","aerialway:access":"both","aerialway:summer:access":"both","internet_access":"no","name":"Pierre Longue","network":"Châtel (Portes du Soleil)","operator":"SAEM Sports et Tourisme Châtel","public_transport":"station"},"relations":[],"meta":{}},"geometry":{"type":"Point","coordinates":[6.7881809,46.2318407]}},
{"type":"Feature","id":"node/3810041482","properties":{"type":"node","id":3810041482,"tags":{"aerialway":"station","aerialway:access":"both","aerialway:summer:access":"both","internet_access":"no","name":"Pierre Longue","network":"Châtel (Portes du Soleil)","operator":"SAEM Sports et Tourisme Châtel","public_transport":"station"},"relations":[],"meta":{}},"geometry":{"type":"Point","coordinates":[6.7924917,46.2184935]}},
{"type":"Feature","id":"node/3866979662","properties":{"type":"node","id":3866979662,"tags":{"aerialway":"station","aerialway:access":"entry","ele":"1500","manufacturer":"Montaz Mautino","name":"Follys 2","public_transport":"station","start_date":"2016"},"relations":[],"meta":{}},"geometry":{"type":"Point","coordinates":[6.5921612,46.2106022]}},
{"type":"Feature","id":"node/3866979663","properties":{"type":"node","id":3866979663,"tags":{"aerialway":"station","aerialway:access":"exit","ele":"1680","manufacturer":"Montaz Mautino","name":"Follys 2","public_transport":"station","start_date":"2016"},"relations":[],"meta":{}},"geometry":{"type":"Point","coordinates":[6.5986636,46.2100554]}},
{"type":"Feature","id":"node/3926039653","properties":{"type":"node","id":3926039653,"tags":{"aerialway":"station","name":"Télébeune","public_transport":"station"},"relations":[],"meta":{}},"geometry":{"type":"Point","coordinates":[6.6539722,46.3682159]}},
{"type":"Feature","id":"node/3926039654","properties":{"type":"node","id":3926039654,"tags":{"aerialway":"station","name":"Télébeune","public_transport":"station"},"relations":[],"meta":{}},"geometry":{"type":"Point","coordinates":[6.6556485,46.3680657]}},
{"type":"Feature","id":"node/4037329150","properties":{"type":"node","id":4037329150,"tags":{"aerialway":"pylon"},"relations":[],"meta":{}},"geometry":{"type":"Point","coordinates":[6.8600124,46.2237957]}},
{"type":"Feature","id":"node/4037329151","properties":{"type":"node","id":4037329151,"tags":{"aerialway":"pylon"},"relations":[],"meta":{}},"geometry":{"type":"Point","coordinates":[6.8605268,46.2239895]}},
{"type":"Feature","id":"node/4037329152","properties":{"type":"node","id":4037329152,"tags":{"aerialway":"pylon"},"relations":[],"meta":{}},"geometry":{"type":"Point","coordinates":[6.861379,46.2243106]}},
{"type":"Feature","id":"node/4204551941","properties":{"type":"node","id":4204551941,"tags":{"aerialway":"pylon"},"relations":[],"meta":{}},"geometry":{"type":"Point","coordinates":[6.7801768,46.2064369]}},
{"type":"Feature","id":"node/4224722752","properties":{"type":"node","id":4224722752,"tags":{"aerialway":"station","aerialway:access":"exit","aerialway:station":"top","ele":"1746","name":"Séraussaix","operator":"Serma","public_transport":"station"},"relations":[],"meta":{}},"geometry":{"type":"Point","coordinates":[6.7390388,46.1988306]}},
{"type":"Feature","id":"node/4224722761","properties":{"type":"node","id":4224722761,"tags":{"aerialway":"station","aerialway:station":"top","name":"Baron","operator":"Serma","public_transport":"station"},"relations":[],"meta":{}},"geometry":{"type":"Point","coordinates":[6.7345309,46.1958764]}},
{"type":"Feature","id":"node/4575858496","properties":{"type":"node","id":4575858496,"tags":{"aerialway":"pylon","ref":"P2"},"relations":[],"meta":{}},"geometry":{"type":"Point","coordinates":[6.7535137,46.1952706]}},
{"type":"Feature","id":"node/4575858497","properties":{"type":"node","id":4575858497,"tags":{"aerialway":"pylon","ref":"P3"},"relations":[],"meta":{}},"geometry":{"type":"Point","coordinates":[6.7552175,46.1953692]}},
{"type":"Feature","id":"node/4575858498","properties":{"type":"node","id":4575858498,"tags":{"aerialway":"pylon","ref":"P4"},"relations":[],"meta":{}},"geometry":{"type":"Point","coordinates":[6.7566689,46.1954576]}},
{"type":"Feature","id":"node/4575858499","properties":{"type":"node","id":4575858499,"tags":{"aerialway":"pylon","ref":"P5"},"relations":[],"meta":{}},"geometry":{"type":"Point","coordinates":[6.7583323,46.1955612]}},
{"type":"Feature","id":"node/4575858500","properties":{"type":"node","id":4575858500,"tags":{"aerialway":"pylon","ref":"P6"},"relations":[],"meta":{}},"geometry":{"type":"Point","coordinates":[6.7601038,46.1956643]}},
{"type":"Feature","id":"node/4575858501","properties":{"type":"node","id":4575858501,"tags":{"aerialway":"pylon","ref":"P7"},"relations":[],"meta":{}},"geometry":{"type":"Point","coordinates":[6.7618227,46.1957727]}},
{"type":"Feature","id":"node/4575858502","properties":{"type":"node","id":4575858502,"tags":{"aerialway":"pylon","ref":"P8"},"relations":[],"meta":{}},"geometry":{"type":"Point","coordinates":[6.7633668,46.195875]}},
{"type":"Feature","id":"node/4575858503","properties":{"type":"node","id":4575858503,"tags":{"aerialway":"pylon","ref":"P9"},"relations":[],"meta":{}},"geometry":{"type":"Point","coordinates":[6.7651194,46.1959774]}},
{"type":"Feature","id":"node/4575858504","properties":{"type":"node","id":4575858504,"tags":{"aerialway":"pylon","ref":"P10"},"relations":[],"meta":{}},"geometry":{"type":"Point","coordinates":[6.7671051,46.1961112]}},
{"type":"Feature","id":"node/4575858505","properties":{"type":"node","id":4575858505,"tags":{"aerialway":"pylon","ref":"P11"},"relations":[],"meta":{}},"geometry":{"type":"Point","coordinates":[6.7685353,46.1961999]}},
{"type":"Feature","id":"node/4575858506","properties":{"type":"node","id":4575858506,"tags":{"aerialway":"pylon","ref":"P12"},"relations":[],"meta":{}},"geometry":{"type":"Point","coordinates":[6.7698895,46.196269]}},
{"type":"Feature","id":"node/4575858507","properties":{"type":"node","id":4575858507,"tags":{"aerialway":"pylon","ref":"P13"},"relations":[],"meta":{}},"geometry":{"type":"Point","coordinates":[6.771381,46.1963579]}},
{"type":"Feature","id":"node/4576314682","properties":{"type":"node","id":4576314682,"tags":{"aerialway":"pylon"},"relations":[],"meta":{}},"geometry":{"type":"Point","coordinates":[6.773815,46.1924352]}},
{"type":"Feature","id":"node/4576314683","properties":{"type":"node","id":4576314683,"tags":{"aerialway":"pylon"},"relations":[],"meta":{}},"geometry":{"type":"Point","coordinates":[6.7738722,46.1924796]}},
{"type":"Feature","id":"node/4576319356","properties":{"type":"node","id":4576319356,"tags":{"aerialway":"pylon"},"relations":[],"meta":{}},"geometry":{"type":"Point","coordinates":[6.7707426,46.1949206]}},
{"type":"Feature","id":"node/4576319357","properties":{"type":"node","id":4576319357,"tags":{"aerialway":"pylon"},"relations":[],"meta":{}},"geometry":{"type":"Point","coordinates":[6.7712312,46.1951525]}},
{"type":"Feature","id":"node/4576319358","properties":{"type":"node","id":4576319358,"tags":{"aerialway":"pylon"},"relations":[],"meta":{}},"geometry":{"type":"Point","coordinates":[6.7711706,46.1951972]}},
{"type":"Feature","id":"node/4576319359","properties":{"type":"node","id":4576319359,"tags":{"aerialway":"pylon"},"relations":[],"meta":{}},"geometry":{"type":"Point","coordinates":[6.7716975,46.1954573]}},
{"type":"Feature","id":"node/4576319360","properties":{"type":"node","id":4576319360,"tags":{"aerialway":"pylon"},"relations":[],"meta":{}},"geometry":{"type":"Point","coordinates":[6.7716383,46.1955056]}},
{"type":"Feature","id":"node/4576319361","properties":{"type":"node","id":4576319361,"tags":{"aerialway":"pylon"},"relations":[],"meta":{}},"geometry":{"type":"Point","coordinates":[6.7723481,46.1958935]}},
{"type":"Feature","id":"node/4576319362","properties":{"type":"node","id":4576319362,"tags":{"aerialway":"pylon"},"relations":[],"meta":{}},"geometry":{"type":"Point","coordinates":[6.7722778,46.1959301]}},
{"type":"Feature","id":"node/4578135789","properties":{"type":"node","id":4578135789,"tags":{"addr:postcode":"74110","aerialway":"station","aerialway:access":"both","aerialway:summer:access":"both","name":"Prodains Express","operator":"Serma","public_transport":"station"},"relations":[],"meta":{}},"geometry":{"type":"Point","coordinates":[6.7748109,46.1873975]}},
{"type":"Feature","id":"node/4578135817","properties":{"type":"node","id":4578135817,"tags":{"aerialway":"pylon"},"relations":[],"meta":{}},"geometry":{"type":"Point","coordinates":[6.7682067,46.18793]}},
{"type":"Feature","id":"node/4578135825","properties":{"type":"node","id":4578135825,"tags":{"aerialway":"pylon"},"relations":[],"meta":{}},"geometry":{"type":"Point","coordinates":[6.7631767,46.1883409]}},
{"type":"Feature","id":"node/4580177847","properties":{"type":"node","id":4580177847,"tags":{"aerialway":"pylon"},"relations":[],"meta":{}},"geometry":{"type":"Point","coordinates":[6.7745054,46.1887458]}},
{"type":"Feature","id":"node/4580178002","properties":{"type":"node","id":4580178002,"tags":{"aerialway":"pylon"},"relations":[],"meta":{}},"geometry":{"type":"Point","coordinates":[6.7742375,46.1894923]}},
{"type":"Feature","id":"node/4580178005","properties":{"type":"node","id":4580178005,"tags":{"aerialway":"pylon"},"relations":[],"meta":{}},"geometry":{"type":"Point","coordinates":[6.7733223,46.1920653]}},
{"type":"Feature","id":"node/4909205052","properties":{"type":"node","id":4909205052,"tags":{"aerialway":"pylon","ref":"P3"},"relations":[],"meta":{}},"geometry":{"type":"Point","coordinates":[6.7481342,46.1964601]}},
{"type":"Feature","id":"node/4909205055","properties":{"type":"node","id":4909205055,"tags":{"aerialway":"pylon","ref":"P4"},"relations":[],"meta":{}},"geometry":{"type":"Point","coordinates":[6.7464964,46.1968908]}},
{"type":"Feature","id":"node/4909205063","properties":{"type":"node","id":4909205063,"tags":{"aerialway":"pylon","ref":"P5"},"relations":[],"meta":{}},"geometry":{"type":"Point","coordinates":[6.7448996,46.1973106]}},
{"type":"Feature","id":"node/4909205064","properties":{"type":"node","id":4909205064,"tags":{"aerialway":"pylon","ref":"P6"},"relations":[],"meta":{}},"geometry":{"type":"Point","coordinates":[6.743098,46.1977609]}},
{"type":"Feature","id":"node/4909205072","properties":{"type":"node","id":4909205072,"tags":{"aerialway":"pylon","ref":"P7"},"relations":[],"meta":{}},"geometry":{"type":"Point","coordinates":[6.7419002,46.1980845]}},
{"type":"Feature","id":"node/4909205073","properties":{"type":"node","id":4909205073,"tags":{"aerialway":"pylon","ref":"P8"},"relations":[],"meta":{}},"geometry":{"type":"Point","coordinates":[6.7408095,46.1983695]}},
{"type":"Feature","id":"node/4909205078","properties":{"type":"node","id":4909205078,"tags":{"aerialway":"pylon","ref":"P9"},"relations":[],"meta":{}},"geometry":{"type":"Point","coordinates":[6.7396917,46.1986621]}},
{"type":"Feature","id":"node/4938524352","properties":{"type":"node","id":4938524352,"tags":{"aerialway":"station","name":"Portes du Soleil","public_transport":"station"},"relations":[],"meta":{}},"geometry":{"type":"Point","coordinates":[6.8436736,46.2550995]}},
{"type":"Feature","id":"node/5426090907","properties":{"type":"node","id":5426090907,"tags":{"aerialway":"station","name":"Conche 2000","public_transport":"station"},"relations":[],"meta":{}},"geometry":{"type":"Point","coordinates":[6.8328725,46.3092239]}},
{"type":"Feature","id":"node/6019830062","properties":{"type":"node","id":6019830062,"tags":{"aerialway":"station","name":"Pléney","public_transport":"station"},"relations":[],"meta":{}},"geometry":{"type":"Point","coordinates":[6.7019377,46.1799048]}},
{"type":"Feature","id":"node/6023309547","properties":{"type":"node","id":6023309547,"tags":{"aerialway":"pylon","ref":"7"},"relations":[],"meta":{}},"geometry":{"type":"Point","coordinates":[6.7713289,46.2102491]}},
{"type":"Feature","id":"node/6343409574","properties":{"type":"node","id":6343409574,"tags":{"aerialway":"station","name":"Pré la Joux","public_transport":"station"},"relations":[],"meta":{}},"geometry":{"type":"Point","coordinates":[6.7885315,46.234283]}},
{"type":"Feature","id":"node/6343409575","properties":{"type":"node","id":6343409575,"tags":{"aerialway":"station","name":"Pré la Joux","public_transport":"station"},"relations":[],"meta":{}},"geometry":{"type":"Point","coordinates":[6.7902321,46.2358777]}},
{"type":"Feature","id":"node/6355525355","properties":{"type":"node","id":6355525355,"tags":{"aerialway":"pylon"},"relations":[],"meta":{}},"geometry":{"type":"Point","coordinates":[6.6352223,46.2188797]}},
{"type":"Feature","id":"node/6355525356","properties":{"type":"node","id":6355525356,"tags":{"aerialway":"pylon"},"relations":[],"meta":{}},"geometry":{"type":"Point","coordinates":[6.6359292,46.2197054]}},
{"type":"Feature","id":"node/6355525357","properties":{"type":"node","id":6355525357,"tags":{"aerialway":"pylon"},"relations":[],"meta":{}},"geometry":{"type":"Point","coordinates":[6.6387172,46.2229702]}},
{"type":"Feature","id":"node/6355525358","properties":{"type":"node","id":6355525358,"tags":{"aerialway":"pylon"},"relations":[],"meta":{}},"geometry":{"type":"Point","coordinates":[6.6393771,46.223756]}},
{"type":"Feature","id":"node/6355525359","properties":{"type":"node","id":6355525359,"tags":{"aerialway":"pylon"},"relations":[],"meta":{}},"geometry":{"type":"Point","coordinates":[6.6399548,46.2244287]}},
{"type":"Feature","id":"node/6355525360","properties":{"type":"node","id":6355525360,"tags":{"aerialway":"pylon"},"relations":[],"meta":{}},"geometry":{"type":"Point","coordinates":[6.6404049,46.2249517]}},
{"type":"Feature","id":"node/6355525361","properties":{"type":"node","id":6355525361,"tags":{"aerialway":"pylon"},"relations":[],"meta":{}},"geometry":{"type":"Point","coordinates":[6.6410551,46.2257201]}},
{"type":"Feature","id":"node/6355525362","properties":{"type":"node","id":6355525362,"tags":{"aerialway":"pylon"},"relations":[],"meta":{}},"geometry":{"type":"Point","coordinates":[6.6363055,46.2201553]}},
{"type":"Feature","id":"node/6355525363","properties":{"type":"node","id":6355525363,"tags":{"aerialway":"pylon"},"relations":[],"meta":{}},"geometry":{"type":"Point","coordinates":[6.6381263,46.2222725]}},
{"type":"Feature","id":"node/6355525364","properties":{"type":"node","id":6355525364,"tags":{"aerialway":"pylon"},"relations":[],"meta":{}},"geometry":{"type":"Point","coordinates":[6.6375299,46.2215833]}},
{"type":"Feature","id":"node/6555040172","properties":{"type":"node","id":6555040172,"tags":{"aerialway":"pylon","ref":"P1"},"relations":[],"meta":{}},"geometry":{"type":"Point","coordinates":[6.6901865,46.3554327]}},
{"type":"Feature","id":"node/6566005068","properties":{"type":"node","id":6566005068,"tags":{"aerialway":"pylon"},"relations":[],"meta":{}},"geometry":{"type":"Point","coordinates":[6.6956811,46.1729138]}},
{"type":"Feature","id":"node/6566005069","properties":{"type":"node","id":6566005069,"tags":{"aerialway":"pylon"},"relations":[],"meta":{}},"geometry":{"type":"Point","coordinates":[6.6969055,46.1742822]}},
{"type":"Feature","id":"node/6566005070","properties":{"type":"node","id":6566005070,"tags":{"aerialway":"pylon"},"relations":[],"meta":{}},"geometry":{"type":"Point","coordinates":[6.6983215,46.1758636]}},
{"type":"Feature","id":"node/6566005071","properties":{"type":"node","id":6566005071,"tags":{"aerialway":"pylon"},"relations":[],"meta":{}},"geometry":{"type":"Point","coordinates":[6.6991389,46.1767749]}},
{"type":"Feature","id":"node/6757695962","properties":{"type":"node","id":6757695962,"tags":{"aerialway":"pylon","disused":"yes"},"relations":[],"meta":{}},"geometry":{"type":"Point","coordinates":[6.8632773,46.3099491]}},
{"type":"Feature","id":"node/6757695963","properties":{"type":"node","id":6757695963,"tags":{"aerialway":"pylon","disused":"yes"},"relations":[],"meta":{}},"geometry":{"type":"Point","coordinates":[6.8660398,46.312877]}},
{"type":"Feature","id":"node/6757695964","properties":{"type":"node","id":6757695964,"tags":{"aerialway":"pylon","disused":"yes"},"relations":[],"meta":{}},"geometry":{"type":"Point","coordinates":[6.8668991,46.3137877]}},
{"type":"Feature","id":"node/6757695966","properties":{"type":"node","id":6757695966,"tags":{"aerialway":"pylon","disused":"yes"},"relations":[],"meta":{}},"geometry":{"type":"Point","coordinates":[6.8649979,46.3117727]}},
{"type":"Feature","id":"node/6757695967","properties":{"type":"node","id":6757695967,"tags":{"aerialway":"pylon","disused":"yes"},"relations":[],"meta":{}},"geometry":{"type":"Point","coordinates":[6.8640896,46.31081]}},
{"type":"Feature","id":"node/6757695968","properties":{"type":"node","id":6757695968,"tags":{"aerialway":"pylon","disused":"yes"},"relations":[],"meta":{}},"geometry":{"type":"Point","coordinates":[6.8639989,46.3107139]}},
{"type":"Feature","id":"node/6757695969","properties":{"type":"node","id":6757695969,"tags":{"aerialway":"pylon","disused":"yes"},"relations":[],"meta":{}},"geometry":{"type":"Point","coordinates":[6.86145,46.3080123]}},
{"type":"Feature","id":"node/6757695972","properties":{"type":"node","id":6757695972,"tags":{"aerialway":"pylon","disused":"yes"},"relations":[],"meta":{}},"geometry":{"type":"Point","coordinates":[6.8602998,46.3067931]}},
{"type":"Feature","id":"node/6757695973","properties":{"type":"node","id":6757695973,"tags":{"aerialway":"pylon","disused":"yes"},"relations":[],"meta":{}},"geometry":{"type":"Point","coordinates":[6.8595059,46.3059517]}},
{"type":"Feature","id":"node/6757695974","properties":{"type":"node","id":6757695974,"tags":{"aerialway":"pylon","disused":"yes"},"relations":[],"meta":{}},"geometry":{"type":"Point","coordinates":[6.8592135,46.3056417]}},
{"type":"Feature","id":"node/6757695975","properties":{"type":"node","id":6757695975,"tags":{"aerialway":"pylon","disused":"yes"},"relations":[],"meta":{}},"geometry":{"type":"Point","coordinates":[6.8581422,46.3045061]}},
{"type":"Feature","id":"node/6757695976","properties":{"type":"node","id":6757695976,"tags":{"aerialway":"pylon","disused":"yes"},"relations":[],"meta":{}},"geometry":{"type":"Point","coordinates":[6.8580772,46.3044372]}},
{"type":"Feature","id":"node/6757695977","properties":{"type":"node","id":6757695977,"tags":{"aerialway":"pylon","disused":"yes"},"relations":[],"meta":{}},"geometry":{"type":"Point","coordinates":[6.8580444,46.3044024]}},
{"type":"Feature","id":"node/6757695978","properties":{"type":"node","id":6757695978,"tags":{"aerialway":"pylon","disused":"yes"},"relations":[],"meta":{}},"geometry":{"type":"Point","coordinates":[6.8622381,46.3088476]}},
{"type":"Feature","id":"node/6757695982","properties":{"type":"node","id":6757695982,"tags":{"aerialway":"pylon"},"relations":[],"meta":{}},"geometry":{"type":"Point","coordinates":[6.8573144,46.3042705]}},
{"type":"Feature","id":"node/6757695983","properties":{"type":"node","id":6757695983,"tags":{"aerialway":"pylon"},"relations":[],"meta":{}},"geometry":{"type":"Point","coordinates":[6.8572099,46.3042891]}},
{"type":"Feature","id":"node/6757695984","properties":{"type":"node","id":6757695984,"tags":{"aerialway":"pylon","disused":"yes"},"relations":[],"meta":{}},"geometry":{"type":"Point","coordinates":[6.8554961,46.3045953]}},
{"type":"Feature","id":"node/6757754285","properties":{"type":"node","id":6757754285,"tags":{"aerialway":"pylon","disused":"yes"},"relations":[],"meta":{}},"geometry":{"type":"Point","coordinates":[6.8528477,46.3050684]}},
{"type":"Feature","id":"node/6757754286","properties":{"type":"node","id":6757754286,"tags":{"aerialway":"pylon","disused":"yes"},"relations":[],"meta":{}},"geometry":{"type":"Point","coordinates":[6.8519268,46.3052329]}},
{"type":"Feature","id":"node/6757754287","properties":{"type":"node","id":6757754287,"tags":{"removed:aerialway":"pylon"},"relations":[],"meta":{}},"geometry":{"type":"Point","coordinates":[6.8502721,46.3055285]}},
{"type":"Feature","id":"node/6863349036","properties":{"type":"node","id":6863349036,"tags":{"aerialway":"pylon"},"relations":[],"meta":{}},"geometry":{"type":"Point","coordinates":[6.6897682,46.1610268]}},
{"type":"Feature","id":"node/7003214202","properties":{"type":"node","id":7003214202,"tags":{"aerialway":"pylon","source":"BDOrtho IGN - available 2019 at the latest"},"relations":[],"meta":{}},"geometry":{"type":"Point","coordinates":[6.7744831,46.2826082]}},
{"type":"Feature","id":"node/7003214203","properties":{"type":"node","id":7003214203,"tags":{"aerialway":"pylon","source":"BDOrtho IGN - available 2019 at the latest"},"relations":[],"meta":{}},"geometry":{"type":"Point","coordinates":[6.7744201,46.2835274]}},
{"type":"Feature","id":"node/7003214205","properties":{"type":"node","id":7003214205,"tags":{"aerialway":"pylon","source":"BDOrtho IGN - available 2019 at the latest"},"relations":[],"meta":{}},"geometry":{"type":"Point","coordinates":[6.7743842,46.2841365]}},
{"type":"Feature","id":"node/7003214266","properties":{"type":"node","id":7003214266,"tags":{"aerialway":"pylon","source":"BDOrtho IGN - available 2019 at the latest"},"relations":[],"meta":{}},"geometry":{"type":"Point","coordinates":[6.7806505,46.2914447]}},
{"type":"Feature","id":"node/7003214267","properties":{"type":"node","id":7003214267,"tags":{"aerialway":"pylon","source":"BDOrtho IGN - available 2019 at the latest"},"relations":[],"meta":{}},"geometry":{"type":"Point","coordinates":[6.7801221,46.290619]}},
{"type":"Feature","id":"node/7003214268","properties":{"type":"node","id":7003214268,"tags":{"aerialway":"pylon","source":"BDOrtho IGN - available 2019 at the latest"},"relations":[],"meta":{}},"geometry":{"type":"Point","coordinates":[6.7795495,46.2897284]}},
{"type":"Feature","id":"node/7003214269","properties":{"type":"node","id":7003214269,"tags":{"aerialway":"pylon","source":"BDOrtho IGN - available 2019 at the latest"},"relations":[],"meta":{}},"geometry":{"type":"Point","coordinates":[6.7787535,46.2884838]}},
{"type":"Feature","id":"node/7003214270","properties":{"type":"node","id":7003214270,"tags":{"aerialway":"pylon","source":"BDOrtho IGN - available 2019 at the latest"},"relations":[],"meta":{}},"geometry":{"type":"Point","coordinates":[6.7754249,46.283292]}},
{"type":"Feature","id":"node/7003214271","properties":{"type":"node","id":7003214271,"tags":{"aerialway":"pylon","source":"BDOrtho IGN - available 2019 at the latest"},"relations":[],"meta":{}},"geometry":{"type":"Point","coordinates":[6.7757257,46.2837732]}},
{"type":"Feature","id":"node/7003214272","properties":{"type":"node","id":7003214272,"tags":{"aerialway":"pylon","source":"BDOrtho IGN - available 2019 at the latest"},"relations":[],"meta":{}},"geometry":{"type":"Point","coordinates":[6.77642,46.2848504]}},
{"type":"Feature","id":"node/7003214273","properties":{"type":"node","id":7003214273,"tags":{"aerialway":"pylon","source":"BDOrtho IGN - available 2019 at the latest"},"relations":[],"meta":{}},"geometry":{"type":"Point","coordinates":[6.7769508,46.285666]}},
{"type":"Feature","id":"node/7003214274","properties":{"type":"node","id":7003214274,"tags":{"aerialway":"pylon","source":"BDOrtho IGN - available 2019 at the latest"},"relations":[],"meta":{}},"geometry":{"type":"Point","coordinates":[6.7773219,46.2862508]}},
{"type":"Feature","id":"node/7003214275","properties":{"type":"node","id":7003214275,"tags":{"aerialway":"pylon","source":"BDOrtho IGN - available 2019 at the latest"},"relations":[],"meta":{}},"geometry":{"type":"Point","coordinates":[6.7778919,46.2871447]}},
{"type":"Feature","id":"node/7012262806","properties":{"type":"node","id":7012262806,"tags":{"aerialway":"pylon","source":"BDOrtho IGN - available 2019 at the latest"},"relations":[],"meta":{}},"geometry":{"type":"Point","coordinates":[6.7667427,46.1861801]}},
{"type":"Feature","id":"node/7012262807","properties":{"type":"node","id":7012262807,"tags":{"aerialway":"pylon","source":"BDOrtho IGN - available 2019 at the latest"},"relations":[],"meta":{}},"geometry":{"type":"Point","coordinates":[6.7671988,46.1855319]}},
{"type":"Feature","id":"node/7012738100","properties":{"type":"node","id":7012738100,"tags":{"aerialway":"station","bicycle":"yes","ele":"1420","name":"Super-Morzine","public_transport":"station","tactile_writing:braille:lg":"no","wheelchair":"yes"},"relations":[],"meta":{}},"geometry":{"type":"Point","coordinates":[6.7179166,46.1911508]}},
{"type":"Feature","id":"node/7013788852","properties":{"type":"node","id":7013788852,"tags":{"aerialway":"station","name":"Arare 2","public_transport":"station"},"relations":[],"meta":{}},"geometry":{"type":"Point","coordinates":[6.7795703,46.1801047]}},
{"type":"Feature","id":"node/7013788858","properties":{"type":"node","id":7013788858,"tags":{"aerialway":"pylon"},"relations":[],"meta":{}},"geometry":{"type":"Point","coordinates":[6.7904289,46.1789823]}},
{"type":"Feature","id":"node/7013788859","properties":{"type":"node","id":7013788859,"tags":{"aerialway":"pylon"},"relations":[],"meta":{}},"geometry":{"type":"Point","coordinates":[6.7903679,46.1789382]}},
{"type":"Feature","id":"node/7013788860","properties":{"type":"node","id":7013788860,"tags":{"aerialway":"station","aerialway:access":"entry","ele":"1718","name":"Cases","operator":"Serma","public_transport":"station"},"relations":[],"meta":{}},"geometry":{"type":"Point","coordinates":[6.7944225,46.1954926]}},
{"type":"Feature","id":"node/7013788861","properties":{"type":"node","id":7013788861,"tags":{"aerialway":"station","aerialway:access":"exit","ele":"2160","name":"Cases","operator":"Serma","public_transport":"station"},"relations":[],"meta":{}},"geometry":{"type":"Point","coordinates":[6.8162753,46.1857457]}},
{"type":"Feature","id":"node/7014133427","properties":{"type":"node","id":7014133427,"tags":{"aerialway":"pylon","source":"BDOrtho IGN - available 2019 at the latest"},"relations":[],"meta":{}},"geometry":{"type":"Point","coordinates":[6.7774959,46.2047677]}},
{"type":"Feature","id":"node/7014133428","properties":{"type":"node","id":7014133428,"tags":{"aerialway":"pylon","source":"BDOrtho IGN - available 2019 at the latest"},"relations":[],"meta":{}},"geometry":{"type":"Point","coordinates":[6.7776391,46.2039526]}},
{"type":"Feature","id":"node/7014133429","properties":{"type":"node","id":7014133429,"tags":{"aerialway":"pylon","source":"BDOrtho IGN - available 2019 at the latest"},"relations":[],"meta":{}},"geometry":{"type":"Point","coordinates":[6.7778859,46.2025297]}},
{"type":"Feature","id":"node/7014133430","properties":{"type":"node","id":7014133430,"tags":{"aerialway":"pylon","source":"BDOrtho IGN - available 2019 at the latest"},"relations":[],"meta":{}},"geometry":{"type":"Point","coordinates":[6.7780602,46.2015279]}},
{"type":"Feature","id":"node/7014133431","properties":{"type":"node","id":7014133431,"tags":{"aerialway":"pylon","source":"BDOrtho IGN - available 2019 at the latest"},"relations":[],"meta":{}},"geometry":{"type":"Point","coordinates":[6.7781822,46.2008946]}},
{"type":"Feature","id":"node/7014133432","properties":{"type":"node","id":7014133432,"tags":{"aerialway":"pylon","source":"BDOrtho IGN - available 2019 at the latest"},"relations":[],"meta":{}},"geometry":{"type":"Point","coordinates":[6.7791941,46.1951405]}},
{"type":"Feature","id":"node/7014133433","properties":{"type":"node","id":7014133433,"tags":{"aerialway":"pylon","source":"BDOrtho IGN - available 2019 at the latest"},"relations":[],"meta":{}},"geometry":{"type":"Point","coordinates":[6.7789209,46.196626]}},
{"type":"Feature","id":"node/7014133434","properties":{"type":"node","id":7014133434,"tags":{"aerialway":"pylon","source":"BDOrtho IGN - available 2019 at the latest"},"relations":[],"meta":{}},"geometry":{"type":"Point","coordinates":[6.7786878,46.198054]}},
{"type":"Feature","id":"node/7014133435","properties":{"type":"node","id":7014133435,"tags":{"aerialway":"pylon","source":"BDOrtho IGN - available 2019 at the latest"},"relations":[],"meta":{}},"geometry":{"type":"Point","coordinates":[6.7784421,46.1993926]}},
{"type":"Feature","id":"node/7015024100","properties":{"type":"node","id":7015024100,"tags":{"aerialway":"pylon","source":"BDOrtho IGN - available 2019 at the latest"},"relations":[],"meta":{}},"geometry":{"type":"Point","coordinates":[6.8146888,46.1917149]}},
{"type":"Feature","id":"node/7015024101","properties":{"type":"node","id":7015024101,"tags":{"aerialway":"pylon","source":"BDOrtho IGN - available 2019 at the latest"},"relations":[],"meta":{}},"geometry":{"type":"Point","coordinates":[6.8146274,46.1917319]}},
{"type":"Feature","id":"node/7015024102","properties":{"type":"node","id":7015024102,"tags":{"aerialway":"pylon","source":"BDOrtho IGN - available 2019 at the latest"},"relations":[],"meta":{}},"geometry":{"type":"Point","coordinates":[6.8138932,46.1919273]}},
{"type":"Feature","id":"node/7015024103","properties":{"type":"node","id":7015024103,"tags":{"aerialway":"pylon","source":"BDOrtho IGN - available 2019 at the latest"},"relations":[],"meta":{}},"geometry":{"type":"Point","coordinates":[6.8124032,46.1923218]}},
{"type":"Feature","id":"node/7015024104","properties":{"type":"node","id":7015024104,"tags":{"aerialway":"pylon","source":"BDOrtho IGN - available 2019 at the latest"},"relations":[],"meta":{}},"geometry":{"type":"Point","coordinates":[6.8115275,46.1925523]}},
{"type":"Feature","id":"node/7015024105","properties":{"type":"node","id":7015024105,"tags":{"aerialway":"pylon","source":"BDOrtho IGN - available 2019 at the latest"},"relations":[],"meta":{}},"geometry":{"type":"Point","coordinates":[6.8095822,46.193074]}},
{"type":"Feature","id":"node/7015024106","properties":{"type":"node","id":7015024106,"tags":{"aerialway":"pylon","source":"BDOrtho IGN - available 2019 at the latest"},"relations":[],"meta":{}},"geometry":{"type":"Point","coordinates":[6.8088806,46.1932584]}},
{"type":"Feature","id":"node/7015024107","properties":{"type":"node","id":7015024107,"tags":{"aerialway":"pylon","source":"BDOrtho IGN - available 2019 at the latest"},"relations":[],"meta":{}},"geometry":{"type":"Point","coordinates":[6.8074693,46.193629]}},
{"type":"Feature","id":"node/7015024108","properties":{"type":"node","id":7015024108,"tags":{"aerialway":"pylon","source":"BDOrtho IGN - available 2019 at the latest"},"relations":[],"meta":{}},"geometry":{"type":"Point","coordinates":[6.8068004,46.1938111]}},
{"type":"Feature","id":"node/7015024109","properties":{"type":"node","id":7015024109,"tags":{"aerialway":"pylon","source":"BDOrtho IGN - available 2019 at the latest"},"relations":[],"meta":{}},"geometry":{"type":"Point","coordinates":[6.8048555,46.1943215]}},
{"type":"Feature","id":"node/7015024110","properties":{"type":"node","id":7015024110,"tags":{"aerialway":"pylon","source":"BDOrtho IGN - available 2019 at the latest"},"relations":[],"meta":{}},"geometry":{"type":"Point","coordinates":[6.8045856,46.1943946]}},
{"type":"Feature","id":"node/7015024111","properties":{"type":"node","id":7015024111,"tags":{"aerialway":"pylon","source":"BDOrtho IGN - available 2019 at the latest"},"relations":[],"meta":{}},"geometry":{"type":"Point","coordinates":[6.8032267,46.1947562]}},
{"type":"Feature","id":"node/7015024112","properties":{"type":"node","id":7015024112,"tags":{"aerialway":"pylon","source":"BDOrtho IGN - available 2019 at the latest"},"relations":[],"meta":{}},"geometry":{"type":"Point","coordinates":[6.8018903,46.1951092]}},
{"type":"Feature","id":"node/7015024113","properties":{"type":"node","id":7015024113,"tags":{"aerialway":"pylon","source":"BDOrtho IGN - available 2019 at the latest"},"relations":[],"meta":{}},"geometry":{"type":"Point","coordinates":[6.8007684,46.1954062]}},
{"type":"Feature","id":"node/7015024114","properties":{"type":"node","id":7015024114,"tags":{"aerialway":"pylon","source":"BDOrtho IGN - available 2019 at the latest"},"relations":[],"meta":{}},"geometry":{"type":"Point","coordinates":[6.7991702,46.1958386]}},
{"type":"Feature","id":"node/7015024115","properties":{"type":"node","id":7015024115,"tags":{"aerialway":"pylon","source":"BDOrtho IGN - available 2019 at the latest"},"relations":[],"meta":{}},"geometry":{"type":"Point","coordinates":[6.7976869,46.1962287]}},
{"type":"Feature","id":"node/7015024116","properties":{"type":"node","id":7015024116,"tags":{"aerialway":"pylon","source":"BDOrtho IGN - available 2019 at the latest"},"relations":[],"meta":{}},"geometry":{"type":"Point","coordinates":[6.7966117,46.1965051]}},
{"type":"Feature","id":"node/7015024117","properties":{"type":"node","id":7015024117,"tags":{"aerialway":"pylon","source":"BDOrtho IGN - available 2019 at the latest"},"relations":[],"meta":{}},"geometry":{"type":"Point","coordinates":[6.7952062,46.1968768]}},
{"type":"Feature","id":"node/7015024118","properties":{"type":"node","id":7015024118,"tags":{"aerialway":"pylon","source":"BDOrtho IGN - available 2019 at the latest"},"relations":[],"meta":{}},"geometry":{"type":"Point","coordinates":[6.7933008,46.1973865]}},
{"type":"Feature","id":"node/7015024119","properties":{"type":"node","id":7015024119,"tags":{"aerialway":"pylon","source":"BDOrtho IGN - available 2019 at the latest"},"relations":[],"meta":{}},"geometry":{"type":"Point","coordinates":[6.7911782,46.1979486]}},
{"type":"Feature","id":"node/7015024120","properties":{"type":"node","id":7015024120,"tags":{"aerialway":"pylon","source":"BDOrtho IGN - available 2019 at the latest"},"relations":[],"meta":{}},"geometry":{"type":"Point","coordinates":[6.7897526,46.198331]}},
{"type":"Feature","id":"node/7015024121","properties":{"type":"node","id":7015024121,"tags":{"aerialway":"pylon","source":"BDOrtho IGN - available 2019 at the latest"},"relations":[],"meta":{}},"geometry":{"type":"Point","coordinates":[6.7893784,46.1984285]}},
{"type":"Feature","id":"node/7015024144","properties":{"type":"node","id":7015024144,"tags":{"aerialway":"pylon","source":"BDOrtho IGN - available 2019 at the latest"},"relations":[],"meta":{}},"geometry":{"type":"Point","coordinates":[6.7884197,46.2109441]}},
{"type":"Feature","id":"node/7015024145","properties":{"type":"node","id":7015024145,"tags":{"aerialway":"pylon","source":"BDOrtho IGN - available 2019 at the latest"},"relations":[],"meta":{}},"geometry":{"type":"Point","coordinates":[6.7870127,46.2103923]}},
{"type":"Feature","id":"node/7015024146","properties":{"type":"node","id":7015024146,"tags":{"aerialway":"pylon","source":"BDOrtho IGN - available 2019 at the latest"},"relations":[],"meta":{}},"geometry":{"type":"Point","coordinates":[6.7858983,46.2099686]}},
{"type":"Feature","id":"node/7015024147","properties":{"type":"node","id":7015024147,"tags":{"aerialway":"pylon","source":"BDOrtho IGN - available 2019 at the latest"},"relations":[],"meta":{}},"geometry":{"type":"Point","coordinates":[6.7790419,46.2073004]}},
{"type":"Feature","id":"node/7015024160","properties":{"type":"node","id":7015024160,"tags":{"aerialway":"pylon","source":"BDOrtho IGN - available 2019 at the latest"},"relations":[],"meta":{}},"geometry":{"type":"Point","coordinates":[6.7843434,46.2093626]}},
{"type":"Feature","id":"node/7015024161","properties":{"type":"node","id":7015024161,"tags":{"aerialway":"pylon","source":"BDOrtho IGN - available 2019 at the latest"},"relations":[],"meta":{}},"geometry":{"type":"Point","coordinates":[6.7824181,46.2086148]}},
{"type":"Feature","id":"node/7015024162","properties":{"type":"node","id":7015024162,"tags":{"aerialway":"pylon","source":"BDOrtho IGN - available 2019 at the latest"},"relations":[],"meta":{}},"geometry":{"type":"Point","coordinates":[6.7805778,46.2079011]}},
{"type":"Feature","id":"node/7015594033","properties":{"type":"node","id":7015594033,"tags":{"aerialway":"pylon","source":"BDOrtho IGN - available 2019 at the latest"},"relations":[],"meta":{}},"geometry":{"type":"Point","coordinates":[6.7055748,46.1846102]}},
{"type":"Feature","id":"node/7015594034","properties":{"type":"node","id":7015594034,"tags":{"aerialway":"pylon","source":"BDOrtho IGN - available 2019 at the latest"},"relations":[],"meta":{}},"geometry":{"type":"Point","coordinates":[6.7088166,46.1863266]}},
{"type":"Feature","id":"node/7015594035","properties":{"type":"node","id":7015594035,"tags":{"aerialway":"pylon","source":"BDOrtho IGN - available 2019 at the latest"},"relations":[],"meta":{}},"geometry":{"type":"Point","coordinates":[6.7173269,46.1908271]}},
{"type":"Feature","id":"node/7015594036","properties":{"type":"node","id":7015594036,"tags":{"aerialway":"pylon","source":"BDOrtho IGN - available 2019 at the latest"},"relations":[],"meta":{}},"geometry":{"type":"Point","coordinates":[6.7159942,46.1901197]}},
{"type":"Feature","id":"node/7015594037","properties":{"type":"node","id":7015594037,"tags":{"aerialway":"pylon","source":"BDOrtho IGN - available 2019 at the latest"},"relations":[],"meta":{}},"geometry":{"type":"Point","coordinates":[6.7145247,46.1893426]}},
{"type":"Feature","id":"node/7015594038","properties":{"type":"node","id":7015594038,"tags":{"aerialway":"pylon","source":"BDOrtho IGN - available 2019 at the latest"},"relations":[],"meta":{}},"geometry":{"type":"Point","coordinates":[6.7129479,46.188501]}},
{"type":"Feature","id":"node/7015594039","properties":{"type":"node","id":7015594039,"tags":{"aerialway":"pylon","source":"BDOrtho IGN - available 2019 at the latest"},"relations":[],"meta":{}},"geometry":{"type":"Point","coordinates":[6.7119235,46.1879725]}},
{"type":"Feature","id":"node/7015594040","properties":{"type":"node","id":7015594040,"tags":{"aerialway":"pylon","source":"BDOrtho IGN - available 2019 at the latest"},"relations":[],"meta":{}},"geometry":{"type":"Point","coordinates":[6.7108134,46.1873855]}},
{"type":"Feature","id":"node/7015594041","properties":{"type":"node","id":7015594041,"tags":{"aerialway":"pylon","source":"BDOrtho IGN - available 2019 at the latest"},"relations":[],"meta":{}},"geometry":{"type":"Point","coordinates":[6.7099757,46.1869398]}},
{"type":"Feature","id":"node/7015594042","properties":{"type":"node","id":7015594042,"tags":{"aerialway":"pylon","source":"BDOrtho IGN - available 2019 at the latest"},"relations":[],"meta":{}},"geometry":{"type":"Point","coordinates":[6.7068613,46.185295]}},
{"type":"Feature","id":"node/7015594043","properties":{"type":"node","id":7015594043,"tags":{"aerialway":"pylon","source":"BDOrtho IGN - available 2019 at the latest"},"relations":[],"meta":{}},"geometry":{"type":"Point","coordinates":[6.7064812,46.1850943]}},
{"type":"Feature","id":"node/7021400778","properties":{"type":"node","id":7021400778,"tags":{"aerialway":"station","ele":"1735","name":"Surf","public_transport":"station"},"relations":[],"meta":{}},"geometry":{"type":"Point","coordinates":[6.7784621,46.1872544]}},
{"type":"Feature","id":"node/7102320746","properties":{"type":"node","id":7102320746,"tags":{"aerialway":"pylon","ref":"P14"},"relations":[],"meta":{}},"geometry":{"type":"Point","coordinates":[6.7726287,46.1964388]}},
{"type":"Feature","id":"node/7148549299","properties":{"type":"node","id":7148549299,"tags":{"amenity":"post_box","operator":"La Poste","operator:wikidata":"Q373724","operator:wikipedia":"fr:La Poste (entreprise française)","post_box:type":"wall","ref":"A1R2G8","source":"data.gouv.fr:LaPoste - 05/2016"},"relations":[],"meta":{}},"geometry":{"type":"Point","coordinates":[6.6414136,46.2262934]}},
{"type":"Feature","id":"node/7245571590","properties":{"type":"node","id":7245571590,"tags":{"aerialway":"station","aerialway:access":"exit","ele":"1237","name":"Lac","public_transport":"station"},"relations":[],"meta":{}},"geometry":{"type":"Point","coordinates":[6.6282352,46.2176749]}},
{"type":"Feature","id":"node/7486575271","properties":{"type":"node","id":7486575271,"tags":{"aerialway":"station","name":"Douanier","public_transport":"station"},"relations":[],"meta":{}},"geometry":{"type":"Point","coordinates":[6.8536738,46.2901535]}},
{"type":"Feature","id":"node/7486575272","properties":{"type":"node","id":7486575272,"tags":{"aerialway":"station","name":"Douanier","public_transport":"station"},"relations":[],"meta":{}},"geometry":{"type":"Point","coordinates":[6.8523163,46.2918883]}},
{"type":"Feature","id":"node/7803907598","properties":{"type":"node","id":7803907598,"tags":{"aerialway":"station","ele":"1393","name":"Grains d'Or Express","public_transport":"station"},"relations":[],"meta":{}},"geometry":{"type":"Point","coordinates":[6.6832288,46.1363891]}},
{"type":"Feature","id":"node/7803907600","properties":{"type":"node","id":7803907600,"tags":{"aerialway":"station","ele":"1390","name":"Rosta","public_transport":"station"},"relations":[],"meta":{}},"geometry":{"type":"Point","coordinates":[6.6832914,46.1359663]}},
{"type":"Feature","id":"node/7837129435","properties":{"type":"node","id":7837129435,"tags":{"aerialway":"station","name":"Cuboré","public_transport":"station"},"relations":[],"meta":{}},"geometry":{"type":"Point","coordinates":[6.805329,46.1786804]}},
{"type":"Feature","id":"node/7843914079","properties":{"type":"node","id":7843914079,"tags":{"aerialway":"pylon"},"relations":[],"meta":{}},"geometry":{"type":"Point","coordinates":[6.5934178,46.1296458]}},
{"type":"Feature","id":"node/7858157854","properties":{"type":"node","id":7858157854,"tags":{"aerialway":"pylon"},"relations":[],"meta":{}},"geometry":{"type":"Point","coordinates":[6.7765974,46.172332]}},
{"type":"Feature","id":"node/7858157855","properties":{"type":"node","id":7858157855,"tags":{"aerialway":"pylon"},"relations":[],"meta":{}},"geometry":{"type":"Point","coordinates":[6.7765203,46.1724402]}},
{"type":"Feature","id":"node/7858157856","properties":{"type":"node","id":7858157856,"tags":{"aerialway":"pylon"},"relations":[],"meta":{}},"geometry":{"type":"Point","coordinates":[6.7761974,46.1728938]}},
{"type":"Feature","id":"node/7858157857","properties":{"type":"node","id":7858157857,"tags":{"aerialway":"pylon"},"relations":[],"meta":{}},"geometry":{"type":"Point","coordinates":[6.775469,46.1739169]}},
{"type":"Feature","id":"node/7858180795","properties":{"type":"node","id":7858180795,"tags":{"aerialway":"pylon"},"relations":[],"meta":{}},"geometry":{"type":"Point","coordinates":[6.774403,46.1754142]}},
{"type":"Feature","id":"node/7858180803","properties":{"type":"node","id":7858180803,"tags":{"aerialway":"pylon"},"relations":[],"meta":{}},"geometry":{"type":"Point","coordinates":[6.7684596,46.1837613]}},
{"type":"Feature","id":"node/7858180804","properties":{"type":"node","id":7858180804,"tags":{"aerialway":"pylon"},"relations":[],"meta":{}},"geometry":{"type":"Point","coordinates":[6.7680534,46.1843318]}},
{"type":"Feature","id":"node/7858180805","properties":{"type":"node","id":7858180805,"tags":{"aerialway":"pylon"},"relations":[],"meta":{}},"geometry":{"type":"Point","coordinates":[6.7674026,46.1852457]}},
{"type":"Feature","id":"node/7858180806","properties":{"type":"node","id":7858180806,"tags":{"aerialway":"pylon"},"relations":[],"meta":{}},"geometry":{"type":"Point","coordinates":[6.7688025,46.1832798]}},
{"type":"Feature","id":"node/7858180807","properties":{"type":"node","id":7858180807,"tags":{"aerialway":"pylon"},"relations":[],"meta":{}},"geometry":{"type":"Point","coordinates":[6.7696367,46.1821083]}},
{"type":"Feature","id":"node/7858180808","properties":{"type":"node","id":7858180808,"tags":{"aerialway":"pylon"},"relations":[],"meta":{}},"geometry":{"type":"Point","coordinates":[6.7703545,46.1811002]}},
{"type":"Feature","id":"node/7858180809","properties":{"type":"node","id":7858180809,"tags":{"aerialway":"pylon"},"relations":[],"meta":{}},"geometry":{"type":"Point","coordinates":[6.7713092,46.1797594]}},
{"type":"Feature","id":"node/7858180810","properties":{"type":"node","id":7858180810,"tags":{"aerialway":"pylon"},"relations":[],"meta":{}},"geometry":{"type":"Point","coordinates":[6.77234,46.1783116]}},
{"type":"Feature","id":"node/7858180811","properties":{"type":"node","id":7858180811,"tags":{"aerialway":"pylon"},"relations":[],"meta":{}},"geometry":{"type":"Point","coordinates":[6.772882,46.1775505]}},
{"type":"Feature","id":"node/7858180812","properties":{"type":"node","id":7858180812,"tags":{"aerialway":"pylon"},"relations":[],"meta":{}},"geometry":{"type":"Point","coordinates":[6.7737387,46.1763472]}},
{"type":"Feature","id":"node/7858180957","properties":{"type":"node","id":7858180957,"tags":{"aerialway":"pylon"},"relations":[],"meta":{}},"geometry":{"type":"Point","coordinates":[6.766475,46.1865493]}},
{"type":"Feature","id":"node/7858180958","properties":{"type":"node","id":7858180958,"tags":{"aerialway":"pylon"},"relations":[],"meta":{}},"geometry":{"type":"Point","coordinates":[6.766525,46.1864794]}},
{"type":"Feature","id":"node/7858239160","properties":{"type":"node","id":7858239160,"tags":{"aerialway":"pylon"},"relations":[],"meta":{}},"geometry":{"type":"Point","coordinates":[6.7798265,46.1809371]}},
{"type":"Feature","id":"node/7858239161","properties":{"type":"node","id":7858239161,"tags":{"aerialway":"pylon"},"relations":[],"meta":{}},"geometry":{"type":"Point","coordinates":[6.7796205,46.1825359]}},
{"type":"Feature","id":"node/7858239162","properties":{"type":"node","id":7858239162,"tags":{"aerialway":"pylon"},"relations":[],"meta":{}},"geometry":{"type":"Point","coordinates":[6.7795565,46.1830331]}},
{"type":"Feature","id":"node/7858239163","properties":{"type":"node","id":7858239163,"tags":{"aerialway":"pylon"},"relations":[],"meta":{}},"geometry":{"type":"Point","coordinates":[6.7795018,46.1834578]}},
{"type":"Feature","id":"node/7858239165","properties":{"type":"node","id":7858239165,"tags":{"aerialway":"pylon"},"relations":[],"meta":{}},"geometry":{"type":"Point","coordinates":[6.7767744,46.193971]}},
{"type":"Feature","id":"node/7858239168","properties":{"type":"node","id":7858239168,"tags":{"aerialway":"pylon"},"relations":[],"meta":{}},"geometry":{"type":"Point","coordinates":[6.773163,46.1971382]}},
{"type":"Feature","id":"node/7858239169","properties":{"type":"node","id":7858239169,"tags":{"aerialway":"pylon"},"relations":[],"meta":{}},"geometry":{"type":"Point","coordinates":[6.7731903,46.1972161]}},
{"type":"Feature","id":"node/7858239170","properties":{"type":"node","id":7858239170,"tags":{"aerialway":"pylon"},"relations":[],"meta":{}},"geometry":{"type":"Point","coordinates":[6.7732198,46.1973003]}},
{"type":"Feature","id":"node/7858239171","properties":{"type":"node","id":7858239171,"tags":{"aerialway":"pylon"},"relations":[],"meta":{}},"geometry":{"type":"Point","coordinates":[6.7743944,46.2006504]}},
{"type":"Feature","id":"node/7858239173","properties":{"type":"node","id":7858239173,"tags":{"aerialway":"pylon"},"relations":[],"meta":{}},"geometry":{"type":"Point","coordinates":[6.7766493,46.2070812]}},
{"type":"Feature","id":"node/7858239728","properties":{"type":"node","id":7858239728,"tags":{"aerialway":"pylon"},"relations":[],"meta":{}},"geometry":{"type":"Point","coordinates":[6.7794395,46.1839412]}},
{"type":"Feature","id":"node/7858239730","properties":{"type":"node","id":7858239730,"tags":{"aerialway":"pylon"},"relations":[],"meta":{}},"geometry":{"type":"Point","coordinates":[6.7793533,46.1846103]}},
{"type":"Feature","id":"node/7858239731","properties":{"type":"node","id":7858239731,"tags":{"aerialway":"pylon"},"relations":[],"meta":{}},"geometry":{"type":"Point","coordinates":[6.7792466,46.1854383]}},
{"type":"Feature","id":"node/7858239733","properties":{"type":"node","id":7858239733,"tags":{"aerialway":"pylon"},"relations":[],"meta":{}},"geometry":{"type":"Point","coordinates":[6.7791211,46.1864132]}},
{"type":"Feature","id":"node/7858239748","properties":{"type":"node","id":7858239748,"tags":{"aerialway":"pylon"},"relations":[],"meta":{}},"geometry":{"type":"Point","coordinates":[6.7790417,46.1870296]}},
{"type":"Feature","id":"node/7858239749","properties":{"type":"node","id":7858239749,"tags":{"aerialway":"pylon"},"relations":[],"meta":{}},"geometry":{"type":"Point","coordinates":[6.7790324,46.1871013]}},
{"type":"Feature","id":"node/7858274119","properties":{"type":"node","id":7858274119,"tags":{"aerialway":"pylon","ref":"3"},"relations":[],"meta":{}},"geometry":{"type":"Point","coordinates":[6.7633249,46.2129787]}},
{"type":"Feature","id":"node/7858274120","properties":{"type":"node","id":7858274120,"tags":{"aerialway":"pylon","ref":"2"},"relations":[],"meta":{}},"geometry":{"type":"Point","coordinates":[6.7619466,46.2134466]}},
{"type":"Feature","id":"node/7858274121","properties":{"type":"node","id":7858274121,"tags":{"aerialway":"pylon","ref":"1"},"relations":[],"meta":{}},"geometry":{"type":"Point","coordinates":[6.7614141,46.2136343]}},
{"type":"Feature","id":"node/7858274139","properties":{"type":"node","id":7858274139,"tags":{"aerialway":"pylon","ref":"6"},"relations":[],"meta":{}},"geometry":{"type":"Point","coordinates":[6.7690313,46.2110242]}},
{"type":"Feature","id":"node/7858274140","properties":{"type":"node","id":7858274140,"tags":{"aerialway":"pylon","ref":"5"},"relations":[],"meta":{}},"geometry":{"type":"Point","coordinates":[6.7684474,46.2112247]}},
{"type":"Feature","id":"node/7858274142","properties":{"type":"node","id":7858274142,"tags":{"aerialway":"pylon","ref":"4"},"relations":[],"meta":{}},"geometry":{"type":"Point","coordinates":[6.7650538,46.2123852]}},
{"type":"Feature","id":"node/7858274143","properties":{"type":"node","id":7858274143,"tags":{"aerialway":"pylon","ref":"8"},"relations":[],"meta":{}},"geometry":{"type":"Point","coordinates":[6.7734068,46.2095341]}},
{"type":"Feature","id":"node/7858274144","properties":{"type":"node","id":7858274144,"tags":{"aerialway":"pylon","ref":"9"},"relations":[],"meta":{}},"geometry":{"type":"Point","coordinates":[6.7751937,46.2089245]}},
{"type":"Feature","id":"node/7858274145","properties":{"type":"node","id":7858274145,"tags":{"aerialway":"pylon","ref":"10"},"relations":[],"meta":{}},"geometry":{"type":"Point","coordinates":[6.7762135,46.2085793]}},
{"type":"Feature","id":"node/7858274146","properties":{"type":"node","id":7858274146,"tags":{"aerialway":"pylon","ref":"11"},"relations":[],"meta":{}},"geometry":{"type":"Point","coordinates":[6.7774787,46.2081432]}},
{"type":"Feature","id":"node/7858274147","properties":{"type":"node","id":7858274147,"tags":{"aerialway":"pylon","ref":"12"},"relations":[],"meta":{}},"geometry":{"type":"Point","coordinates":[6.7777543,46.2080485]}},
{"type":"Feature","id":"node/7858274162","properties":{"type":"node","id":7858274162,"tags":{"aerialway":"pylon"},"relations":[],"meta":{}},"geometry":{"type":"Point","coordinates":[6.7899809,46.2115572]}},
{"type":"Feature","id":"node/7858274163","properties":{"type":"node","id":7858274163,"tags":{"aerialway":"pylon"},"relations":[],"meta":{}},"geometry":{"type":"Point","coordinates":[6.789865,46.2115116]}},
{"type":"Feature","id":"node/8270636925","properties":{"type":"node","id":8270636925,"tags":{"aerialway":"station","name":"Follys","public_transport":"station"},"relations":[],"meta":{}},"geometry":{"type":"Point","coordinates":[6.6873305,46.2668054]}},
{"type":"Feature","id":"node/8270636926","properties":{"type":"node","id":8270636926,"tags":{"aerialway":"station","name":"Follys","public_transport":"station"},"relations":[],"meta":{}},"geometry":{"type":"Point","coordinates":[6.6907381,46.2687393]}},
{"type":"Feature","id":"node/8403256475","properties":{"type":"node","id":8403256475,"tags":{"aerialway":"station","ele":"1471","name":"Lanches","public_transport":"station"},"relations":[],"meta":{}},"geometry":{"type":"Point","coordinates":[6.6283588,46.2110545]}},
{"type":"Feature","id":"node/8403256476","properties":{"type":"node","id":8403256476,"tags":{"aerialway":"station","ele":"1525","name":"Lanches","public_transport":"station"},"relations":[],"meta":{}},"geometry":{"type":"Point","coordinates":[6.6310332,46.2124062]}},
{"type":"Feature","id":"node/8482177680","properties":{"type":"node","id":8482177680,"tags":{"aerialway":"pylon","ref":"P14"},"relations":[],"meta":{}},"geometry":{"type":"Point","coordinates":[6.6713783,46.1380746]}},
{"type":"Feature","id":"node/8482199021","properties":{"type":"node","id":8482199021,"tags":{"aerialway":"pylon","ref":"P13"},"relations":[],"meta":{}},"geometry":{"type":"Point","coordinates":[6.670032,46.139167]}},
{"type":"Feature","id":"node/8483356072","properties":{"type":"node","id":8483356072,"tags":{"aerialway":"pylon","ref":"P1"},"relations":[],"meta":{}},"geometry":{"type":"Point","coordinates":[6.6650731,46.1483064]}},
{"type":"Feature","id":"node/8483356073","properties":{"type":"node","id":8483356073,"tags":{"aerialway":"station","name":"Turche","public_transport":"station"},"relations":[],"meta":{}},"geometry":{"type":"Point","coordinates":[6.6649454,46.1484556]}},
{"type":"Feature","id":"node/8483356078","properties":{"type":"node","id":8483356078,"tags":{"aerialway":"pylon","ref":"P2"},"relations":[],"meta":{}},"geometry":{"type":"Point","coordinates":[6.6654084,46.1478628]}},
{"type":"Feature","id":"node/8514805719","properties":{"type":"node","id":8514805719,"tags":{"aerialway":"pylon","disused":"yes"},"relations":[],"meta":{}},"geometry":{"type":"Point","coordinates":[6.853847,46.3048899]}},
{"type":"Feature","id":"node/8514805721","properties":{"type":"node","id":8514805721,"tags":{"aerialway":"pylon","disused":"yes"},"relations":[],"meta":{}},"geometry":{"type":"Point","coordinates":[6.8672413,46.3141352]}},
{"type":"Feature","id":"node/8648588942","properties":{"type":"node","id":8648588942,"tags":{"aerialway":"station","name":"Viking","public_transport":"station"},"relations":[],"meta":{}},"geometry":{"type":"Point","coordinates":[6.6924146,46.1684146]}},
{"type":"Feature","id":"node/8667509416","properties":{"type":"node","id":8667509416,"tags":{"aerialway":"pylon"},"relations":[],"meta":{}},"geometry":{"type":"Point","coordinates":[6.8588496,46.1640106]}},
{"type":"Feature","id":"node/8667533217","properties":{"type":"node","id":8667533217,"tags":{"aerialway":"pylon"},"relations":[],"meta":{}},"geometry":{"type":"Point","coordinates":[6.8578651,46.1641835]}},
{"type":"Feature","id":"node/8667533219","properties":{"type":"node","id":8667533219,"tags":{"aerialway":"pylon"},"relations":[],"meta":{}},"geometry":{"type":"Point","coordinates":[6.8537962,46.1648979]}},
{"type":"Feature","id":"node/8667533220","properties":{"type":"node","id":8667533220,"tags":{"aerialway":"pylon"},"relations":[],"meta":{}},"geometry":{"type":"Point","coordinates":[6.851736,46.1652596]}},
{"type":"Feature","id":"node/8667533221","properties":{"type":"node","id":8667533221,"tags":{"aerialway":"pylon"},"relations":[],"meta":{}},"geometry":{"type":"Point","coordinates":[6.8522998,46.1651606]}},
{"type":"Feature","id":"node/8667533222","properties":{"type":"node","id":8667533222,"tags":{"aerialway":"pylon"},"relations":[],"meta":{}},"geometry":{"type":"Point","coordinates":[6.8508368,46.1654175]}},
{"type":"Feature","id":"node/8667533223","properties":{"type":"node","id":8667533223,"tags":{"aerialway":"pylon"},"relations":[],"meta":{}},"geometry":{"type":"Point","coordinates":[6.849353,46.165678]}},
{"type":"Feature","id":"node/8667533224","properties":{"type":"node","id":8667533224,"tags":{"aerialway":"pylon"},"relations":[],"meta":{}},"geometry":{"type":"Point","coordinates":[6.8478465,46.1659425]}},
{"type":"Feature","id":"node/8667533225","properties":{"type":"node","id":8667533225,"tags":{"aerialway":"pylon"},"relations":[],"meta":{}},"geometry":{"type":"Point","coordinates":[6.8470287,46.1660861]}},
{"type":"Feature","id":"node/8667533226","properties":{"type":"node","id":8667533226,"tags":{"aerialway":"pylon"},"relations":[],"meta":{}},"geometry":{"type":"Point","coordinates":[6.8459331,46.1666058]}},
{"type":"Feature","id":"node/8667533227","properties":{"type":"node","id":8667533227,"tags":{"aerialway":"pylon"},"relations":[],"meta":{}},"geometry":{"type":"Point","coordinates":[6.8446886,46.1676133]}},
{"type":"Feature","id":"node/8667533228","properties":{"type":"node","id":8667533228,"tags":{"aerialway":"pylon"},"relations":[],"meta":{}},"geometry":{"type":"Point","coordinates":[6.843749,46.1683739]}},
{"type":"Feature","id":"node/8667533229","properties":{"type":"node","id":8667533229,"tags":{"aerialway":"pylon"},"relations":[],"meta":{}},"geometry":{"type":"Point","coordinates":[6.8433158,46.1687247]}},
{"type":"Feature","id":"node/8667533230","properties":{"type":"node","id":8667533230,"tags":{"aerialway":"pylon"},"relations":[],"meta":{}},"geometry":{"type":"Point","coordinates":[6.8421975,46.1698375]}},
{"type":"Feature","id":"node/8667533231","properties":{"type":"node","id":8667533231,"tags":{"aerialway":"pylon"},"relations":[],"meta":{}},"geometry":{"type":"Point","coordinates":[6.842535,46.1704212]}},
{"type":"Feature","id":"node/8667533232","properties":{"type":"node","id":8667533232,"tags":{"aerialway":"pylon"},"relations":[],"meta":{}},"geometry":{"type":"Point","coordinates":[6.8433595,46.1718473]}},
{"type":"Feature","id":"node/8667533233","properties":{"type":"node","id":8667533233,"tags":{"aerialway":"pylon"},"relations":[],"meta":{}},"geometry":{"type":"Point","coordinates":[6.8437453,46.1725148]}},
{"type":"Feature","id":"node/8667533234","properties":{"type":"node","id":8667533234,"tags":{"aerialway":"pylon"},"relations":[],"meta":{}},"geometry":{"type":"Point","coordinates":[6.844365,46.1735866]}},
{"type":"Feature","id":"node/8667533235","properties":{"type":"node","id":8667533235,"tags":{"aerialway":"pylon"},"relations":[],"meta":{}},"geometry":{"type":"Point","coordinates":[6.8450732,46.1748115]}},
{"type":"Feature","id":"node/8667533236","properties":{"type":"node","id":8667533236,"tags":{"aerialway":"pylon"},"relations":[],"meta":{}},"geometry":{"type":"Point","coordinates":[6.8464184,46.175215]}},
{"type":"Feature","id":"node/8667533237","properties":{"type":"node","id":8667533237,"tags":{"aerialway":"pylon"},"relations":[],"meta":{}},"geometry":{"type":"Point","coordinates":[6.8396054,46.1779278]}},
{"type":"Feature","id":"node/8667533238","properties":{"type":"node","id":8667533238,"tags":{"aerialway":"pylon"},"relations":[],"meta":{}},"geometry":{"type":"Point","coordinates":[6.8398932,46.177601]}},
{"type":"Feature","id":"node/8667533239","properties":{"type":"node","id":8667533239,"tags":{"aerialway":"pylon"},"relations":[],"meta":{}},"geometry":{"type":"Point","coordinates":[6.8384308,46.1792619]}},
{"type":"Feature","id":"node/8667533240","properties":{"type":"node","id":8667533240,"tags":{"aerialway":"pylon"},"relations":[],"meta":{}},"geometry":{"type":"Point","coordinates":[6.8374151,46.1804153]}},
{"type":"Feature","id":"node/8667533241","properties":{"type":"node","id":8667533241,"tags":{"aerialway":"pylon"},"relations":[],"meta":{}},"geometry":{"type":"Point","coordinates":[6.8366211,46.181317]}},
{"type":"Feature","id":"node/8667533242","properties":{"type":"node","id":8667533242,"tags":{"aerialway":"pylon"},"relations":[],"meta":{}},"geometry":{"type":"Point","coordinates":[6.8358327,46.1822123]}},
{"type":"Feature","id":"node/8667533243","properties":{"type":"node","id":8667533243,"tags":{"aerialway":"pylon"},"relations":[],"meta":{}},"geometry":{"type":"Point","coordinates":[6.8352369,46.182889]}},
{"type":"Feature","id":"node/8667533244","properties":{"type":"node","id":8667533244,"tags":{"aerialway":"pylon"},"relations":[],"meta":{}},"geometry":{"type":"Point","coordinates":[6.8329091,46.1843716]}},
{"type":"Feature","id":"node/8667533245","properties":{"type":"node","id":8667533245,"tags":{"aerialway":"pylon"},"relations":[],"meta":{}},"geometry":{"type":"Point","coordinates":[6.8316821,46.1849181]}},
{"type":"Feature","id":"node/8667533246","properties":{"type":"node","id":8667533246,"tags":{"aerialway":"pylon"},"relations":[],"meta":{}},"geometry":{"type":"Point","coordinates":[6.8306902,46.1853598]}},
{"type":"Feature","id":"node/8667533247","properties":{"type":"node","id":8667533247,"tags":{"aerialway":"pylon"},"relations":[],"meta":{}},"geometry":{"type":"Point","coordinates":[6.8295337,46.1858749]}},
{"type":"Feature","id":"node/8667533248","properties":{"type":"node","id":8667533248,"tags":{"aerialway":"pylon"},"relations":[],"meta":{}},"geometry":{"type":"Point","coordinates":[6.8271926,46.1869176]}},
{"type":"Feature","id":"node/8667533249","properties":{"type":"node","id":8667533249,"tags":{"aerialway":"pylon"},"relations":[],"meta":{}},"geometry":{"type":"Point","coordinates":[6.8261496,46.1873821]}},
{"type":"Feature","id":"node/8667533250","properties":{"type":"node","id":8667533250,"tags":{"aerialway":"pylon"},"relations":[],"meta":{}},"geometry":{"type":"Point","coordinates":[6.825108,46.187846]}},
{"type":"Feature","id":"node/8667533251","properties":{"type":"node","id":8667533251,"tags":{"aerialway":"pylon"},"relations":[],"meta":{}},"geometry":{"type":"Point","coordinates":[6.8238223,46.1884186]}},
{"type":"Feature","id":"node/8667533252","properties":{"type":"node","id":8667533252,"tags":{"aerialway":"pylon"},"relations":[],"meta":{}},"geometry":{"type":"Point","coordinates":[6.8230094,46.1887806]}},
{"type":"Feature","id":"node/8667533253","properties":{"type":"node","id":8667533253,"tags":{"aerialway":"pylon"},"relations":[],"meta":{}},"geometry":{"type":"Point","coordinates":[6.8210348,46.18966]}},
{"type":"Feature","id":"node/8667533254","properties":{"type":"node","id":8667533254,"tags":{"aerialway":"pylon"},"relations":[],"meta":{}},"geometry":{"type":"Point","coordinates":[6.8205275,46.1898859]}},
{"type":"Feature","id":"node/8667533255","properties":{"type":"node","id":8667533255,"tags":{"aerialway":"pylon"},"relations":[],"meta":{}},"geometry":{"type":"Point","coordinates":[6.8187974,46.1906564]}},
{"type":"Feature","id":"node/8667533256","properties":{"type":"node","id":8667533256,"tags":{"aerialway":"pylon"},"relations":[],"meta":{}},"geometry":{"type":"Point","coordinates":[6.8180568,46.1909862]}},
{"type":"Feature","id":"node/8667533257","properties":{"type":"node","id":8667533257,"tags":{"aerialway":"pylon"},"relations":[],"meta":{}},"geometry":{"type":"Point","coordinates":[6.8163258,46.1917571]}},
{"type":"Feature","id":"node/8667533258","properties":{"type":"node","id":8667533258,"tags":{"aerialway":"pylon"},"relations":[],"meta":{}},"geometry":{"type":"Point","coordinates":[6.8324974,46.1835876]}},
{"type":"Feature","id":"node/8667533259","properties":{"type":"node","id":8667533259,"tags":{"aerialway":"pylon"},"relations":[],"meta":{}},"geometry":{"type":"Point","coordinates":[6.8304821,46.1835023]}},
{"type":"Feature","id":"node/8667533260","properties":{"type":"node","id":8667533260,"tags":{"aerialway":"pylon"},"relations":[],"meta":{}},"geometry":{"type":"Point","coordinates":[6.8287363,46.1834284]}},
{"type":"Feature","id":"node/8667533261","properties":{"type":"node","id":8667533261,"tags":{"aerialway":"pylon"},"relations":[],"meta":{}},"geometry":{"type":"Point","coordinates":[6.8275454,46.1833781]}},
{"type":"Feature","id":"node/8667533262","properties":{"type":"node","id":8667533262,"tags":{"aerialway":"pylon"},"relations":[],"meta":{}},"geometry":{"type":"Point","coordinates":[6.8258219,46.1833051]}},
{"type":"Feature","id":"node/8667533263","properties":{"type":"node","id":8667533263,"tags":{"aerialway":"pylon"},"relations":[],"meta":{}},"geometry":{"type":"Point","coordinates":[6.8243179,46.1832415]}},
{"type":"Feature","id":"node/8667533264","properties":{"type":"node","id":8667533264,"tags":{"aerialway":"pylon"},"relations":[],"meta":{}},"geometry":{"type":"Point","coordinates":[6.8225982,46.1831687]}},
{"type":"Feature","id":"node/8667533265","properties":{"type":"node","id":8667533265,"tags":{"aerialway":"pylon"},"relations":[],"meta":{}},"geometry":{"type":"Point","coordinates":[6.8212623,46.1831122]}},
{"type":"Feature","id":"node/8667533266","properties":{"type":"node","id":8667533266,"tags":{"aerialway":"pylon"},"relations":[],"meta":{}},"geometry":{"type":"Point","coordinates":[6.8209867,46.1831005]}},
{"type":"Feature","id":"node/8667533267","properties":{"type":"node","id":8667533267,"tags":{"aerialway":"pylon"},"relations":[],"meta":{}},"geometry":{"type":"Point","coordinates":[6.8190015,46.1830165]}},
{"type":"Feature","id":"node/8667533268","properties":{"type":"node","id":8667533268,"tags":{"aerialway":"pylon"},"relations":[],"meta":{}},"geometry":{"type":"Point","coordinates":[6.8171306,46.1829374]}},
{"type":"Feature","id":"node/8667533269","properties":{"type":"node","id":8667533269,"tags":{"aerialway":"pylon"},"relations":[],"meta":{}},"geometry":{"type":"Point","coordinates":[6.8157282,46.182878]}},
{"type":"Feature","id":"node/8667533270","properties":{"type":"node","id":8667533270,"tags":{"aerialway":"pylon"},"relations":[],"meta":{}},"geometry":{"type":"Point","coordinates":[6.8152339,46.1828571]}},
{"type":"Feature","id":"node/8667533271","properties":{"type":"node","id":8667533271,"tags":{"aerialway":"pylon"},"relations":[],"meta":{}},"geometry":{"type":"Point","coordinates":[6.8083624,46.1820209]}},
{"type":"Feature","id":"node/8667533272","properties":{"type":"node","id":8667533272,"tags":{"aerialway":"pylon"},"relations":[],"meta":{}},"geometry":{"type":"Point","coordinates":[6.8086928,46.1823847]}},
{"type":"Feature","id":"node/8667533273","properties":{"type":"node","id":8667533273,"tags":{"aerialway":"pylon"},"relations":[],"meta":{}},"geometry":{"type":"Point","coordinates":[6.8076561,46.1812431]}},
{"type":"Feature","id":"node/8667533274","properties":{"type":"node","id":8667533274,"tags":{"aerialway":"pylon"},"relations":[],"meta":{}},"geometry":{"type":"Point","coordinates":[6.8069287,46.1804421]}},
{"type":"Feature","id":"node/8667533275","properties":{"type":"node","id":8667533275,"tags":{"aerialway":"pylon"},"relations":[],"meta":{}},"geometry":{"type":"Point","coordinates":[6.8070425,46.1805674]}},
{"type":"Feature","id":"node/8667533276","properties":{"type":"node","id":8667533276,"tags":{"aerialway":"pylon"},"relations":[],"meta":{}},"geometry":{"type":"Point","coordinates":[6.806134,46.1795669]}},
{"type":"Feature","id":"node/8667533277","properties":{"type":"node","id":8667533277,"tags":{"aerialway":"pylon"},"relations":[],"meta":{}},"geometry":{"type":"Point","coordinates":[6.8056817,46.1790688]}},
{"type":"Feature","id":"node/8667533278","properties":{"type":"node","id":8667533278,"tags":{"aerialway":"pylon"},"relations":[],"meta":{}},"geometry":{"type":"Point","coordinates":[6.8051125,46.1784395]}},
{"type":"Feature","id":"node/8667533279","properties":{"type":"node","id":8667533279,"tags":{"aerialway":"pylon"},"relations":[],"meta":{}},"geometry":{"type":"Point","coordinates":[6.8054378,46.1788003]}},
{"type":"Feature","id":"node/8667533280","properties":{"type":"node","id":8667533280,"tags":{"aerialway":"pylon"},"relations":[],"meta":{}},"geometry":{"type":"Point","coordinates":[6.8041239,46.1773395]}},
{"type":"Feature","id":"node/8667533281","properties":{"type":"node","id":8667533281,"tags":{"aerialway":"pylon"},"relations":[],"meta":{}},"geometry":{"type":"Point","coordinates":[6.8035335,46.1766826]}},
{"type":"Feature","id":"node/8667533282","properties":{"type":"node","id":8667533282,"tags":{"aerialway":"pylon"},"relations":[],"meta":{}},"geometry":{"type":"Point","coordinates":[6.7953592,46.1950764]}},
{"type":"Feature","id":"node/8667533283","properties":{"type":"node","id":8667533283,"tags":{"aerialway":"pylon"},"relations":[],"meta":{}},"geometry":{"type":"Point","coordinates":[6.7968742,46.1944007]}},
{"type":"Feature","id":"node/8667533284","properties":{"type":"node","id":8667533284,"tags":{"aerialway":"pylon"},"relations":[],"meta":{}},"geometry":{"type":"Point","coordinates":[6.7989554,46.1934726]}},
{"type":"Feature","id":"node/8667533285","properties":{"type":"node","id":8667533285,"tags":{"aerialway":"pylon"},"relations":[],"meta":{}},"geometry":{"type":"Point","coordinates":[6.8001212,46.1929527]}},
{"type":"Feature","id":"node/8667533286","properties":{"type":"node","id":8667533286,"tags":{"aerialway":"pylon"},"relations":[],"meta":{}},"geometry":{"type":"Point","coordinates":[6.8030575,46.1916432]}},
{"type":"Feature","id":"node/8667533287","properties":{"type":"node","id":8667533287,"tags":{"aerialway":"pylon"},"relations":[],"meta":{}},"geometry":{"type":"Point","coordinates":[6.8039696,46.1912364]}},
{"type":"Feature","id":"node/8667533288","properties":{"type":"node","id":8667533288,"tags":{"aerialway":"pylon"},"relations":[],"meta":{}},"geometry":{"type":"Point","coordinates":[6.8056945,46.1904671]}},
{"type":"Feature","id":"node/8667533289","properties":{"type":"node","id":8667533289,"tags":{"aerialway":"pylon"},"relations":[],"meta":{}},"geometry":{"type":"Point","coordinates":[6.8071553,46.1898156]}},
{"type":"Feature","id":"node/8667533290","properties":{"type":"node","id":8667533290,"tags":{"aerialway":"pylon"},"relations":[],"meta":{}},"geometry":{"type":"Point","coordinates":[6.8074139,46.1897002]}},
{"type":"Feature","id":"node/8667533291","properties":{"type":"node","id":8667533291,"tags":{"aerialway":"pylon"},"relations":[],"meta":{}},"geometry":{"type":"Point","coordinates":[6.8091155,46.1889413]}},
{"type":"Feature","id":"node/8667533292","properties":{"type":"node","id":8667533292,"tags":{"aerialway":"pylon"},"relations":[],"meta":{}},"geometry":{"type":"Point","coordinates":[6.8108212,46.1881806]}},
{"type":"Feature","id":"node/8667533293","properties":{"type":"node","id":8667533293,"tags":{"aerialway":"pylon"},"relations":[],"meta":{}},"geometry":{"type":"Point","coordinates":[6.8126852,46.1873492]}},
{"type":"Feature","id":"node/8667533294","properties":{"type":"node","id":8667533294,"tags":{"aerialway":"pylon"},"relations":[],"meta":{}},"geometry":{"type":"Point","coordinates":[6.8146767,46.186461]}},
{"type":"Feature","id":"node/8667533295","properties":{"type":"node","id":8667533295,"tags":{"aerialway":"pylon"},"relations":[],"meta":{}},"geometry":{"type":"Point","coordinates":[6.8158529,46.1859363]}},
{"type":"Feature","id":"node/8667533296","properties":{"type":"node","id":8667533296,"tags":{"aerialway":"pylon"},"relations":[],"meta":{}},"geometry":{"type":"Point","coordinates":[6.7943136,46.195119]}},
{"type":"Feature","id":"node/8667533297","properties":{"type":"node","id":8667533297,"tags":{"aerialway":"pylon"},"relations":[],"meta":{}},"geometry":{"type":"Point","coordinates":[6.7931804,46.1959313]}},
{"type":"Feature","id":"node/8667533298","properties":{"type":"node","id":8667533298,"tags":{"aerialway":"pylon"},"relations":[],"meta":{}},"geometry":{"type":"Point","coordinates":[6.7928023,46.1962024]}},
{"type":"Feature","id":"node/8667533299","properties":{"type":"node","id":8667533299,"tags":{"aerialway":"pylon"},"relations":[],"meta":{}},"geometry":{"type":"Point","coordinates":[6.7911245,46.1974051]}},
{"type":"Feature","id":"node/8667533300","properties":{"type":"node","id":8667533300,"tags":{"aerialway":"pylon"},"relations":[],"meta":{}},"geometry":{"type":"Point","coordinates":[6.7897061,46.1984219]}},
{"type":"Feature","id":"node/8667533301","properties":{"type":"node","id":8667533301,"tags":{"aerialway":"pylon"},"relations":[],"meta":{}},"geometry":{"type":"Point","coordinates":[6.7891618,46.1988411]}},
{"type":"Feature","id":"node/8667533302","properties":{"type":"node","id":8667533302,"tags":{"aerialway":"pylon"},"relations":[],"meta":{}},"geometry":{"type":"Point","coordinates":[6.7884936,46.199347]}},
{"type":"Feature","id":"node/8667533303","properties":{"type":"node","id":8667533303,"tags":{"aerialway":"pylon"},"relations":[],"meta":{}},"geometry":{"type":"Point","coordinates":[6.7874423,46.2001134]}},
{"type":"Feature","id":"node/8667533304","properties":{"type":"node","id":8667533304,"tags":{"aerialway":"pylon"},"relations":[],"meta":{}},"geometry":{"type":"Point","coordinates":[6.7867605,46.2006539]}},
{"type":"Feature","id":"node/8667533305","properties":{"type":"node","id":8667533305,"tags":{"aerialway":"pylon"},"relations":[],"meta":{}},"geometry":{"type":"Point","coordinates":[6.7850792,46.201859]}},
{"type":"Feature","id":"node/8667533306","properties":{"type":"node","id":8667533306,"tags":{"aerialway":"pylon"},"relations":[],"meta":{}},"geometry":{"type":"Point","coordinates":[6.7839668,46.2026725]}},
{"type":"Feature","id":"node/8667533307","properties":{"type":"node","id":8667533307,"tags":{"aerialway":"pylon"},"relations":[],"meta":{}},"geometry":{"type":"Point","coordinates":[6.7830165,46.203371]}},
{"type":"Feature","id":"node/8667533308","properties":{"type":"node","id":8667533308,"tags":{"aerialway":"pylon"},"relations":[],"meta":{}},"geometry":{"type":"Point","coordinates":[6.7819579,46.2041621]}},
{"type":"Feature","id":"node/8667533309","properties":{"type":"node","id":8667533309,"tags":{"aerialway":"pylon"},"relations":[],"meta":{}},"geometry":{"type":"Point","coordinates":[6.7806276,46.2051194]}},
{"type":"Feature","id":"node/8667533310","properties":{"type":"node","id":8667533310,"tags":{"aerialway":"pylon"},"relations":[],"meta":{}},"geometry":{"type":"Point","coordinates":[6.7799595,46.2055701]}},
{"type":"Feature","id":"node/8667533311","properties":{"type":"node","id":8667533311,"tags":{"aerialway":"pylon"},"relations":[],"meta":{}},"geometry":{"type":"Point","coordinates":[6.7763244,46.2061546]}},
{"type":"Feature","id":"node/8667533312","properties":{"type":"node","id":8667533312,"tags":{"aerialway":"pylon"},"relations":[],"meta":{}},"geometry":{"type":"Point","coordinates":[6.7759504,46.2050882]}},
{"type":"Feature","id":"node/8667533313","properties":{"type":"node","id":8667533313,"tags":{"aerialway":"pylon"},"relations":[],"meta":{}},"geometry":{"type":"Point","coordinates":[6.7757052,46.2043889]}},
{"type":"Feature","id":"node/8667533314","properties":{"type":"node","id":8667533314,"tags":{"aerialway":"pylon"},"relations":[],"meta":{}},"geometry":{"type":"Point","coordinates":[6.7756301,46.2041747]}},
{"type":"Feature","id":"node/8667533315","properties":{"type":"node","id":8667533315,"tags":{"aerialway":"pylon"},"relations":[],"meta":{}},"geometry":{"type":"Point","coordinates":[6.7754301,46.2036042]}},
{"type":"Feature","id":"node/8667533316","properties":{"type":"node","id":8667533316,"tags":{"aerialway":"pylon"},"relations":[],"meta":{}},"geometry":{"type":"Point","coordinates":[6.7750993,46.2026609]}},
{"type":"Feature","id":"node/8667533317","properties":{"type":"node","id":8667533317,"tags":{"aerialway":"pylon"},"relations":[],"meta":{}},"geometry":{"type":"Point","coordinates":[6.7750496,46.202519]}},
{"type":"Feature","id":"node/8667533318","properties":{"type":"node","id":8667533318,"tags":{"aerialway":"pylon"},"relations":[],"meta":{}},"geometry":{"type":"Point","coordinates":[6.7747477,46.2016581]}},
{"type":"Feature","id":"node/8667533319","properties":{"type":"node","id":8667533319,"tags":{"aerialway":"pylon"},"relations":[],"meta":{}},"geometry":{"type":"Point","coordinates":[6.7741537,46.1999638]}},
{"type":"Feature","id":"node/8667533320","properties":{"type":"node","id":8667533320,"tags":{"aerialway":"pylon"},"relations":[],"meta":{}},"geometry":{"type":"Point","coordinates":[6.7736728,46.1985924]}},
{"type":"Feature","id":"node/8667533321","properties":{"type":"node","id":8667533321,"tags":{"aerialway":"pylon"},"relations":[],"meta":{}},"geometry":{"type":"Point","coordinates":[6.7734304,46.1979009]}},
{"type":"Feature","id":"node/8667533322","properties":{"type":"node","id":8667533322,"tags":{"aerialway":"pylon"},"relations":[],"meta":{}},"geometry":{"type":"Point","coordinates":[6.7914375,46.2119447]}},
{"type":"Feature","id":"node/8667533323","properties":{"type":"node","id":8667533323,"tags":{"aerialway":"pylon"},"relations":[],"meta":{}},"geometry":{"type":"Point","coordinates":[6.7917103,46.212924]}},
{"type":"Feature","id":"node/8667533324","properties":{"type":"node","id":8667533324,"tags":{"aerialway":"pylon"},"relations":[],"meta":{}},"geometry":{"type":"Point","coordinates":[6.7919353,46.2137316]}},
{"type":"Feature","id":"node/8667533325","properties":{"type":"node","id":8667533325,"tags":{"aerialway":"pylon"},"relations":[],"meta":{}},"geometry":{"type":"Point","coordinates":[6.7921774,46.2146006]}},
{"type":"Feature","id":"node/8667533326","properties":{"type":"node","id":8667533326,"tags":{"aerialway":"pylon"},"relations":[],"meta":{}},"geometry":{"type":"Point","coordinates":[6.7923938,46.2153774]}},
{"type":"Feature","id":"node/8667533327","properties":{"type":"node","id":8667533327,"tags":{"aerialway":"pylon"},"relations":[],"meta":{}},"geometry":{"type":"Point","coordinates":[6.7926766,46.2163926]}},
{"type":"Feature","id":"node/8667533328","properties":{"type":"node","id":8667533328,"tags":{"aerialway":"pylon"},"relations":[],"meta":{}},"geometry":{"type":"Point","coordinates":[6.7930907,46.217879]}},
{"type":"Feature","id":"node/8667533329","properties":{"type":"node","id":8667533329,"tags":{"aerialway":"pylon"},"relations":[],"meta":{}},"geometry":{"type":"Point","coordinates":[6.7931378,46.2180481]}},
{"type":"Feature","id":"node/8667533330","properties":{"type":"node","id":8667533330,"tags":{"aerialway":"pylon"},"relations":[],"meta":{}},"geometry":{"type":"Point","coordinates":[6.7941455,46.2170408]}},
{"type":"Feature","id":"node/8667533331","properties":{"type":"node","id":8667533331,"tags":{"aerialway":"pylon"},"relations":[],"meta":{}},"geometry":{"type":"Point","coordinates":[6.7954666,46.2164182]}},
{"type":"Feature","id":"node/8667533332","properties":{"type":"node","id":8667533332,"tags":{"aerialway":"pylon"},"relations":[],"meta":{}},"geometry":{"type":"Point","coordinates":[6.7961943,46.2160753]}},
{"type":"Feature","id":"node/8667533333","properties":{"type":"node","id":8667533333,"tags":{"aerialway":"pylon"},"relations":[],"meta":{}},"geometry":{"type":"Point","coordinates":[6.796996,46.2156975]}},
{"type":"Feature","id":"node/8667533335","properties":{"type":"node","id":8667533335,"tags":{"aerialway":"pylon"},"relations":[],"meta":{}},"geometry":{"type":"Point","coordinates":[6.79841,46.2150311]}},
{"type":"Feature","id":"node/8667533336","properties":{"type":"node","id":8667533336,"tags":{"aerialway":"pylon"},"relations":[],"meta":{}},"geometry":{"type":"Point","coordinates":[6.7992874,46.2146136]}},
{"type":"Feature","id":"node/8667533337","properties":{"type":"node","id":8667533337,"tags":{"aerialway":"pylon"},"relations":[],"meta":{}},"geometry":{"type":"Point","coordinates":[6.8003467,46.2141151]}},
{"type":"Feature","id":"node/8667533338","properties":{"type":"node","id":8667533338,"tags":{"aerialway":"pylon"},"relations":[],"meta":{}},"geometry":{"type":"Point","coordinates":[6.8006945,46.2139463]}},
{"type":"Feature","id":"node/8667533339","properties":{"type":"node","id":8667533339,"tags":{"aerialway":"pylon"},"relations":[],"meta":{}},"geometry":{"type":"Point","coordinates":[6.8021997,46.2132397]}},
{"type":"Feature","id":"node/8667533340","properties":{"type":"node","id":8667533340,"tags":{"aerialway":"pylon"},"relations":[],"meta":{}},"geometry":{"type":"Point","coordinates":[6.8028255,46.212946]}},
{"type":"Feature","id":"node/8667533341","properties":{"type":"node","id":8667533341,"tags":{"aerialway":"pylon"},"relations":[],"meta":{}},"geometry":{"type":"Point","coordinates":[6.8044958,46.212162]}},
{"type":"Feature","id":"node/8667533358","properties":{"type":"node","id":8667533358,"tags":{"aerialway":"pylon"},"relations":[],"meta":{}},"geometry":{"type":"Point","coordinates":[6.7909134,46.2349708]}},
{"type":"Feature","id":"node/8667533359","properties":{"type":"node","id":8667533359,"tags":{"aerialway":"pylon"},"relations":[],"meta":{}},"geometry":{"type":"Point","coordinates":[6.7921387,46.2339858]}},
{"type":"Feature","id":"node/8667533360","properties":{"type":"node","id":8667533360,"tags":{"aerialway":"pylon"},"relations":[],"meta":{}},"geometry":{"type":"Point","coordinates":[6.792481,46.2337106]}},
{"type":"Feature","id":"node/8667533361","properties":{"type":"node","id":8667533361,"tags":{"aerialway":"pylon"},"relations":[],"meta":{}},"geometry":{"type":"Point","coordinates":[6.7933587,46.233005]}},
{"type":"Feature","id":"node/8667533362","properties":{"type":"node","id":8667533362,"tags":{"aerialway":"pylon"},"relations":[],"meta":{}},"geometry":{"type":"Point","coordinates":[6.7942834,46.2322616]}},
{"type":"Feature","id":"node/8667533363","properties":{"type":"node","id":8667533363,"tags":{"aerialway":"pylon"},"relations":[],"meta":{}},"geometry":{"type":"Point","coordinates":[6.7954656,46.2313111]}},
{"type":"Feature","id":"node/8667533364","properties":{"type":"node","id":8667533364,"tags":{"aerialway":"pylon"},"relations":[],"meta":{}},"geometry":{"type":"Point","coordinates":[6.7956742,46.2311434]}},
{"type":"Feature","id":"node/8667533365","properties":{"type":"node","id":8667533365,"tags":{"aerialway":"pylon"},"relations":[],"meta":{}},"geometry":{"type":"Point","coordinates":[6.7971664,46.2299437]}},
{"type":"Feature","id":"node/8667533366","properties":{"type":"node","id":8667533366,"tags":{"aerialway":"pylon"},"relations":[],"meta":{}},"geometry":{"type":"Point","coordinates":[6.7980261,46.2292525]}},
{"type":"Feature","id":"node/8667533367","properties":{"type":"node","id":8667533367,"tags":{"aerialway":"pylon"},"relations":[],"meta":{}},"geometry":{"type":"Point","coordinates":[6.7991477,46.2283507]}},
{"type":"Feature","id":"node/8667533368","properties":{"type":"node","id":8667533368,"tags":{"aerialway":"pylon"},"relations":[],"meta":{}},"geometry":{"type":"Point","coordinates":[6.7996992,46.2279072]}},
{"type":"Feature","id":"node/8667533369","properties":{"type":"node","id":8667533369,"tags":{"aerialway":"pylon"},"relations":[],"meta":{}},"geometry":{"type":"Point","coordinates":[6.8009792,46.2268781]}},
{"type":"Feature","id":"node/8667533370","properties":{"type":"node","id":8667533370,"tags":{"aerialway":"pylon"},"relations":[],"meta":{}},"geometry":{"type":"Point","coordinates":[6.8015716,46.2264018]}},
{"type":"Feature","id":"node/8667533371","properties":{"type":"node","id":8667533371,"tags":{"aerialway":"pylon"},"relations":[],"meta":{}},"geometry":{"type":"Point","coordinates":[6.8019601,46.2260894]}},
{"type":"Feature","id":"node/8667533372","properties":{"type":"node","id":8667533372,"tags":{"aerialway":"pylon"},"relations":[],"meta":{}},"geometry":{"type":"Point","coordinates":[6.7993398,46.2275359]}},
{"type":"Feature","id":"node/8667533373","properties":{"type":"node","id":8667533373,"tags":{"aerialway":"pylon"},"relations":[],"meta":{}},"geometry":{"type":"Point","coordinates":[6.8001071,46.2263349]}},
{"type":"Feature","id":"node/8667533374","properties":{"type":"node","id":8667533374,"tags":{"aerialway":"pylon"},"relations":[],"meta":{}},"geometry":{"type":"Point","coordinates":[6.8008904,46.2251089]}},
{"type":"Feature","id":"node/8667533375","properties":{"type":"node","id":8667533375,"tags":{"aerialway":"pylon"},"relations":[],"meta":{}},"geometry":{"type":"Point","coordinates":[6.8014725,46.2241976]}},
{"type":"Feature","id":"node/8667533376","properties":{"type":"node","id":8667533376,"tags":{"aerialway":"pylon"},"relations":[],"meta":{}},"geometry":{"type":"Point","coordinates":[6.8021194,46.2231851]}},
{"type":"Feature","id":"node/8667533377","properties":{"type":"node","id":8667533377,"tags":{"aerialway":"pylon"},"relations":[],"meta":{}},"geometry":{"type":"Point","coordinates":[6.802504,46.222583]}},
{"type":"Feature","id":"node/8667533378","properties":{"type":"node","id":8667533378,"tags":{"aerialway":"pylon"},"relations":[],"meta":{}},"geometry":{"type":"Point","coordinates":[6.803095,46.2216579]}},
{"type":"Feature","id":"node/8667533379","properties":{"type":"node","id":8667533379,"tags":{"aerialway":"pylon"},"relations":[],"meta":{}},"geometry":{"type":"Point","coordinates":[6.8034334,46.2211281]}},
{"type":"Feature","id":"node/8667533380","properties":{"type":"node","id":8667533380,"tags":{"aerialway":"pylon"},"relations":[],"meta":{}},"geometry":{"type":"Point","coordinates":[6.8041305,46.220037]}},
{"type":"Feature","id":"node/8667533381","properties":{"type":"node","id":8667533381,"tags":{"aerialway":"pylon"},"relations":[],"meta":{}},"geometry":{"type":"Point","coordinates":[6.8045923,46.219314]}},
{"type":"Feature","id":"node/8667533382","properties":{"type":"node","id":8667533382,"tags":{"aerialway":"pylon"},"relations":[],"meta":{}},"geometry":{"type":"Point","coordinates":[6.8046737,46.2191867]}},
{"type":"Feature","id":"node/8667533383","properties":{"type":"node","id":8667533383,"tags":{"aerialway":"pylon"},"relations":[],"meta":{}},"geometry":{"type":"Point","coordinates":[6.805399,46.2180511]}},
{"type":"Feature","id":"node/8667533384","properties":{"type":"node","id":8667533384,"tags":{"aerialway":"pylon"},"relations":[],"meta":{}},"geometry":{"type":"Point","coordinates":[6.805925,46.2172277]}},
{"type":"Feature","id":"node/8667533385","properties":{"type":"node","id":8667533385,"tags":{"aerialway":"pylon"},"relations":[],"meta":{}},"geometry":{"type":"Point","coordinates":[6.8064283,46.2164398]}},
{"type":"Feature","id":"node/8667533386","properties":{"type":"node","id":8667533386,"tags":{"aerialway":"pylon"},"relations":[],"meta":{}},"geometry":{"type":"Point","coordinates":[6.8070323,46.2154942]}},
{"type":"Feature","id":"node/8667533387","properties":{"type":"node","id":8667533387,"tags":{"aerialway":"pylon"},"relations":[],"meta":{}},"geometry":{"type":"Point","coordinates":[6.8078248,46.2142535]}},
{"type":"Feature","id":"node/8667533388","properties":{"type":"node","id":8667533388,"tags":{"aerialway":"pylon"},"relations":[],"meta":{}},"geometry":{"type":"Point","coordinates":[6.8002945,46.229003]}},
{"type":"Feature","id":"node/8667533389","properties":{"type":"node","id":8667533389,"tags":{"aerialway":"pylon"},"relations":[],"meta":{}},"geometry":{"type":"Point","coordinates":[6.8021784,46.2288838]}},
{"type":"Feature","id":"node/8667533390","properties":{"type":"node","id":8667533390,"tags":{"aerialway":"pylon"},"relations":[],"meta":{}},"geometry":{"type":"Point","coordinates":[6.8034262,46.2288048]}},
{"type":"Feature","id":"node/8667533391","properties":{"type":"node","id":8667533391,"tags":{"aerialway":"pylon"},"relations":[],"meta":{}},"geometry":{"type":"Point","coordinates":[6.805674,46.2286626]}},
{"type":"Feature","id":"node/8667533392","properties":{"type":"node","id":8667533392,"tags":{"aerialway":"pylon"},"relations":[],"meta":{}},"geometry":{"type":"Point","coordinates":[6.8062494,46.2286262]}},
{"type":"Feature","id":"node/8667533393","properties":{"type":"node","id":8667533393,"tags":{"aerialway":"pylon"},"relations":[],"meta":{}},"geometry":{"type":"Point","coordinates":[6.8087184,46.2284699]}},
{"type":"Feature","id":"node/8667533394","properties":{"type":"node","id":8667533394,"tags":{"aerialway":"pylon"},"relations":[],"meta":{}},"geometry":{"type":"Point","coordinates":[6.8108745,46.2283335]}},
{"type":"Feature","id":"node/8667533395","properties":{"type":"node","id":8667533395,"tags":{"aerialway":"pylon"},"relations":[],"meta":{}},"geometry":{"type":"Point","coordinates":[6.8122551,46.2282461]}},
{"type":"Feature","id":"node/8667533396","properties":{"type":"node","id":8667533396,"tags":{"aerialway":"pylon"},"relations":[],"meta":{}},"geometry":{"type":"Point","coordinates":[6.8143089,46.2281161]}},
{"type":"Feature","id":"node/8667533397","properties":{"type":"node","id":8667533397,"tags":{"aerialway":"pylon"},"relations":[],"meta":{}},"geometry":{"type":"Point","coordinates":[6.8160877,46.2280035]}},
{"type":"Feature","id":"node/8667533398","properties":{"type":"node","id":8667533398,"tags":{"aerialway":"pylon"},"relations":[],"meta":{}},"geometry":{"type":"Point","coordinates":[6.8179343,46.2278866]}},
{"type":"Feature","id":"node/8667533399","properties":{"type":"node","id":8667533399,"tags":{"aerialway":"pylon"},"relations":[],"meta":{}},"geometry":{"type":"Point","coordinates":[6.8194905,46.2277882]}},
{"type":"Feature","id":"node/8667533400","properties":{"type":"node","id":8667533400,"tags":{"aerialway":"pylon"},"relations":[],"meta":{}},"geometry":{"type":"Point","coordinates":[6.8203008,46.2277369]}},
{"type":"Feature","id":"node/8667533401","properties":{"type":"node","id":8667533401,"tags":{"aerialway":"pylon"},"relations":[],"meta":{}},"geometry":{"type":"Point","coordinates":[6.8172472,46.2316587]}},
{"type":"Feature","id":"node/8667533402","properties":{"type":"node","id":8667533402,"tags":{"aerialway":"pylon"},"relations":[],"meta":{}},"geometry":{"type":"Point","coordinates":[6.8174588,46.2328532]}},
{"type":"Feature","id":"node/8667533403","properties":{"type":"node","id":8667533403,"tags":{"aerialway":"pylon"},"relations":[],"meta":{}},"geometry":{"type":"Point","coordinates":[6.817586,46.2335416]}},
{"type":"Feature","id":"node/8667533404","properties":{"type":"node","id":8667533404,"tags":{"aerialway":"pylon"},"relations":[],"meta":{}},"geometry":{"type":"Point","coordinates":[6.8178123,46.2348267]}},
{"type":"Feature","id":"node/8667533405","properties":{"type":"node","id":8667533405,"tags":{"aerialway":"pylon"},"relations":[],"meta":{}},"geometry":{"type":"Point","coordinates":[6.8180518,46.2361325]}},
{"type":"Feature","id":"node/8667533406","properties":{"type":"node","id":8667533406,"tags":{"aerialway":"pylon"},"relations":[],"meta":{}},"geometry":{"type":"Point","coordinates":[6.8181349,46.2366174]}},
{"type":"Feature","id":"node/8667533407","properties":{"type":"node","id":8667533407,"tags":{"aerialway":"pylon"},"relations":[],"meta":{}},"geometry":{"type":"Point","coordinates":[6.8183589,46.2378616]}},
{"type":"Feature","id":"node/8667533408","properties":{"type":"node","id":8667533408,"tags":{"aerialway":"pylon"},"relations":[],"meta":{}},"geometry":{"type":"Point","coordinates":[6.8185681,46.2389377]}},
{"type":"Feature","id":"node/8667533410","properties":{"type":"node","id":8667533410,"tags":{"aerialway":"pylon"},"relations":[],"meta":{}},"geometry":{"type":"Point","coordinates":[6.8186914,46.2396411]}},
{"type":"Feature","id":"node/8667533412","properties":{"type":"node","id":8667533412,"tags":{"aerialway":"pylon"},"relations":[],"meta":{}},"geometry":{"type":"Point","coordinates":[6.8189797,46.2412477]}},
{"type":"Feature","id":"node/8667533414","properties":{"type":"node","id":8667533414,"tags":{"aerialway":"pylon"},"relations":[],"meta":{}},"geometry":{"type":"Point","coordinates":[6.8191042,46.24199]}},
{"type":"Feature","id":"node/8667533416","properties":{"type":"node","id":8667533416,"tags":{"aerialway":"pylon"},"relations":[],"meta":{}},"geometry":{"type":"Point","coordinates":[6.8193092,46.2430903]}},
{"type":"Feature","id":"node/8667533417","properties":{"type":"node","id":8667533417,"tags":{"aerialway":"pylon"},"relations":[],"meta":{}},"geometry":{"type":"Point","coordinates":[6.8194591,46.2439548]}},
{"type":"Feature","id":"node/8667533430","properties":{"type":"node","id":8667533430,"tags":{"aerialway":"pylon"},"relations":[],"meta":{}},"geometry":{"type":"Point","coordinates":[6.8320238,46.2526372]}},
{"type":"Feature","id":"node/8667533431","properties":{"type":"node","id":8667533431,"tags":{"aerialway":"pylon"},"relations":[],"meta":{}},"geometry":{"type":"Point","coordinates":[6.8332418,46.2528828]}},
{"type":"Feature","id":"node/8667533432","properties":{"type":"node","id":8667533432,"tags":{"aerialway":"pylon"},"relations":[],"meta":{}},"geometry":{"type":"Point","coordinates":[6.8346932,46.2531754]}},
{"type":"Feature","id":"node/8667533433","properties":{"type":"node","id":8667533433,"tags":{"aerialway":"pylon"},"relations":[],"meta":{}},"geometry":{"type":"Point","coordinates":[6.8362557,46.2534904]}},
{"type":"Feature","id":"node/8667533434","properties":{"type":"node","id":8667533434,"tags":{"aerialway":"pylon"},"relations":[],"meta":{}},"geometry":{"type":"Point","coordinates":[6.8381051,46.2538633]}},
{"type":"Feature","id":"node/8667533435","properties":{"type":"node","id":8667533435,"tags":{"aerialway":"pylon"},"relations":[],"meta":{}},"geometry":{"type":"Point","coordinates":[6.8395993,46.2541646]}},
{"type":"Feature","id":"node/8667533436","properties":{"type":"node","id":8667533436,"tags":{"aerialway":"pylon"},"relations":[],"meta":{}},"geometry":{"type":"Point","coordinates":[6.8400447,46.2542544]}},
{"type":"Feature","id":"node/8667533437","properties":{"type":"node","id":8667533437,"tags":{"aerialway":"pylon"},"relations":[],"meta":{}},"geometry":{"type":"Point","coordinates":[6.839822,46.2542095]}},
{"type":"Feature","id":"node/8667533438","properties":{"type":"node","id":8667533438,"tags":{"aerialway":"pylon"},"relations":[],"meta":{}},"geometry":{"type":"Point","coordinates":[6.8414779,46.2545434]}},
{"type":"Feature","id":"node/8667533439","properties":{"type":"node","id":8667533439,"tags":{"aerialway":"pylon"},"relations":[],"meta":{}},"geometry":{"type":"Point","coordinates":[6.8423145,46.254712]}},
{"type":"Feature","id":"node/8667533440","properties":{"type":"node","id":8667533440,"tags":{"aerialway":"pylon"},"relations":[],"meta":{}},"geometry":{"type":"Point","coordinates":[6.8437844,46.2552416]}},
{"type":"Feature","id":"node/8667533441","properties":{"type":"node","id":8667533441,"tags":{"aerialway":"pylon"},"relations":[],"meta":{}},"geometry":{"type":"Point","coordinates":[6.844509,46.2561709]}},
{"type":"Feature","id":"node/8667533442","properties":{"type":"node","id":8667533442,"tags":{"aerialway":"pylon"},"relations":[],"meta":{}},"geometry":{"type":"Point","coordinates":[6.8454651,46.2573972]}},
{"type":"Feature","id":"node/8667533443","properties":{"type":"node","id":8667533443,"tags":{"aerialway":"pylon"},"relations":[],"meta":{}},"geometry":{"type":"Point","coordinates":[6.8459491,46.2580179]}},
{"type":"Feature","id":"node/8667533444","properties":{"type":"node","id":8667533444,"tags":{"aerialway":"pylon"},"relations":[],"meta":{}},"geometry":{"type":"Point","coordinates":[6.8469583,46.2593121]}},
{"type":"Feature","id":"node/8667533445","properties":{"type":"node","id":8667533445,"tags":{"aerialway":"pylon"},"relations":[],"meta":{}},"geometry":{"type":"Point","coordinates":[6.8472581,46.2596966]}},
{"type":"Feature","id":"node/8667533446","properties":{"type":"node","id":8667533446,"tags":{"aerialway":"pylon"},"relations":[],"meta":{}},"geometry":{"type":"Point","coordinates":[6.847621,46.260162]}},
{"type":"Feature","id":"node/8667533447","properties":{"type":"node","id":8667533447,"tags":{"aerialway":"pylon"},"relations":[],"meta":{}},"geometry":{"type":"Point","coordinates":[6.8484436,46.2612168]}},
{"type":"Feature","id":"node/8667533448","properties":{"type":"node","id":8667533448,"tags":{"aerialway":"pylon"},"relations":[],"meta":{}},"geometry":{"type":"Point","coordinates":[6.8504664,46.2638109]}},
{"type":"Feature","id":"node/8667533449","properties":{"type":"node","id":8667533449,"tags":{"aerialway":"pylon"},"relations":[],"meta":{}},"geometry":{"type":"Point","coordinates":[6.8506342,46.2640261]}},
{"type":"Feature","id":"node/8667533450","properties":{"type":"node","id":8667533450,"tags":{"aerialway":"pylon"},"relations":[],"meta":{}},"geometry":{"type":"Point","coordinates":[6.851131,46.2646631]}},
{"type":"Feature","id":"node/8667533451","properties":{"type":"node","id":8667533451,"tags":{"aerialway":"pylon"},"relations":[],"meta":{}},"geometry":{"type":"Point","coordinates":[6.8518492,46.2655841]}},
{"type":"Feature","id":"node/8667533452","properties":{"type":"node","id":8667533452,"tags":{"aerialway":"pylon"},"relations":[],"meta":{}},"geometry":{"type":"Point","coordinates":[6.852129,46.2659428]}},
{"type":"Feature","id":"node/8667533454","properties":{"type":"node","id":8667533454,"tags":{"aerialway":"pylon"},"relations":[],"meta":{}},"geometry":{"type":"Point","coordinates":[6.854212,46.2674128]}},
{"type":"Feature","id":"node/8667533455","properties":{"type":"node","id":8667533455,"tags":{"aerialway":"pylon"},"relations":[],"meta":{}},"geometry":{"type":"Point","coordinates":[6.843314,46.2667554]}},
{"type":"Feature","id":"node/8667533456","properties":{"type":"node","id":8667533456,"tags":{"aerialway":"pylon"},"relations":[],"meta":{}},"geometry":{"type":"Point","coordinates":[6.8428563,46.2667258]}},
{"type":"Feature","id":"node/8667533457","properties":{"type":"node","id":8667533457,"tags":{"aerialway":"pylon"},"relations":[],"meta":{}},"geometry":{"type":"Point","coordinates":[6.8457064,46.26691]}},
{"type":"Feature","id":"node/8667533458","properties":{"type":"node","id":8667533458,"tags":{"aerialway":"pylon"},"relations":[],"meta":{}},"geometry":{"type":"Point","coordinates":[6.8480901,46.2670475]}},
{"type":"Feature","id":"node/8667533459","properties":{"type":"node","id":8667533459,"tags":{"aerialway":"pylon"},"relations":[],"meta":{}},"geometry":{"type":"Point","coordinates":[6.8483959,46.2670658]}},
{"type":"Feature","id":"node/8667533460","properties":{"type":"node","id":8667533460,"tags":{"aerialway":"pylon"},"relations":[],"meta":{}},"geometry":{"type":"Point","coordinates":[6.8487517,46.2670822]}},
{"type":"Feature","id":"node/8667533461","properties":{"type":"node","id":8667533461,"tags":{"aerialway":"pylon"},"relations":[],"meta":{}},"geometry":{"type":"Point","coordinates":[6.8501751,46.26717]}},
{"type":"Feature","id":"node/8667533462","properties":{"type":"node","id":8667533462,"tags":{"aerialway":"pylon"},"relations":[],"meta":{}},"geometry":{"type":"Point","coordinates":[6.8512589,46.2672314]}},
{"type":"Feature","id":"node/8667533463","properties":{"type":"node","id":8667533463,"tags":{"aerialway":"pylon"},"relations":[],"meta":{}},"geometry":{"type":"Point","coordinates":[6.8475705,46.2670175]}},
{"type":"Feature","id":"node/8667533464","properties":{"type":"node","id":8667533464,"tags":{"aerialway":"pylon"},"relations":[],"meta":{}},"geometry":{"type":"Point","coordinates":[6.8553882,46.2674671]}},
{"type":"Feature","id":"node/8667533465","properties":{"type":"node","id":8667533465,"tags":{"aerialway":"pylon"},"relations":[],"meta":{}},"geometry":{"type":"Point","coordinates":[6.8567853,46.2675503]}},
{"type":"Feature","id":"node/8667533482","properties":{"type":"node","id":8667533482,"tags":{"aerialway":"pylon"},"relations":[],"meta":{}},"geometry":{"type":"Point","coordinates":[6.8568706,46.2685967]}},
{"type":"Feature","id":"node/8667533483","properties":{"type":"node","id":8667533483,"tags":{"aerialway":"pylon"},"relations":[],"meta":{}},"geometry":{"type":"Point","coordinates":[6.8573821,46.2700758]}},
{"type":"Feature","id":"node/8667533485","properties":{"type":"node","id":8667533485,"tags":{"aerialway":"pylon"},"relations":[],"meta":{}},"geometry":{"type":"Point","coordinates":[6.8577066,46.2710163]}},
{"type":"Feature","id":"node/8667533486","properties":{"type":"node","id":8667533486,"tags":{"aerialway":"pylon"},"relations":[],"meta":{}},"geometry":{"type":"Point","coordinates":[6.8581265,46.272212]}},
{"type":"Feature","id":"node/8667533487","properties":{"type":"node","id":8667533487,"tags":{"aerialway":"pylon"},"relations":[],"meta":{}},"geometry":{"type":"Point","coordinates":[6.8587906,46.2740926]}},
{"type":"Feature","id":"node/8667533489","properties":{"type":"node","id":8667533489,"tags":{"aerialway":"pylon"},"relations":[],"meta":{}},"geometry":{"type":"Point","coordinates":[6.8591176,46.2750187]}},
{"type":"Feature","id":"node/8667533491","properties":{"type":"node","id":8667533491,"tags":{"aerialway":"pylon"},"relations":[],"meta":{}},"geometry":{"type":"Point","coordinates":[6.8594683,46.2760117]}},
{"type":"Feature","id":"node/8667533493","properties":{"type":"node","id":8667533493,"tags":{"aerialway":"pylon"},"relations":[],"meta":{}},"geometry":{"type":"Point","coordinates":[6.8506989,46.2898923]}},
{"type":"Feature","id":"node/8667533494","properties":{"type":"node","id":8667533494,"tags":{"aerialway":"pylon"},"relations":[],"meta":{}},"geometry":{"type":"Point","coordinates":[6.8509792,46.2901305]}},
{"type":"Feature","id":"node/8667533495","properties":{"type":"node","id":8667533495,"tags":{"aerialway":"pylon"},"relations":[],"meta":{}},"geometry":{"type":"Point","coordinates":[6.8503184,46.2895688]}},
{"type":"Feature","id":"node/8667533496","properties":{"type":"node","id":8667533496,"tags":{"aerialway":"pylon"},"relations":[],"meta":{}},"geometry":{"type":"Point","coordinates":[6.8493261,46.2887255]}},
{"type":"Feature","id":"node/8667533497","properties":{"type":"node","id":8667533497,"tags":{"aerialway":"pylon"},"relations":[],"meta":{}},"geometry":{"type":"Point","coordinates":[6.8485259,46.2880453]}},
{"type":"Feature","id":"node/8667533498","properties":{"type":"node","id":8667533498,"tags":{"aerialway":"pylon"},"relations":[],"meta":{}},"geometry":{"type":"Point","coordinates":[6.8475044,46.2871771]}},
{"type":"Feature","id":"node/8667533499","properties":{"type":"node","id":8667533499,"tags":{"aerialway":"pylon"},"relations":[],"meta":{}},"geometry":{"type":"Point","coordinates":[6.8468067,46.2865841]}},
{"type":"Feature","id":"node/8667533500","properties":{"type":"node","id":8667533500,"tags":{"aerialway":"pylon"},"relations":[],"meta":{}},"geometry":{"type":"Point","coordinates":[6.8462228,46.2860877]}},
{"type":"Feature","id":"node/8667533501","properties":{"type":"node","id":8667533501,"tags":{"aerialway":"pylon"},"relations":[],"meta":{}},"geometry":{"type":"Point","coordinates":[6.8451969,46.2852158]}},
{"type":"Feature","id":"node/8667533502","properties":{"type":"node","id":8667533502,"tags":{"aerialway":"pylon"},"relations":[],"meta":{}},"geometry":{"type":"Point","coordinates":[6.8444555,46.2845856]}},
{"type":"Feature","id":"node/8667533503","properties":{"type":"node","id":8667533503,"tags":{"aerialway":"pylon"},"relations":[],"meta":{}},"geometry":{"type":"Point","coordinates":[6.8434054,46.2836929]}},
{"type":"Feature","id":"node/8667533504","properties":{"type":"node","id":8667533504,"tags":{"aerialway":"pylon"},"relations":[],"meta":{}},"geometry":{"type":"Point","coordinates":[6.8425719,46.2829845]}},
{"type":"Feature","id":"node/8667533505","properties":{"type":"node","id":8667533505,"tags":{"aerialway":"pylon"},"relations":[],"meta":{}},"geometry":{"type":"Point","coordinates":[6.8423637,46.2828074]}},
{"type":"Feature","id":"node/8667533506","properties":{"type":"node","id":8667533506,"tags":{"aerialway":"pylon"},"relations":[],"meta":{}},"geometry":{"type":"Point","coordinates":[6.8423744,46.2822931]}},
{"type":"Feature","id":"node/8667533507","properties":{"type":"node","id":8667533507,"tags":{"aerialway":"pylon"},"relations":[],"meta":{}},"geometry":{"type":"Point","coordinates":[6.8410781,46.2811262]}},
{"type":"Feature","id":"node/8667533508","properties":{"type":"node","id":8667533508,"tags":{"aerialway":"pylon"},"relations":[],"meta":{}},"geometry":{"type":"Point","coordinates":[6.8409351,46.2809974]}},
{"type":"Feature","id":"node/8667533509","properties":{"type":"node","id":8667533509,"tags":{"aerialway":"pylon"},"relations":[],"meta":{}},"geometry":{"type":"Point","coordinates":[6.8406662,46.280762]}},
{"type":"Feature","id":"node/8667533510","properties":{"type":"node","id":8667533510,"tags":{"aerialway":"pylon"},"relations":[],"meta":{}},"geometry":{"type":"Point","coordinates":[6.8403067,46.2804378]}},
{"type":"Feature","id":"node/8667533511","properties":{"type":"node","id":8667533511,"tags":{"aerialway":"pylon"},"relations":[],"meta":{}},"geometry":{"type":"Point","coordinates":[6.8397133,46.2799026]}},
{"type":"Feature","id":"node/8667533512","properties":{"type":"node","id":8667533512,"tags":{"aerialway":"pylon"},"relations":[],"meta":{}},"geometry":{"type":"Point","coordinates":[6.8388672,46.2791395]}},
{"type":"Feature","id":"node/8667533513","properties":{"type":"node","id":8667533513,"tags":{"aerialway":"pylon"},"relations":[],"meta":{}},"geometry":{"type":"Point","coordinates":[6.8385771,46.2788803]}},
{"type":"Feature","id":"node/8667533514","properties":{"type":"node","id":8667533514,"tags":{"aerialway":"pylon"},"relations":[],"meta":{}},"geometry":{"type":"Point","coordinates":[6.8382533,46.2785878]}},
{"type":"Feature","id":"node/8667533515","properties":{"type":"node","id":8667533515,"tags":{"aerialway":"pylon"},"relations":[],"meta":{}},"geometry":{"type":"Point","coordinates":[6.8372315,46.2776646]}},
{"type":"Feature","id":"node/8667533516","properties":{"type":"node","id":8667533516,"tags":{"aerialway":"pylon"},"relations":[],"meta":{}},"geometry":{"type":"Point","coordinates":[6.8369188,46.2773821]}},
{"type":"Feature","id":"node/8667533517","properties":{"type":"node","id":8667533517,"tags":{"aerialway":"pylon"},"relations":[],"meta":{}},"geometry":{"type":"Point","coordinates":[6.8534625,46.2925086]}},
{"type":"Feature","id":"node/8667533518","properties":{"type":"node","id":8667533518,"tags":{"aerialway":"pylon"},"relations":[],"meta":{}},"geometry":{"type":"Point","coordinates":[6.8533941,46.2928963]}},
{"type":"Feature","id":"node/8667533519","properties":{"type":"node","id":8667533519,"tags":{"aerialway":"pylon"},"relations":[],"meta":{}},"geometry":{"type":"Point","coordinates":[6.8532619,46.2935967]}},
{"type":"Feature","id":"node/8667533520","properties":{"type":"node","id":8667533520,"tags":{"aerialway":"pylon"},"relations":[],"meta":{}},"geometry":{"type":"Point","coordinates":[6.853079,46.2946055]}},
{"type":"Feature","id":"node/8667533521","properties":{"type":"node","id":8667533521,"tags":{"aerialway":"pylon"},"relations":[],"meta":{}},"geometry":{"type":"Point","coordinates":[6.8529178,46.2954708]}},
{"type":"Feature","id":"node/8667533522","properties":{"type":"node","id":8667533522,"tags":{"aerialway":"pylon"},"relations":[],"meta":{}},"geometry":{"type":"Point","coordinates":[6.8526822,46.2967573]}},
{"type":"Feature","id":"node/8667533523","properties":{"type":"node","id":8667533523,"tags":{"aerialway":"pylon"},"relations":[],"meta":{}},"geometry":{"type":"Point","coordinates":[6.8526311,46.2970374]}},
{"type":"Feature","id":"node/8667533524","properties":{"type":"node","id":8667533524,"tags":{"aerialway":"pylon"},"relations":[],"meta":{}},"geometry":{"type":"Point","coordinates":[6.8525099,46.2976957]}},
{"type":"Feature","id":"node/8667533525","properties":{"type":"node","id":8667533525,"tags":{"aerialway":"pylon"},"relations":[],"meta":{}},"geometry":{"type":"Point","coordinates":[6.8523193,46.2987293]}},
{"type":"Feature","id":"node/8667533526","properties":{"type":"node","id":8667533526,"tags":{"aerialway":"pylon"},"relations":[],"meta":{}},"geometry":{"type":"Point","coordinates":[6.8519793,46.3005548]}},
{"type":"Feature","id":"node/8667533527","properties":{"type":"node","id":8667533527,"tags":{"aerialway":"pylon"},"relations":[],"meta":{}},"geometry":{"type":"Point","coordinates":[6.8517584,46.3018062]}},
{"type":"Feature","id":"node/8667533528","properties":{"type":"node","id":8667533528,"tags":{"aerialway":"pylon"},"relations":[],"meta":{}},"geometry":{"type":"Point","coordinates":[6.8515776,46.302804]}},
{"type":"Feature","id":"node/8667533529","properties":{"type":"node","id":8667533529,"tags":{"aerialway":"pylon"},"relations":[],"meta":{}},"geometry":{"type":"Point","coordinates":[6.8513555,46.3040144]}},
{"type":"Feature","id":"node/8667533530","properties":{"type":"node","id":8667533530,"tags":{"aerialway":"pylon"},"relations":[],"meta":{}},"geometry":{"type":"Point","coordinates":[6.851215,46.3047625]}},
{"type":"Feature","id":"node/8667533531","properties":{"type":"node","id":8667533531,"tags":{"aerialway":"pylon"},"relations":[],"meta":{}},"geometry":{"type":"Point","coordinates":[6.8511371,46.3051974]}},
{"type":"Feature","id":"node/8667533532","properties":{"type":"node","id":8667533532,"tags":{"aerialway":"pylon"},"relations":[],"meta":{}},"geometry":{"type":"Point","coordinates":[6.8254364,46.3097509]}},
{"type":"Feature","id":"node/8667533533","properties":{"type":"node","id":8667533533,"tags":{"aerialway":"pylon"},"relations":[],"meta":{}},"geometry":{"type":"Point","coordinates":[6.8255699,46.3098904]}},
{"type":"Feature","id":"node/8667533534","properties":{"type":"node","id":8667533534,"tags":{"aerialway":"pylon"},"relations":[],"meta":{}},"geometry":{"type":"Point","coordinates":[6.8243239,46.3085888]}},
{"type":"Feature","id":"node/8667533535","properties":{"type":"node","id":8667533535,"tags":{"aerialway":"pylon"},"relations":[],"meta":{}},"geometry":{"type":"Point","coordinates":[6.8229738,46.3071784]}},
{"type":"Feature","id":"node/8667533536","properties":{"type":"node","id":8667533536,"tags":{"aerialway":"pylon"},"relations":[],"meta":{}},"geometry":{"type":"Point","coordinates":[6.8222988,46.3064733]}},
{"type":"Feature","id":"node/8667533537","properties":{"type":"node","id":8667533537,"tags":{"aerialway":"pylon"},"relations":[],"meta":{}},"geometry":{"type":"Point","coordinates":[6.8216518,46.3057974]}},
{"type":"Feature","id":"node/8667533538","properties":{"type":"node","id":8667533538,"tags":{"aerialway":"pylon"},"relations":[],"meta":{}},"geometry":{"type":"Point","coordinates":[6.8208646,46.304975]}},
{"type":"Feature","id":"node/8667533539","properties":{"type":"node","id":8667533539,"tags":{"aerialway":"pylon"},"relations":[],"meta":{}},"geometry":{"type":"Point","coordinates":[6.8201628,46.3042419]}},
{"type":"Feature","id":"node/8667533540","properties":{"type":"node","id":8667533540,"tags":{"aerialway":"pylon"},"relations":[],"meta":{}},"geometry":{"type":"Point","coordinates":[6.8202737,46.3043577]}},
{"type":"Feature","id":"node/8667533541","properties":{"type":"node","id":8667533541,"tags":{"aerialway":"pylon"},"relations":[],"meta":{}},"geometry":{"type":"Point","coordinates":[6.8193783,46.3034224]}},
{"type":"Feature","id":"node/8667533542","properties":{"type":"node","id":8667533542,"tags":{"aerialway":"pylon"},"relations":[],"meta":{}},"geometry":{"type":"Point","coordinates":[6.8188738,46.3028953]}},
{"type":"Feature","id":"node/8667533543","properties":{"type":"node","id":8667533543,"tags":{"aerialway":"pylon"},"relations":[],"meta":{}},"geometry":{"type":"Point","coordinates":[6.8184716,46.3024751]}},
{"type":"Feature","id":"node/8667533544","properties":{"type":"node","id":8667533544,"tags":{"aerialway":"pylon"},"relations":[],"meta":{}},"geometry":{"type":"Point","coordinates":[6.8178653,46.3018417]}},
{"type":"Feature","id":"node/8667533545","properties":{"type":"node","id":8667533545,"tags":{"aerialway":"pylon"},"relations":[],"meta":{}},"geometry":{"type":"Point","coordinates":[6.817764,46.3017358]}},
{"type":"Feature","id":"node/8667533546","properties":{"type":"node","id":8667533546,"tags":{"aerialway":"pylon"},"relations":[],"meta":{}},"geometry":{"type":"Point","coordinates":[6.8165342,46.3004511]}},
{"type":"Feature","id":"node/8667533547","properties":{"type":"node","id":8667533547,"tags":{"aerialway":"pylon"},"relations":[],"meta":{}},"geometry":{"type":"Point","coordinates":[6.8161797,46.3000806]}},
{"type":"Feature","id":"node/8667533548","properties":{"type":"node","id":8667533548,"tags":{"aerialway":"pylon"},"relations":[],"meta":{}},"geometry":{"type":"Point","coordinates":[6.815923,46.2998124]}},
{"type":"Feature","id":"node/8667533560","properties":{"type":"node","id":8667533560,"tags":{"aerialway":"pylon"},"relations":[],"meta":{}},"geometry":{"type":"Point","coordinates":[6.8106577,46.3000547]}},
{"type":"Feature","id":"node/8667533561","properties":{"type":"node","id":8667533561,"tags":{"aerialway":"pylon"},"relations":[],"meta":{}},"geometry":{"type":"Point","coordinates":[6.8099125,46.2994432]}},
{"type":"Feature","id":"node/8667533562","properties":{"type":"node","id":8667533562,"tags":{"aerialway":"pylon"},"relations":[],"meta":{}},"geometry":{"type":"Point","coordinates":[6.8104812,46.299918]}},
{"type":"Feature","id":"node/8667533563","properties":{"type":"node","id":8667533563,"tags":{"aerialway":"pylon"},"relations":[],"meta":{}},"geometry":{"type":"Point","coordinates":[6.808288,46.2981099]}},
{"type":"Feature","id":"node/8667533564","properties":{"type":"node","id":8667533564,"tags":{"aerialway":"pylon"},"relations":[],"meta":{}},"geometry":{"type":"Point","coordinates":[6.8077955,46.2977057]}},
{"type":"Feature","id":"node/8667533565","properties":{"type":"node","id":8667533565,"tags":{"aerialway":"pylon"},"relations":[],"meta":{}},"geometry":{"type":"Point","coordinates":[6.8075423,46.2974979]}},
{"type":"Feature","id":"node/8667533566","properties":{"type":"node","id":8667533566,"tags":{"aerialway":"pylon"},"relations":[],"meta":{}},"geometry":{"type":"Point","coordinates":[6.8066257,46.2967457]}},
{"type":"Feature","id":"node/8667533567","properties":{"type":"node","id":8667533567,"tags":{"aerialway":"pylon"},"relations":[],"meta":{}},"geometry":{"type":"Point","coordinates":[6.8057394,46.2960182]}},
{"type":"Feature","id":"node/8667533568","properties":{"type":"node","id":8667533568,"tags":{"aerialway":"pylon"},"relations":[],"meta":{}},"geometry":{"type":"Point","coordinates":[6.8054673,46.2957949]}},
{"type":"Feature","id":"node/8667533569","properties":{"type":"node","id":8667533569,"tags":{"aerialway":"pylon"},"relations":[],"meta":{}},"geometry":{"type":"Point","coordinates":[6.8051534,46.2955373]}},
{"type":"Feature","id":"node/8667533570","properties":{"type":"node","id":8667533570,"tags":{"aerialway":"pylon"},"relations":[],"meta":{}},"geometry":{"type":"Point","coordinates":[6.8053104,46.2956661]}},
{"type":"Feature","id":"node/8667533571","properties":{"type":"node","id":8667533571,"tags":{"aerialway":"pylon"},"relations":[],"meta":{}},"geometry":{"type":"Point","coordinates":[6.8038254,46.2944473]}},
{"type":"Feature","id":"node/8667533572","properties":{"type":"node","id":8667533572,"tags":{"aerialway":"pylon"},"relations":[],"meta":{}},"geometry":{"type":"Point","coordinates":[6.8033025,46.2940181]}},
{"type":"Feature","id":"node/8667533573","properties":{"type":"node","id":8667533573,"tags":{"aerialway":"pylon"},"relations":[],"meta":{}},"geometry":{"type":"Point","coordinates":[6.8021368,46.2930614]}},
{"type":"Feature","id":"node/8667533574","properties":{"type":"node","id":8667533574,"tags":{"aerialway":"pylon"},"relations":[],"meta":{}},"geometry":{"type":"Point","coordinates":[6.8003561,46.2915998]}},
{"type":"Feature","id":"node/8667533575","properties":{"type":"node","id":8667533575,"tags":{"aerialway":"pylon"},"relations":[],"meta":{}},"geometry":{"type":"Point","coordinates":[6.8001106,46.2913982]}},
{"type":"Feature","id":"node/8667679389","properties":{"type":"node","id":8667679389,"tags":{"aerialway":"pylon"},"relations":[],"meta":{}},"geometry":{"type":"Point","coordinates":[6.778543,46.2843337]}},
{"type":"Feature","id":"node/8667679390","properties":{"type":"node","id":8667679390,"tags":{"aerialway":"pylon"},"relations":[],"meta":{}},"geometry":{"type":"Point","coordinates":[6.7784012,46.2838644]}},
{"type":"Feature","id":"node/8667679391","properties":{"type":"node","id":8667679391,"tags":{"aerialway":"pylon"},"relations":[],"meta":{}},"geometry":{"type":"Point","coordinates":[6.7780914,46.282839]}},
{"type":"Feature","id":"node/8667679392","properties":{"type":"node","id":8667679392,"tags":{"aerialway":"pylon"},"relations":[],"meta":{}},"geometry":{"type":"Point","coordinates":[6.7779195,46.2822702]}},
{"type":"Feature","id":"node/8667679393","properties":{"type":"node","id":8667679393,"tags":{"aerialway":"pylon"},"relations":[],"meta":{}},"geometry":{"type":"Point","coordinates":[6.7778479,46.2820334]}},
{"type":"Feature","id":"node/8667679394","properties":{"type":"node","id":8667679394,"tags":{"aerialway":"pylon"},"relations":[],"meta":{}},"geometry":{"type":"Point","coordinates":[6.7773847,46.2805005]}},
{"type":"Feature","id":"node/8667679395","properties":{"type":"node","id":8667679395,"tags":{"aerialway":"pylon"},"relations":[],"meta":{}},"geometry":{"type":"Point","coordinates":[6.7771187,46.2796202]}},
{"type":"Feature","id":"node/8667679396","properties":{"type":"node","id":8667679396,"tags":{"aerialway":"pylon"},"relations":[],"meta":{}},"geometry":{"type":"Point","coordinates":[6.7770476,46.2793849]}},
{"type":"Feature","id":"node/8667679397","properties":{"type":"node","id":8667679397,"tags":{"aerialway":"pylon"},"relations":[],"meta":{}},"geometry":{"type":"Point","coordinates":[6.7767405,46.2782206]}},
{"type":"Feature","id":"node/8667679398","properties":{"type":"node","id":8667679398,"tags":{"aerialway":"pylon"},"relations":[],"meta":{}},"geometry":{"type":"Point","coordinates":[6.7766955,46.2780501]}},
{"type":"Feature","id":"node/8667679400","properties":{"type":"node","id":8667679400,"tags":{"aerialway":"pylon"},"relations":[],"meta":{}},"geometry":{"type":"Point","coordinates":[6.7310194,46.3786518]}},
{"type":"Feature","id":"node/8667679401","properties":{"type":"node","id":8667679401,"tags":{"aerialway":"pylon"},"relations":[],"meta":{}},"geometry":{"type":"Point","coordinates":[6.7319648,46.3780798]}},
{"type":"Feature","id":"node/8667679402","properties":{"type":"node","id":8667679402,"tags":{"aerialway":"pylon"},"relations":[],"meta":{}},"geometry":{"type":"Point","coordinates":[6.7331609,46.3773667]}},
{"type":"Feature","id":"node/8667679403","properties":{"type":"node","id":8667679403,"tags":{"aerialway":"pylon"},"relations":[],"meta":{}},"geometry":{"type":"Point","coordinates":[6.7340841,46.3768057]}},
{"type":"Feature","id":"node/8667679404","properties":{"type":"node","id":8667679404,"tags":{"aerialway":"pylon"},"relations":[],"meta":{}},"geometry":{"type":"Point","coordinates":[6.7349199,46.3763089]}},
{"type":"Feature","id":"node/8667679405","properties":{"type":"node","id":8667679405,"tags":{"aerialway":"pylon"},"relations":[],"meta":{}},"geometry":{"type":"Point","coordinates":[6.7358574,46.3757467]}},
{"type":"Feature","id":"node/8667679406","properties":{"type":"node","id":8667679406,"tags":{"aerialway":"pylon"},"relations":[],"meta":{}},"geometry":{"type":"Point","coordinates":[6.736962,46.375086]}},
{"type":"Feature","id":"node/8667679407","properties":{"type":"node","id":8667679407,"tags":{"aerialway":"pylon"},"relations":[],"meta":{}},"geometry":{"type":"Point","coordinates":[6.737507,46.374759]}},
{"type":"Feature","id":"node/8667679408","properties":{"type":"node","id":8667679408,"tags":{"aerialway":"pylon"},"relations":[],"meta":{}},"geometry":{"type":"Point","coordinates":[6.7387756,46.3739908]}},
{"type":"Feature","id":"node/8667679409","properties":{"type":"node","id":8667679409,"tags":{"aerialway":"pylon"},"relations":[],"meta":{}},"geometry":{"type":"Point","coordinates":[6.7397972,46.3733733]}},
{"type":"Feature","id":"node/8667679410","properties":{"type":"node","id":8667679410,"tags":{"aerialway":"pylon"},"relations":[],"meta":{}},"geometry":{"type":"Point","coordinates":[6.7409712,46.3726705]}},
{"type":"Feature","id":"node/8667679412","properties":{"type":"node","id":8667679412,"tags":{"aerialway":"pylon"},"relations":[],"meta":{}},"geometry":{"type":"Point","coordinates":[6.7417156,46.372223]}},
{"type":"Feature","id":"node/8667679413","properties":{"type":"node","id":8667679413,"tags":{"aerialway":"pylon"},"relations":[],"meta":{}},"geometry":{"type":"Point","coordinates":[6.7421444,46.3719709]}},
{"type":"Feature","id":"node/8667683432","properties":{"type":"node","id":8667683432,"tags":{"aerialway":"pylon","ref":"P2"},"relations":[],"meta":{}},"geometry":{"type":"Point","coordinates":[6.6908621,46.3544972]}},
{"type":"Feature","id":"node/8667683433","properties":{"type":"node","id":8667683433,"tags":{"aerialway":"pylon","ref":"P3"},"relations":[],"meta":{}},"geometry":{"type":"Point","coordinates":[6.6911467,46.3541031]}},
{"type":"Feature","id":"node/8667683434","properties":{"type":"node","id":8667683434,"tags":{"aerialway":"pylon","ref":"P4"},"relations":[],"meta":{}},"geometry":{"type":"Point","coordinates":[6.6921201,46.3527551]}},
{"type":"Feature","id":"node/8667683435","properties":{"type":"node","id":8667683435,"tags":{"aerialway":"pylon","ref":"P5"},"relations":[],"meta":{}},"geometry":{"type":"Point","coordinates":[6.6927658,46.351861]}},
{"type":"Feature","id":"node/8667683436","properties":{"type":"node","id":8667683436,"tags":{"aerialway":"pylon","ref":"P6"},"relations":[],"meta":{}},"geometry":{"type":"Point","coordinates":[6.6934492,46.3509146]}},
{"type":"Feature","id":"node/8667683437","properties":{"type":"node","id":8667683437,"tags":{"aerialway":"pylon","ref":"P7"},"relations":[],"meta":{}},"geometry":{"type":"Point","coordinates":[6.6936585,46.3506247]}},
{"type":"Feature","id":"node/8667683438","properties":{"type":"node","id":8667683438,"tags":{"aerialway":"pylon","ref":"P8"},"relations":[],"meta":{}},"geometry":{"type":"Point","coordinates":[6.6943982,46.3496003]}},
{"type":"Feature","id":"node/8667683439","properties":{"type":"node","id":8667683439,"tags":{"aerialway":"pylon","ref":"P9"},"relations":[],"meta":{}},"geometry":{"type":"Point","coordinates":[6.6951608,46.3485441]}},
{"type":"Feature","id":"node/8667683440","properties":{"type":"node","id":8667683440,"tags":{"aerialway":"pylon","ref":"P10"},"relations":[],"meta":{}},"geometry":{"type":"Point","coordinates":[6.6959092,46.3475119]}},
{"type":"Feature","id":"node/8667683441","properties":{"type":"node","id":8667683441,"tags":{"aerialway":"pylon","ref":"P11"},"relations":[],"meta":{}},"geometry":{"type":"Point","coordinates":[6.6961701,46.3471482]}},
{"type":"Feature","id":"node/8667683442","properties":{"type":"node","id":8667683442,"tags":{"aerialway":"pylon","ref":"P12"},"relations":[],"meta":{}},"geometry":{"type":"Point","coordinates":[6.6962307,46.3470675]}},
{"type":"Feature","id":"node/8667683443","properties":{"type":"node","id":8667683443,"tags":{"aerialway":"pylon"},"relations":[],"meta":{}},"geometry":{"type":"Point","coordinates":[6.7023849,46.3465024]}},
{"type":"Feature","id":"node/8667683444","properties":{"type":"node","id":8667683444,"tags":{"aerialway":"pylon"},"relations":[],"meta":{}},"geometry":{"type":"Point","coordinates":[6.7023311,46.3458835]}},
{"type":"Feature","id":"node/8667683445","properties":{"type":"node","id":8667683445,"tags":{"aerialway":"pylon"},"relations":[],"meta":{}},"geometry":{"type":"Point","coordinates":[6.7022176,46.3445772]}},
{"type":"Feature","id":"node/8667683446","properties":{"type":"node","id":8667683446,"tags":{"aerialway":"pylon"},"relations":[],"meta":{}},"geometry":{"type":"Point","coordinates":[6.7021494,46.3437934]}},
{"type":"Feature","id":"node/8667683447","properties":{"type":"node","id":8667683447,"tags":{"aerialway":"pylon"},"relations":[],"meta":{}},"geometry":{"type":"Point","coordinates":[6.7020719,46.3429018]}},
{"type":"Feature","id":"node/8667683448","properties":{"type":"node","id":8667683448,"tags":{"aerialway":"pylon"},"relations":[],"meta":{}},"geometry":{"type":"Point","coordinates":[6.7019649,46.3416701]}},
{"type":"Feature","id":"node/8667683449","properties":{"type":"node","id":8667683449,"tags":{"aerialway":"pylon"},"relations":[],"meta":{}},"geometry":{"type":"Point","coordinates":[6.7018352,46.3401787]}},
{"type":"Feature","id":"node/8667683450","properties":{"type":"node","id":8667683450,"tags":{"aerialway":"pylon"},"relations":[],"meta":{}},"geometry":{"type":"Point","coordinates":[6.7017377,46.3390574]}},
{"type":"Feature","id":"node/8667683451","properties":{"type":"node","id":8667683451,"tags":{"aerialway":"pylon"},"relations":[],"meta":{}},"geometry":{"type":"Point","coordinates":[6.701667,46.3382438]}},
{"type":"Feature","id":"node/8667683452","properties":{"type":"node","id":8667683452,"tags":{"aerialway":"pylon","ref":"2"},"relations":[],"meta":{}},"geometry":{"type":"Point","coordinates":[6.7086054,46.3407229]}},
{"type":"Feature","id":"node/8667683453","properties":{"type":"node","id":8667683453,"tags":{"aerialway":"pylon","ref":"3"},"relations":[],"meta":{}},"geometry":{"type":"Point","coordinates":[6.7101107,46.3402446]}},
{"type":"Feature","id":"node/8667683454","properties":{"type":"node","id":8667683454,"tags":{"aerialway":"pylon","ref":"4"},"relations":[],"meta":{}},"geometry":{"type":"Point","coordinates":[6.7112189,46.3399436]}},
{"type":"Feature","id":"node/8667683455","properties":{"type":"node","id":8667683455,"tags":{"aerialway":"pylon","ref":"5"},"relations":[],"meta":{}},"geometry":{"type":"Point","coordinates":[6.7132875,46.3393343]}},
{"type":"Feature","id":"node/8667733865","properties":{"type":"node","id":8667733865,"tags":{"aerialway":"pylon"},"relations":[],"meta":{}},"geometry":{"type":"Point","coordinates":[6.6890587,46.1699055]}},
{"type":"Feature","id":"node/8667733866","properties":{"type":"node","id":8667733866,"tags":{"aerialway":"pylon"},"relations":[],"meta":{}},"geometry":{"type":"Point","coordinates":[6.6895008,46.1693995]}},
{"type":"Feature","id":"node/8667733867","properties":{"type":"node","id":8667733867,"tags":{"aerialway":"pylon"},"relations":[],"meta":{}},"geometry":{"type":"Point","coordinates":[6.6903597,46.1684163]}},
{"type":"Feature","id":"node/8667733868","properties":{"type":"node","id":8667733868,"tags":{"aerialway":"pylon"},"relations":[],"meta":{}},"geometry":{"type":"Point","coordinates":[6.6908977,46.1678005]}},
{"type":"Feature","id":"node/8667733869","properties":{"type":"node","id":8667733869,"tags":{"aerialway":"pylon"},"relations":[],"meta":{}},"geometry":{"type":"Point","coordinates":[6.6915783,46.1670215]}},
{"type":"Feature","id":"node/8667733870","properties":{"type":"node","id":8667733870,"tags":{"aerialway":"pylon"},"relations":[],"meta":{}},"geometry":{"type":"Point","coordinates":[6.6920007,46.1665379]}},
{"type":"Feature","id":"node/8667733871","properties":{"type":"node","id":8667733871,"tags":{"aerialway":"pylon"},"relations":[],"meta":{}},"geometry":{"type":"Point","coordinates":[6.6920112,46.168365]}},
{"type":"Feature","id":"node/8667733872","properties":{"type":"node","id":8667733872,"tags":{"aerialway":"pylon"},"relations":[],"meta":{}},"geometry":{"type":"Point","coordinates":[6.6917405,46.1694901]}},
{"type":"Feature","id":"node/8667733873","properties":{"type":"node","id":8667733873,"tags":{"aerialway":"pylon"},"relations":[],"meta":{}},"geometry":{"type":"Point","coordinates":[6.6916101,46.1700319]}},
{"type":"Feature","id":"node/8667733874","properties":{"type":"node","id":8667733874,"tags":{"aerialway":"pylon"},"relations":[],"meta":{}},"geometry":{"type":"Point","coordinates":[6.6914374,46.1707492]}},
{"type":"Feature","id":"node/8667733875","properties":{"type":"node","id":8667733875,"tags":{"aerialway":"pylon"},"relations":[],"meta":{}},"geometry":{"type":"Point","coordinates":[6.6922146,46.1675198]}},
{"type":"Feature","id":"node/8667733879","properties":{"type":"node","id":8667733879,"tags":{"aerialway":"pylon"},"relations":[],"meta":{}},"geometry":{"type":"Point","coordinates":[6.6926417,46.1657452]}},
{"type":"Feature","id":"node/8667733880","properties":{"type":"node","id":8667733880,"tags":{"aerialway":"pylon"},"relations":[],"meta":{}},"geometry":{"type":"Point","coordinates":[6.6927738,46.1651962]}},
{"type":"Feature","id":"node/8667733881","properties":{"type":"node","id":8667733881,"tags":{"aerialway":"pylon"},"relations":[],"meta":{}},"geometry":{"type":"Point","coordinates":[6.6930386,46.1640829]}},
{"type":"Feature","id":"node/8667733883","properties":{"type":"node","id":8667733883,"tags":{"aerialway":"pylon"},"relations":[],"meta":{}},"geometry":{"type":"Point","coordinates":[6.6931925,46.1635016]}},
{"type":"Feature","id":"node/8667733885","properties":{"type":"node","id":8667733885,"tags":{"aerialway":"pylon"},"relations":[],"meta":{}},"geometry":{"type":"Point","coordinates":[6.6954887,46.1632653]}},
{"type":"Feature","id":"node/8667733886","properties":{"type":"node","id":8667733886,"tags":{"aerialway":"pylon"},"relations":[],"meta":{}},"geometry":{"type":"Point","coordinates":[6.6969317,46.163578]}},
{"type":"Feature","id":"node/8667733887","properties":{"type":"node","id":8667733887,"tags":{"aerialway":"pylon"},"relations":[],"meta":{}},"geometry":{"type":"Point","coordinates":[6.6985275,46.1639078]}},
{"type":"Feature","id":"node/8667733888","properties":{"type":"node","id":8667733888,"tags":{"aerialway":"pylon"},"relations":[],"meta":{}},"geometry":{"type":"Point","coordinates":[6.7004105,46.1643083]}},
{"type":"Feature","id":"node/8667733889","properties":{"type":"node","id":8667733889,"tags":{"aerialway":"pylon"},"relations":[],"meta":{}},"geometry":{"type":"Point","coordinates":[6.7020534,46.1646471]}},
{"type":"Feature","id":"node/8667733890","properties":{"type":"node","id":8667733890,"tags":{"aerialway":"pylon"},"relations":[],"meta":{}},"geometry":{"type":"Point","coordinates":[6.7033747,46.1649229]}},
{"type":"Feature","id":"node/8667733891","properties":{"type":"node","id":8667733891,"tags":{"aerialway":"pylon"},"relations":[],"meta":{}},"geometry":{"type":"Point","coordinates":[6.7049206,46.1652526]}},
{"type":"Feature","id":"node/8667733892","properties":{"type":"node","id":8667733892,"tags":{"aerialway":"pylon"},"relations":[],"meta":{}},"geometry":{"type":"Point","coordinates":[6.7059966,46.1654793]}},
{"type":"Feature","id":"node/8667733893","properties":{"type":"node","id":8667733893,"tags":{"aerialway":"pylon"},"relations":[],"meta":{}},"geometry":{"type":"Point","coordinates":[6.7067174,46.1656543]}},
{"type":"Feature","id":"node/8667733894","properties":{"type":"node","id":8667733894,"tags":{"aerialway":"pylon"},"relations":[],"meta":{}},"geometry":{"type":"Point","coordinates":[6.7080939,46.1659193]}},
{"type":"Feature","id":"node/8667733895","properties":{"type":"node","id":8667733895,"tags":{"aerialway":"pylon"},"relations":[],"meta":{}},"geometry":{"type":"Point","coordinates":[6.7077341,46.1639342]}},
{"type":"Feature","id":"node/8667733896","properties":{"type":"node","id":8667733896,"tags":{"aerialway":"pylon"},"relations":[],"meta":{}},"geometry":{"type":"Point","coordinates":[6.7080775,46.1631589]}},
{"type":"Feature","id":"node/8667733897","properties":{"type":"node","id":8667733897,"tags":{"aerialway":"pylon"},"relations":[],"meta":{}},"geometry":{"type":"Point","coordinates":[6.7082325,46.1628089]}},
{"type":"Feature","id":"node/8667733898","properties":{"type":"node","id":8667733898,"tags":{"aerialway":"pylon"},"relations":[],"meta":{}},"geometry":{"type":"Point","coordinates":[6.7084997,46.1622057]}},
{"type":"Feature","id":"node/8667733899","properties":{"type":"node","id":8667733899,"tags":{"aerialway":"pylon"},"relations":[],"meta":{}},"geometry":{"type":"Point","coordinates":[6.7088077,46.1615103]}},
{"type":"Feature","id":"node/8667733900","properties":{"type":"node","id":8667733900,"tags":{"aerialway":"pylon"},"relations":[],"meta":{}},"geometry":{"type":"Point","coordinates":[6.709113,46.1608209]}},
{"type":"Feature","id":"node/8667733901","properties":{"type":"node","id":8667733901,"tags":{"aerialway":"pylon"},"relations":[],"meta":{}},"geometry":{"type":"Point","coordinates":[6.7092728,46.1604603]}},
{"type":"Feature","id":"node/8667733902","properties":{"type":"node","id":8667733902,"tags":{"aerialway":"pylon"},"relations":[],"meta":{}},"geometry":{"type":"Point","coordinates":[6.7094418,46.1600785]}},
{"type":"Feature","id":"node/8667733903","properties":{"type":"node","id":8667733903,"tags":{"aerialway":"pylon"},"relations":[],"meta":{}},"geometry":{"type":"Point","coordinates":[6.7098036,46.1592617]}},
{"type":"Feature","id":"node/8667733904","properties":{"type":"node","id":8667733904,"tags":{"aerialway":"pylon"},"relations":[],"meta":{}},"geometry":{"type":"Point","coordinates":[6.7102824,46.1581805]}},
{"type":"Feature","id":"node/8667733905","properties":{"type":"node","id":8667733905,"tags":{"aerialway":"pylon"},"relations":[],"meta":{}},"geometry":{"type":"Point","coordinates":[6.7104882,46.157716]}},
{"type":"Feature","id":"node/8667733906","properties":{"type":"node","id":8667733906,"tags":{"aerialway":"pylon"},"relations":[],"meta":{}},"geometry":{"type":"Point","coordinates":[6.7121943,46.1560046]}},
{"type":"Feature","id":"node/8667733907","properties":{"type":"node","id":8667733907,"tags":{"aerialway":"pylon"},"relations":[],"meta":{}},"geometry":{"type":"Point","coordinates":[6.7120428,46.157333]}},
{"type":"Feature","id":"node/8667733908","properties":{"type":"node","id":8667733908,"tags":{"aerialway":"pylon"},"relations":[],"meta":{}},"geometry":{"type":"Point","coordinates":[6.7124602,46.1535515]}},
{"type":"Feature","id":"node/8667733909","properties":{"type":"node","id":8667733909,"tags":{"aerialway":"pylon"},"relations":[],"meta":{}},"geometry":{"type":"Point","coordinates":[6.7125692,46.1524974]}},
{"type":"Feature","id":"node/8667733910","properties":{"type":"node","id":8667733910,"tags":{"aerialway":"pylon"},"relations":[],"meta":{}},"geometry":{"type":"Point","coordinates":[6.7112286,46.1506242]}},
{"type":"Feature","id":"node/8667733911","properties":{"type":"node","id":8667733911,"tags":{"aerialway":"pylon"},"relations":[],"meta":{}},"geometry":{"type":"Point","coordinates":[6.713139,46.1501966]}},
{"type":"Feature","id":"node/8667733912","properties":{"type":"node","id":8667733912,"tags":{"aerialway":"pylon"},"relations":[],"meta":{}},"geometry":{"type":"Point","coordinates":[6.7101468,46.1508725]}},
{"type":"Feature","id":"node/8667733913","properties":{"type":"node","id":8667733913,"tags":{"aerialway":"pylon"},"relations":[],"meta":{}},"geometry":{"type":"Point","coordinates":[6.7088296,46.1511627]}},
{"type":"Feature","id":"node/8667733914","properties":{"type":"node","id":8667733914,"tags":{"aerialway":"pylon"},"relations":[],"meta":{}},"geometry":{"type":"Point","coordinates":[6.7071165,46.1515548]}},
{"type":"Feature","id":"node/8667733915","properties":{"type":"node","id":8667733915,"tags":{"aerialway":"pylon"},"relations":[],"meta":{}},"geometry":{"type":"Point","coordinates":[6.7054353,46.1519286]}},
{"type":"Feature","id":"node/8667733916","properties":{"type":"node","id":8667733916,"tags":{"aerialway":"pylon"},"relations":[],"meta":{}},"geometry":{"type":"Point","coordinates":[6.70302,46.1508113]}},
{"type":"Feature","id":"node/8667821217","properties":{"type":"node","id":8667821217,"tags":{"aerialway":"pylon"},"relations":[],"meta":{}},"geometry":{"type":"Point","coordinates":[6.7033012,46.1513511]}},
{"type":"Feature","id":"node/8667821219","properties":{"type":"node","id":8667821219,"tags":{"aerialway":"pylon"},"relations":[],"meta":{}},"geometry":{"type":"Point","coordinates":[6.7024497,46.1497693]}},
{"type":"Feature","id":"node/8667821220","properties":{"type":"node","id":8667821220,"tags":{"aerialway":"pylon"},"relations":[],"meta":{}},"geometry":{"type":"Point","coordinates":[6.7019029,46.1487221]}},
{"type":"Feature","id":"node/8667821221","properties":{"type":"node","id":8667821221,"tags":{"aerialway":"pylon"},"relations":[],"meta":{}},"geometry":{"type":"Point","coordinates":[6.7013822,46.1477251]}},
{"type":"Feature","id":"node/8667821222","properties":{"type":"node","id":8667821222,"tags":{"aerialway":"pylon"},"relations":[],"meta":{}},"geometry":{"type":"Point","coordinates":[6.7008003,46.1466107]}},
{"type":"Feature","id":"node/8667821223","properties":{"type":"node","id":8667821223,"tags":{"aerialway":"pylon"},"relations":[],"meta":{}},"geometry":{"type":"Point","coordinates":[6.7002849,46.1456238]}},
{"type":"Feature","id":"node/8667821224","properties":{"type":"node","id":8667821224,"tags":{"aerialway":"pylon"},"relations":[],"meta":{}},"geometry":{"type":"Point","coordinates":[6.6996498,46.1444075]}},
{"type":"Feature","id":"node/8667821225","properties":{"type":"node","id":8667821225,"tags":{"aerialway":"pylon"},"relations":[],"meta":{}},"geometry":{"type":"Point","coordinates":[6.6991753,46.1434986]}},
{"type":"Feature","id":"node/8667821226","properties":{"type":"node","id":8667821226,"tags":{"aerialway":"pylon"},"relations":[],"meta":{}},"geometry":{"type":"Point","coordinates":[6.6988363,46.1428494]}},
{"type":"Feature","id":"node/8667821227","properties":{"type":"node","id":8667821227,"tags":{"aerialway":"pylon"},"relations":[],"meta":{}},"geometry":{"type":"Point","coordinates":[6.6982214,46.1416718]}},
{"type":"Feature","id":"node/8667821228","properties":{"type":"node","id":8667821228,"tags":{"aerialway":"pylon"},"relations":[],"meta":{}},"geometry":{"type":"Point","coordinates":[6.6975157,46.1403203]}},
{"type":"Feature","id":"node/8667821229","properties":{"type":"node","id":8667821229,"tags":{"aerialway":"pylon"},"relations":[],"meta":{}},"geometry":{"type":"Point","coordinates":[6.6970492,46.1394267]}},
{"type":"Feature","id":"node/8667821230","properties":{"type":"node","id":8667821230,"tags":{"aerialway":"pylon"},"relations":[],"meta":{}},"geometry":{"type":"Point","coordinates":[6.6965196,46.1384086]}},
{"type":"Feature","id":"node/8667821231","properties":{"type":"node","id":8667821231,"tags":{"aerialway":"pylon"},"relations":[],"meta":{}},"geometry":{"type":"Point","coordinates":[6.6935395,46.1452281]}},
{"type":"Feature","id":"node/8667821232","properties":{"type":"node","id":8667821232,"tags":{"aerialway":"pylon"},"relations":[],"meta":{}},"geometry":{"type":"Point","coordinates":[6.6932012,46.1453834]}},
{"type":"Feature","id":"node/8667821233","properties":{"type":"node","id":8667821233,"tags":{"aerialway":"pylon"},"relations":[],"meta":{}},"geometry":{"type":"Point","coordinates":[6.6927346,46.1458911]}},
{"type":"Feature","id":"node/8667821234","properties":{"type":"node","id":8667821234,"tags":{"aerialway":"pylon"},"relations":[],"meta":{}},"geometry":{"type":"Point","coordinates":[6.6931776,46.1456572]}},
{"type":"Feature","id":"node/8667821235","properties":{"type":"node","id":8667821235,"tags":{"aerialway":"pylon"},"relations":[],"meta":{}},"geometry":{"type":"Point","coordinates":[6.6915764,46.1465027]}},
{"type":"Feature","id":"node/8667821236","properties":{"type":"node","id":8667821236,"tags":{"aerialway":"pylon"},"relations":[],"meta":{}},"geometry":{"type":"Point","coordinates":[6.689773,46.1469479]}},
{"type":"Feature","id":"node/8667821237","properties":{"type":"node","id":8667821237,"tags":{"aerialway":"pylon"},"relations":[],"meta":{}},"geometry":{"type":"Point","coordinates":[6.6902499,46.1472031]}},
{"type":"Feature","id":"node/8667821238","properties":{"type":"node","id":8667821238,"tags":{"aerialway":"pylon"},"relations":[],"meta":{}},"geometry":{"type":"Point","coordinates":[6.6891421,46.147788]}},
{"type":"Feature","id":"node/8667821239","properties":{"type":"node","id":8667821239,"tags":{"aerialway":"pylon"},"relations":[],"meta":{}},"geometry":{"type":"Point","coordinates":[6.6864771,46.1491848]}},
{"type":"Feature","id":"node/8667821240","properties":{"type":"node","id":8667821240,"tags":{"aerialway":"pylon"},"relations":[],"meta":{}},"geometry":{"type":"Point","coordinates":[6.6851497,46.1490613]}},
{"type":"Feature","id":"node/8667821241","properties":{"type":"node","id":8667821241,"tags":{"aerialway":"pylon"},"relations":[],"meta":{}},"geometry":{"type":"Point","coordinates":[6.6835734,46.149765]}},
{"type":"Feature","id":"node/8667821242","properties":{"type":"node","id":8667821242,"tags":{"aerialway":"pylon"},"relations":[],"meta":{}},"geometry":{"type":"Point","coordinates":[6.6821818,46.1503862]}},
{"type":"Feature","id":"node/8667821243","properties":{"type":"node","id":8667821243,"tags":{"aerialway":"pylon"},"relations":[],"meta":{}},"geometry":{"type":"Point","coordinates":[6.6805035,46.1511797]}},
{"type":"Feature","id":"node/8667821244","properties":{"type":"node","id":8667821244,"tags":{"aerialway":"pylon"},"relations":[],"meta":{}},"geometry":{"type":"Point","coordinates":[6.6794266,46.1516669]}},
{"type":"Feature","id":"node/8667821245","properties":{"type":"node","id":8667821245,"tags":{"aerialway":"pylon"},"relations":[],"meta":{}},"geometry":{"type":"Point","coordinates":[6.6770701,46.1527528]}},
{"type":"Feature","id":"node/8667821246","properties":{"type":"node","id":8667821246,"tags":{"aerialway":"pylon"},"relations":[],"meta":{}},"geometry":{"type":"Point","coordinates":[6.6757435,46.1533548]}},
{"type":"Feature","id":"node/8667821247","properties":{"type":"node","id":8667821247,"tags":{"aerialway":"pylon"},"relations":[],"meta":{}},"geometry":{"type":"Point","coordinates":[6.6717199,46.1551905]}},
{"type":"Feature","id":"node/8667821248","properties":{"type":"node","id":8667821248,"tags":{"aerialway":"pylon"},"relations":[],"meta":{}},"geometry":{"type":"Point","coordinates":[6.6689239,46.1564599]}},
{"type":"Feature","id":"node/8667821249","properties":{"type":"node","id":8667821249,"tags":{"aerialway":"pylon"},"relations":[],"meta":{}},"geometry":{"type":"Point","coordinates":[6.6930853,46.1688184]}},
{"type":"Feature","id":"node/8667821250","properties":{"type":"node","id":8667821250,"tags":{"aerialway":"pylon"},"relations":[],"meta":{}},"geometry":{"type":"Point","coordinates":[6.6949651,46.1697137]}},
{"type":"Feature","id":"node/8667821251","properties":{"type":"node","id":8667821251,"tags":{"aerialway":"pylon"},"relations":[],"meta":{}},"geometry":{"type":"Point","coordinates":[6.6957753,46.1700995]}},
{"type":"Feature","id":"node/8667821252","properties":{"type":"node","id":8667821252,"tags":{"aerialway":"pylon"},"relations":[],"meta":{}},"geometry":{"type":"Point","coordinates":[6.697337,46.1708433]}},
{"type":"Feature","id":"node/8667821253","properties":{"type":"node","id":8667821253,"tags":{"aerialway":"pylon"},"relations":[],"meta":{}},"geometry":{"type":"Point","coordinates":[6.6987193,46.1715015]}},
{"type":"Feature","id":"node/8667821254","properties":{"type":"node","id":8667821254,"tags":{"aerialway":"pylon"},"relations":[],"meta":{}},"geometry":{"type":"Point","coordinates":[6.6993202,46.1717877]}},
{"type":"Feature","id":"node/8667821255","properties":{"type":"node","id":8667821255,"tags":{"aerialway":"pylon"},"relations":[],"meta":{}},"geometry":{"type":"Point","coordinates":[6.7005716,46.1723836]}},
{"type":"Feature","id":"node/8667821256","properties":{"type":"node","id":8667821256,"tags":{"aerialway":"pylon"},"relations":[],"meta":{}},"geometry":{"type":"Point","coordinates":[6.6940905,46.1712098]}},
{"type":"Feature","id":"node/8667821257","properties":{"type":"node","id":8667821257,"tags":{"aerialway":"pylon"},"relations":[],"meta":{}},"geometry":{"type":"Point","coordinates":[6.6922232,46.1701164]}},
{"type":"Feature","id":"node/8667821258","properties":{"type":"node","id":8667821258,"tags":{"aerialway":"pylon"},"relations":[],"meta":{}},"geometry":{"type":"Point","coordinates":[6.6921031,46.1698121]}},
{"type":"Feature","id":"node/8667821259","properties":{"type":"node","id":8667821259,"tags":{"aerialway":"pylon"},"relations":[],"meta":{}},"geometry":{"type":"Point","coordinates":[6.6928173,46.1716326]}},
{"type":"Feature","id":"node/8667821260","properties":{"type":"node","id":8667821260,"tags":{"aerialway":"pylon"},"relations":[],"meta":{}},"geometry":{"type":"Point","coordinates":[6.6933761,46.1730702]}},
{"type":"Feature","id":"node/8667821261","properties":{"type":"node","id":8667821261,"tags":{"aerialway":"pylon"},"relations":[],"meta":{}},"geometry":{"type":"Point","coordinates":[6.6940565,46.1748236]}},
{"type":"Feature","id":"node/8667821262","properties":{"type":"node","id":8667821262,"tags":{"aerialway":"pylon"},"relations":[],"meta":{}},"geometry":{"type":"Point","coordinates":[6.6931139,46.1752883]}},
{"type":"Feature","id":"node/8667821264","properties":{"type":"node","id":8667821264,"tags":{"aerialway":"pylon"},"relations":[],"meta":{}},"geometry":{"type":"Point","coordinates":[6.6939861,46.175842]}},
{"type":"Feature","id":"node/8667821265","properties":{"type":"node","id":8667821265,"tags":{"aerialway":"pylon"},"relations":[],"meta":{}},"geometry":{"type":"Point","coordinates":[6.6946224,46.176246]}},
{"type":"Feature","id":"node/8667821266","properties":{"type":"node","id":8667821266,"tags":{"aerialway":"pylon"},"relations":[],"meta":{}},"geometry":{"type":"Point","coordinates":[6.6958566,46.1770294]}},
{"type":"Feature","id":"node/8667821267","properties":{"type":"node","id":8667821267,"tags":{"aerialway":"pylon"},"relations":[],"meta":{}},"geometry":{"type":"Point","coordinates":[6.6964536,46.1774084]}},
{"type":"Feature","id":"node/8667821268","properties":{"type":"node","id":8667821268,"tags":{"aerialway":"pylon"},"relations":[],"meta":{}},"geometry":{"type":"Point","coordinates":[6.6983086,46.1785393]}},
{"type":"Feature","id":"node/8667821269","properties":{"type":"node","id":8667821269,"tags":{"aerialway":"pylon"},"relations":[],"meta":{}},"geometry":{"type":"Point","coordinates":[6.6994326,46.179211]}},
{"type":"Feature","id":"node/8667821270","properties":{"type":"node","id":8667821270,"tags":{"aerialway":"pylon"},"relations":[],"meta":{}},"geometry":{"type":"Point","coordinates":[6.7006145,46.1799174]}},
{"type":"Feature","id":"node/8667821271","properties":{"type":"node","id":8667821271,"tags":{"aerialway":"pylon"},"relations":[],"meta":{}},"geometry":{"type":"Point","coordinates":[6.7001965,46.1779576]}},
{"type":"Feature","id":"node/8667821272","properties":{"type":"node","id":8667821272,"tags":{"aerialway":"pylon"},"relations":[],"meta":{}},"geometry":{"type":"Point","coordinates":[6.7014554,46.1793654]}},
{"type":"Feature","id":"node/8667821273","properties":{"type":"node","id":8667821273,"tags":{"aerialway":"pylon","ref":"P3"},"relations":[],"meta":{}},"geometry":{"type":"Point","coordinates":[6.6340648,46.1706145]}},
{"type":"Feature","id":"node/8667821274","properties":{"type":"node","id":8667821274,"tags":{"aerialway":"pylon","ref":"P4"},"relations":[],"meta":{}},"geometry":{"type":"Point","coordinates":[6.6357987,46.170355]}},
{"type":"Feature","id":"node/8667821275","properties":{"type":"node","id":8667821275,"tags":{"aerialway":"pylon","ref":"P5"},"relations":[],"meta":{}},"geometry":{"type":"Point","coordinates":[6.6368086,46.1702038]}},
{"type":"Feature","id":"node/8667821276","properties":{"type":"node","id":8667821276,"tags":{"aerialway":"pylon","ref":"P6"},"relations":[],"meta":{}},"geometry":{"type":"Point","coordinates":[6.6378018,46.1700552]}},
{"type":"Feature","id":"node/8667821277","properties":{"type":"node","id":8667821277,"tags":{"aerialway":"pylon","ref":"P7"},"relations":[],"meta":{}},"geometry":{"type":"Point","coordinates":[6.6390524,46.169868]}},
{"type":"Feature","id":"node/8667821278","properties":{"type":"node","id":8667821278,"tags":{"aerialway":"pylon","ref":"P9"},"relations":[],"meta":{}},"geometry":{"type":"Point","coordinates":[6.64148,46.1694903]}},
{"type":"Feature","id":"node/8667821279","properties":{"type":"node","id":8667821279,"tags":{"aerialway":"pylon","ref":"P10"},"relations":[],"meta":{}},"geometry":{"type":"Point","coordinates":[6.6426487,46.169324]}},
{"type":"Feature","id":"node/8667821280","properties":{"type":"node","id":8667821280,"tags":{"aerialway":"pylon","ref":"P11"},"relations":[],"meta":{}},"geometry":{"type":"Point","coordinates":[6.6437024,46.1691623]}},
{"type":"Feature","id":"node/8667821281","properties":{"type":"node","id":8667821281,"tags":{"aerialway":"pylon","ref":"P12"},"relations":[],"meta":{}},"geometry":{"type":"Point","coordinates":[6.6446949,46.1690058]}},
{"type":"Feature","id":"node/8667821282","properties":{"type":"node","id":8667821282,"tags":{"aerialway":"pylon","ref":"P13"},"relations":[],"meta":{}},"geometry":{"type":"Point","coordinates":[6.6456892,46.1688658]}},
{"type":"Feature","id":"node/8667821283","properties":{"type":"node","id":8667821283,"tags":{"aerialway":"pylon","ref":"P13"},"relations":[],"meta":{}},"geometry":{"type":"Point","coordinates":[6.6475849,46.1680866]}},
{"type":"Feature","id":"node/8667821284","properties":{"type":"node","id":8667821284,"tags":{"aerialway":"pylon","ref":"P12"},"relations":[],"meta":{}},"geometry":{"type":"Point","coordinates":[6.6483641,46.1678121]}},
{"type":"Feature","id":"node/8667821285","properties":{"type":"node","id":8667821285,"tags":{"aerialway":"pylon","ref":"P11"},"relations":[],"meta":{}},"geometry":{"type":"Point","coordinates":[6.6492254,46.1675085]}},
{"type":"Feature","id":"node/8667821286","properties":{"type":"node","id":8667821286,"tags":{"aerialway":"pylon","ref":"P10"},"relations":[],"meta":{}},"geometry":{"type":"Point","coordinates":[6.6502664,46.1671417]}},
{"type":"Feature","id":"node/8667821287","properties":{"type":"node","id":8667821287,"tags":{"aerialway":"pylon","ref":"P9"},"relations":[],"meta":{}},"geometry":{"type":"Point","coordinates":[6.6509268,46.166909]}},
{"type":"Feature","id":"node/8667821288","properties":{"type":"node","id":8667821288,"tags":{"aerialway":"pylon","ref":"P8"},"relations":[],"meta":{}},"geometry":{"type":"Point","coordinates":[6.6523736,46.1663991]}},
{"type":"Feature","id":"node/8667821289","properties":{"type":"node","id":8667821289,"tags":{"aerialway":"pylon","ref":"P7"},"relations":[],"meta":{}},"geometry":{"type":"Point","coordinates":[6.6529989,46.1661788]}},
{"type":"Feature","id":"node/8667821290","properties":{"type":"node","id":8667821290,"tags":{"aerialway":"pylon","ref":"P6"},"relations":[],"meta":{}},"geometry":{"type":"Point","coordinates":[6.6537907,46.1658998]}},
{"type":"Feature","id":"node/8667821291","properties":{"type":"node","id":8667821291,"tags":{"aerialway":"pylon","ref":"P5"},"relations":[],"meta":{}},"geometry":{"type":"Point","coordinates":[6.6547511,46.1655613]}},
{"type":"Feature","id":"node/8667821292","properties":{"type":"node","id":8667821292,"tags":{"aerialway":"pylon","ref":"P4"},"relations":[],"meta":{}},"geometry":{"type":"Point","coordinates":[6.6555721,46.1652733]}},
{"type":"Feature","id":"node/8667821293","properties":{"type":"node","id":8667821293,"tags":{"aerialway":"pylon","ref":"P3"},"relations":[],"meta":{}},"geometry":{"type":"Point","coordinates":[6.6565355,46.1649332]}},
{"type":"Feature","id":"node/8667821294","properties":{"type":"node","id":8667821294,"tags":{"aerialway":"pylon","ref":"P2"},"relations":[],"meta":{}},"geometry":{"type":"Point","coordinates":[6.6593041,46.1665511]}},
{"type":"Feature","id":"node/8667821295","properties":{"type":"node","id":8667821295,"tags":{"aerialway":"pylon","ref":"P5"},"relations":[],"meta":{}},"geometry":{"type":"Point","coordinates":[6.6558058,46.1677744]}},
{"type":"Feature","id":"node/8667821296","properties":{"type":"node","id":8667821296,"tags":{"aerialway":"pylon","ref":"P6"},"relations":[],"meta":{}},"geometry":{"type":"Point","coordinates":[6.6544995,46.1682098]}},
{"type":"Feature","id":"node/8667821297","properties":{"type":"node","id":8667821297,"tags":{"aerialway":"pylon","ref":"P8"},"relations":[],"meta":{}},"geometry":{"type":"Point","coordinates":[6.6520323,46.1690471]}},
{"type":"Feature","id":"node/8667821298","properties":{"type":"node","id":8667821298,"tags":{"aerialway":"pylon","ref":"P9"},"relations":[],"meta":{}},"geometry":{"type":"Point","coordinates":[6.6524295,46.1699703]}},
{"type":"Feature","id":"node/8667821299","properties":{"type":"node","id":8667821299,"tags":{"aerialway":"pylon","ref":"P8"},"relations":[],"meta":{}},"geometry":{"type":"Point","coordinates":[6.6531265,46.1701562]}},
{"type":"Feature","id":"node/8667821300","properties":{"type":"node","id":8667821300,"tags":{"aerialway":"pylon","ref":"P6"},"relations":[],"meta":{}},"geometry":{"type":"Point","coordinates":[6.6559406,46.1709003]}},
{"type":"Feature","id":"node/8667821301","properties":{"type":"node","id":8667821301,"tags":{"aerialway":"pylon","ref":"P3"},"relations":[],"meta":{}},"geometry":{"type":"Point","coordinates":[6.658859,46.171664]}},
{"type":"Feature","id":"node/8667821302","properties":{"type":"node","id":8667821302,"tags":{"aerialway":"pylon","ref":"P1"},"relations":[],"meta":{}},"geometry":{"type":"Point","coordinates":[6.6615766,46.1723698]}},
{"type":"Feature","id":"node/8667821303","properties":{"type":"node","id":8667821303,"tags":{"aerialway":"pylon","ref":"P10"},"relations":[],"meta":{}},"geometry":{"type":"Point","coordinates":[6.6590462,46.1653269]}},
{"type":"Feature","id":"node/8667821304","properties":{"type":"node","id":8667821304,"tags":{"aerialway":"pylon","ref":"P8"},"relations":[],"meta":{}},"geometry":{"type":"Point","coordinates":[6.6629295,46.1636784]}},
{"type":"Feature","id":"node/8667821305","properties":{"type":"node","id":8667821305,"tags":{"aerialway":"pylon","ref":"P5"},"relations":[],"meta":{}},"geometry":{"type":"Point","coordinates":[6.6664497,46.1621864]}},
{"type":"Feature","id":"node/8667821306","properties":{"type":"node","id":8667821306,"tags":{"aerialway":"pylon"},"relations":[],"meta":{}},"geometry":{"type":"Point","coordinates":[6.6852447,46.1597595]}},
{"type":"Feature","id":"node/8667821307","properties":{"type":"node","id":8667821307,"tags":{"aerialway":"pylon"},"relations":[],"meta":{}},"geometry":{"type":"Point","coordinates":[6.686866,46.1602137]}},
{"type":"Feature","id":"node/8667821308","properties":{"type":"node","id":8667821308,"tags":{"aerialway":"pylon"},"relations":[],"meta":{}},"geometry":{"type":"Point","coordinates":[6.687988,46.160528]}},
{"type":"Feature","id":"node/8667821309","properties":{"type":"node","id":8667821309,"tags":{"aerialway":"pylon"},"relations":[],"meta":{}},"geometry":{"type":"Point","coordinates":[6.6914953,46.1615107]}},
{"type":"Feature","id":"node/8667821310","properties":{"type":"node","id":8667821310,"tags":{"aerialway":"pylon"},"relations":[],"meta":{}},"geometry":{"type":"Point","coordinates":[6.693581,46.162095]}},
{"type":"Feature","id":"node/8667873894","properties":{"type":"node","id":8667873894,"tags":{"aerialway":"pylon"},"relations":[],"meta":{}},"geometry":{"type":"Point","coordinates":[6.788682,46.1781695]}},
{"type":"Feature","id":"node/8667873895","properties":{"type":"node","id":8667873895,"tags":{"aerialway":"pylon"},"relations":[],"meta":{}},"geometry":{"type":"Point","coordinates":[6.7889412,46.1775153]}},
{"type":"Feature","id":"node/8667873896","properties":{"type":"node","id":8667873896,"tags":{"aerialway":"pylon"},"relations":[],"meta":{}},"geometry":{"type":"Point","coordinates":[6.7891956,46.1768731]}},
{"type":"Feature","id":"node/8667873897","properties":{"type":"node","id":8667873897,"tags":{"aerialway":"pylon"},"relations":[],"meta":{}},"geometry":{"type":"Point","coordinates":[6.7896446,46.1757399]}},
{"type":"Feature","id":"node/8667873898","properties":{"type":"node","id":8667873898,"tags":{"aerialway":"pylon"},"relations":[],"meta":{}},"geometry":{"type":"Point","coordinates":[6.7900777,46.1746467]}},
{"type":"Feature","id":"node/8667873899","properties":{"type":"node","id":8667873899,"tags":{"aerialway":"pylon"},"relations":[],"meta":{}},"geometry":{"type":"Point","coordinates":[6.7904994,46.1735822]}},
{"type":"Feature","id":"node/8667873900","properties":{"type":"node","id":8667873900,"tags":{"aerialway":"pylon"},"relations":[],"meta":{}},"geometry":{"type":"Point","coordinates":[6.7907421,46.1729696]}},
{"type":"Feature","id":"node/8667873901","properties":{"type":"node","id":8667873901,"tags":{"aerialway":"pylon"},"relations":[],"meta":{}},"geometry":{"type":"Point","coordinates":[6.7910883,46.1720957]}},
{"type":"Feature","id":"node/8667873902","properties":{"type":"node","id":8667873902,"tags":{"aerialway":"pylon"},"relations":[],"meta":{}},"geometry":{"type":"Point","coordinates":[6.7914331,46.1712255]}},
{"type":"Feature","id":"node/8667873903","properties":{"type":"node","id":8667873903,"tags":{"aerialway":"pylon"},"relations":[],"meta":{}},"geometry":{"type":"Point","coordinates":[6.7918379,46.1702037]}},
{"type":"Feature","id":"node/8667873904","properties":{"type":"node","id":8667873904,"tags":{"aerialway":"pylon"},"relations":[],"meta":{}},"geometry":{"type":"Point","coordinates":[6.7921402,46.1694406]}},
{"type":"Feature","id":"node/8667873905","properties":{"type":"node","id":8667873905,"tags":{"aerialway":"pylon"},"relations":[],"meta":{}},"geometry":{"type":"Point","coordinates":[6.7925813,46.1683269]}},
{"type":"Feature","id":"node/8667873906","properties":{"type":"node","id":8667873906,"tags":{"aerialway":"pylon"},"relations":[],"meta":{}},"geometry":{"type":"Point","coordinates":[6.7929355,46.1674328]}},
{"type":"Feature","id":"node/8667873907","properties":{"type":"node","id":8667873907,"tags":{"aerialway":"pylon"},"relations":[],"meta":{}},"geometry":{"type":"Point","coordinates":[6.7937188,46.1654554]}},
{"type":"Feature","id":"node/8667873908","properties":{"type":"node","id":8667873908,"tags":{"aerialway":"pylon"},"relations":[],"meta":{}},"geometry":{"type":"Point","coordinates":[6.8017444,46.1719161]}},
{"type":"Feature","id":"node/8667873909","properties":{"type":"node","id":8667873909,"tags":{"aerialway":"pylon"},"relations":[],"meta":{}},"geometry":{"type":"Point","coordinates":[6.8001243,46.1728694]}},
{"type":"Feature","id":"node/8667873910","properties":{"type":"node","id":8667873910,"tags":{"aerialway":"pylon"},"relations":[],"meta":{}},"geometry":{"type":"Point","coordinates":[6.7988184,46.1736378]}},
{"type":"Feature","id":"node/8667873911","properties":{"type":"node","id":8667873911,"tags":{"aerialway":"pylon"},"relations":[],"meta":{}},"geometry":{"type":"Point","coordinates":[6.7980647,46.1740814]}},
{"type":"Feature","id":"node/8667873912","properties":{"type":"node","id":8667873912,"tags":{"aerialway":"pylon"},"relations":[],"meta":{}},"geometry":{"type":"Point","coordinates":[6.7970041,46.1747054]}},
{"type":"Feature","id":"node/8667873913","properties":{"type":"node","id":8667873913,"tags":{"aerialway":"pylon"},"relations":[],"meta":{}},"geometry":{"type":"Point","coordinates":[6.7965036,46.1749999]}},
{"type":"Feature","id":"node/8667873914","properties":{"type":"node","id":8667873914,"tags":{"aerialway":"pylon"},"relations":[],"meta":{}},"geometry":{"type":"Point","coordinates":[6.7951011,46.1758252]}},
{"type":"Feature","id":"node/8667873915","properties":{"type":"node","id":8667873915,"tags":{"aerialway":"pylon"},"relations":[],"meta":{}},"geometry":{"type":"Point","coordinates":[6.7943814,46.1762487]}},
{"type":"Feature","id":"node/8667873916","properties":{"type":"node","id":8667873916,"tags":{"aerialway":"pylon"},"relations":[],"meta":{}},"geometry":{"type":"Point","coordinates":[6.7930172,46.1770514]}},
{"type":"Feature","id":"node/8667880117","properties":{"type":"node","id":8667880117,"tags":{"aerialway":"pylon"},"relations":[],"meta":{}},"geometry":{"type":"Point","coordinates":[6.7914262,46.1779875]}},
{"type":"Feature","id":"node/8667880118","properties":{"type":"node","id":8667880118,"tags":{"aerialway":"pylon"},"relations":[],"meta":{}},"geometry":{"type":"Point","coordinates":[6.7901071,46.1787637]}},
{"type":"Feature","id":"node/8667880119","properties":{"type":"node","id":8667880119,"tags":{"aerialway":"pylon"},"relations":[],"meta":{}},"geometry":{"type":"Point","coordinates":[6.7835507,46.1922067]}},
{"type":"Feature","id":"node/8667880120","properties":{"type":"node","id":8667880120,"tags":{"aerialway":"pylon"},"relations":[],"meta":{}},"geometry":{"type":"Point","coordinates":[6.7846909,46.1941219]}},
{"type":"Feature","id":"node/8667880121","properties":{"type":"node","id":8667880121,"tags":{"aerialway":"pylon"},"relations":[],"meta":{}},"geometry":{"type":"Point","coordinates":[6.7852461,46.1950542]}},
{"type":"Feature","id":"node/8667880122","properties":{"type":"node","id":8667880122,"tags":{"aerialway":"pylon"},"relations":[],"meta":{}},"geometry":{"type":"Point","coordinates":[6.7858987,46.1961503]}},
{"type":"Feature","id":"node/8667880123","properties":{"type":"node","id":8667880123,"tags":{"aerialway":"pylon"},"relations":[],"meta":{}},"geometry":{"type":"Point","coordinates":[6.786747,46.197575]}},
{"type":"Feature","id":"node/8667880124","properties":{"type":"node","id":8667880124,"tags":{"aerialway":"pylon"},"relations":[],"meta":{}},"geometry":{"type":"Point","coordinates":[6.7317886,46.1961042]}},
{"type":"Feature","id":"node/8667880125","properties":{"type":"node","id":8667880125,"tags":{"aerialway":"pylon"},"relations":[],"meta":{}},"geometry":{"type":"Point","coordinates":[6.7304142,46.1955266]}},
{"type":"Feature","id":"node/8667880126","properties":{"type":"node","id":8667880126,"tags":{"aerialway":"pylon"},"relations":[],"meta":{}},"geometry":{"type":"Point","coordinates":[6.7288058,46.1948505]}},
{"type":"Feature","id":"node/8667880127","properties":{"type":"node","id":8667880127,"tags":{"aerialway":"pylon"},"relations":[],"meta":{}},"geometry":{"type":"Point","coordinates":[6.7268713,46.1940374]}},
{"type":"Feature","id":"node/8667880128","properties":{"type":"node","id":8667880128,"tags":{"aerialway":"pylon"},"relations":[],"meta":{}},"geometry":{"type":"Point","coordinates":[6.7250295,46.1932633]}},
{"type":"Feature","id":"node/8667880129","properties":{"type":"node","id":8667880129,"tags":{"aerialway":"pylon"},"relations":[],"meta":{}},"geometry":{"type":"Point","coordinates":[6.7234422,46.1925961]}},
{"type":"Feature","id":"node/8667880130","properties":{"type":"node","id":8667880130,"tags":{"aerialway":"pylon"},"relations":[],"meta":{}},"geometry":{"type":"Point","coordinates":[6.7221344,46.1920464]}},
{"type":"Feature","id":"node/8667880131","properties":{"type":"node","id":8667880131,"tags":{"aerialway":"pylon"},"relations":[],"meta":{}},"geometry":{"type":"Point","coordinates":[6.7203753,46.191307]}},
{"type":"Feature","id":"node/8667880132","properties":{"type":"node","id":8667880132,"tags":{"aerialway":"pylon"},"relations":[],"meta":{}},"geometry":{"type":"Point","coordinates":[6.7190298,46.1907415]}},
{"type":"Feature","id":"node/8667880133","properties":{"type":"node","id":8667880133,"tags":{"aerialway":"pylon"},"relations":[],"meta":{}},"geometry":{"type":"Point","coordinates":[6.7184104,46.1904811]}},
{"type":"Feature","id":"node/8667880134","properties":{"type":"node","id":8667880134,"tags":{"aerialway":"pylon"},"relations":[],"meta":{}},"geometry":{"type":"Point","coordinates":[6.8271254,46.1741838]}},
{"type":"Feature","id":"node/8667880135","properties":{"type":"node","id":8667880135,"tags":{"aerialway":"pylon"},"relations":[],"meta":{}},"geometry":{"type":"Point","coordinates":[6.8266536,46.174618]}},
{"type":"Feature","id":"node/8667880136","properties":{"type":"node","id":8667880136,"tags":{"aerialway":"pylon"},"relations":[],"meta":{}},"geometry":{"type":"Point","coordinates":[6.8258347,46.1753716]}},
{"type":"Feature","id":"node/8667880137","properties":{"type":"node","id":8667880137,"tags":{"aerialway":"pylon"},"relations":[],"meta":{}},"geometry":{"type":"Point","coordinates":[6.8257215,46.1754758]}},
{"type":"Feature","id":"node/8667880138","properties":{"type":"node","id":8667880138,"tags":{"aerialway":"pylon"},"relations":[],"meta":{}},"geometry":{"type":"Point","coordinates":[6.8249369,46.1761978]}},
{"type":"Feature","id":"node/8667880139","properties":{"type":"node","id":8667880139,"tags":{"aerialway":"pylon"},"relations":[],"meta":{}},"geometry":{"type":"Point","coordinates":[6.8244732,46.1766245]}},
{"type":"Feature","id":"node/8667880140","properties":{"type":"node","id":8667880140,"tags":{"aerialway":"pylon"},"relations":[],"meta":{}},"geometry":{"type":"Point","coordinates":[6.8237454,46.1772943]}},
{"type":"Feature","id":"node/8667880141","properties":{"type":"node","id":8667880141,"tags":{"aerialway":"pylon"},"relations":[],"meta":{}},"geometry":{"type":"Point","coordinates":[6.8228193,46.1781465]}},
{"type":"Feature","id":"node/8667880142","properties":{"type":"node","id":8667880142,"tags":{"aerialway":"pylon"},"relations":[],"meta":{}},"geometry":{"type":"Point","coordinates":[6.8220405,46.1788632]}},
{"type":"Feature","id":"node/8667880143","properties":{"type":"node","id":8667880143,"tags":{"aerialway":"pylon"},"relations":[],"meta":{}},"geometry":{"type":"Point","coordinates":[6.8208731,46.1799374]}},
{"type":"Feature","id":"node/8667880144","properties":{"type":"node","id":8667880144,"tags":{"aerialway":"pylon"},"relations":[],"meta":{}},"geometry":{"type":"Point","coordinates":[6.8203335,46.180434]}},
{"type":"Feature","id":"node/8667880145","properties":{"type":"node","id":8667880145,"tags":{"aerialway":"pylon"},"relations":[],"meta":{}},"geometry":{"type":"Point","coordinates":[6.8204476,46.180329]}},
{"type":"Feature","id":"node/8667880146","properties":{"type":"node","id":8667880146,"tags":{"aerialway":"pylon"},"relations":[],"meta":{}},"geometry":{"type":"Point","coordinates":[6.8151848,46.1740444]}},
{"type":"Feature","id":"node/8667880147","properties":{"type":"node","id":8667880147,"tags":{"aerialway":"pylon"},"relations":[],"meta":{}},"geometry":{"type":"Point","coordinates":[6.8144798,46.1739937]}},
{"type":"Feature","id":"node/8667880148","properties":{"type":"node","id":8667880148,"tags":{"aerialway":"pylon"},"relations":[],"meta":{}},"geometry":{"type":"Point","coordinates":[6.8137565,46.1739496]}},
{"type":"Feature","id":"node/8667880149","properties":{"type":"node","id":8667880149,"tags":{"aerialway":"pylon"},"relations":[],"meta":{}},"geometry":{"type":"Point","coordinates":[6.8126992,46.1738851]}},
{"type":"Feature","id":"node/8667880150","properties":{"type":"node","id":8667880150,"tags":{"aerialway":"pylon"},"relations":[],"meta":{}},"geometry":{"type":"Point","coordinates":[6.8115637,46.1738158]}},
{"type":"Feature","id":"node/8667880151","properties":{"type":"node","id":8667880151,"tags":{"aerialway":"pylon"},"relations":[],"meta":{}},"geometry":{"type":"Point","coordinates":[6.8103573,46.1737422]}},
{"type":"Feature","id":"node/8667880152","properties":{"type":"node","id":8667880152,"tags":{"aerialway":"pylon"},"relations":[],"meta":{}},"geometry":{"type":"Point","coordinates":[6.8091851,46.1736706]}},
{"type":"Feature","id":"node/8667880153","properties":{"type":"node","id":8667880153,"tags":{"aerialway":"pylon"},"relations":[],"meta":{}},"geometry":{"type":"Point","coordinates":[6.8081955,46.1736102]}},
{"type":"Feature","id":"node/8667880154","properties":{"type":"node","id":8667880154,"tags":{"aerialway":"pylon"},"relations":[],"meta":{}},"geometry":{"type":"Point","coordinates":[6.8065996,46.1735129]}},
{"type":"Feature","id":"node/8667880155","properties":{"type":"node","id":8667880155,"tags":{"aerialway":"pylon"},"relations":[],"meta":{}},"geometry":{"type":"Point","coordinates":[6.805663,46.1734557]}},
{"type":"Feature","id":"node/8674270114","properties":{"type":"node","id":8674270114,"tags":{"aerialway":"pylon"},"relations":[],"meta":{}},"geometry":{"type":"Point","coordinates":[6.7072874,46.2662639]}},
{"type":"Feature","id":"node/8674270115","properties":{"type":"node","id":8674270115,"tags":{"aerialway":"pylon"},"relations":[],"meta":{}},"geometry":{"type":"Point","coordinates":[6.707969,46.2667286]}},
{"type":"Feature","id":"node/8674270116","properties":{"type":"node","id":8674270116,"tags":{"aerialway":"pylon"},"relations":[],"meta":{}},"geometry":{"type":"Point","coordinates":[6.7101952,46.268246]}},
{"type":"Feature","id":"node/8674280017","properties":{"type":"node","id":8674280017,"tags":{"aerialway":"pylon"},"relations":[],"meta":{}},"geometry":{"type":"Point","coordinates":[6.7125385,46.2698433]}},
{"type":"Feature","id":"node/8674280018","properties":{"type":"node","id":8674280018,"tags":{"aerialway":"pylon"},"relations":[],"meta":{}},"geometry":{"type":"Point","coordinates":[6.7152574,46.2716965]}},
{"type":"Feature","id":"node/8674280019","properties":{"type":"node","id":8674280019,"tags":{"aerialway":"pylon"},"relations":[],"meta":{}},"geometry":{"type":"Point","coordinates":[6.7166399,46.2726388]}},
{"type":"Feature","id":"node/8674280020","properties":{"type":"node","id":8674280020,"tags":{"aerialway":"pylon"},"relations":[],"meta":{}},"geometry":{"type":"Point","coordinates":[6.7174739,46.2732073]}},
{"type":"Feature","id":"node/8674280021","properties":{"type":"node","id":8674280021,"tags":{"aerialway":"pylon"},"relations":[],"meta":{}},"geometry":{"type":"Point","coordinates":[6.717881,46.2734848]}},
{"type":"Feature","id":"node/8674280022","properties":{"type":"node","id":8674280022,"tags":{"aerialway":"pylon"},"relations":[],"meta":{}},"geometry":{"type":"Point","coordinates":[6.719338,46.2744778]}},
{"type":"Feature","id":"node/8674280023","properties":{"type":"node","id":8674280023,"tags":{"aerialway":"pylon"},"relations":[],"meta":{}},"geometry":{"type":"Point","coordinates":[6.7198397,46.2748197]}},
{"type":"Feature","id":"node/8674280024","properties":{"type":"node","id":8674280024,"tags":{"aerialway":"pylon"},"relations":[],"meta":{}},"geometry":{"type":"Point","coordinates":[6.7204824,46.2752578]}},
{"type":"Feature","id":"node/8681260480","properties":{"type":"node","id":8681260480,"tags":{"aerialway":"pylon"},"relations":[],"meta":{}},"geometry":{"type":"Point","coordinates":[6.8585299,46.2064339]}},
{"type":"Feature","id":"node/8681260481","properties":{"type":"node","id":8681260481,"tags":{"aerialway":"pylon"},"relations":[],"meta":{}},"geometry":{"type":"Point","coordinates":[6.8582715,46.2063907]}},
{"type":"Feature","id":"node/8681260482","properties":{"type":"node","id":8681260482,"tags":{"aerialway":"pylon"},"relations":[],"meta":{}},"geometry":{"type":"Point","coordinates":[6.8568625,46.2061552]}},
{"type":"Feature","id":"node/8681260483","properties":{"type":"node","id":8681260483,"tags":{"aerialway":"pylon"},"relations":[],"meta":{}},"geometry":{"type":"Point","coordinates":[6.8548937,46.2058261]}},
{"type":"Feature","id":"node/8681260484","properties":{"type":"node","id":8681260484,"tags":{"aerialway":"pylon"},"relations":[],"meta":{}},"geometry":{"type":"Point","coordinates":[6.8547833,46.2058076]}},
{"type":"Feature","id":"node/8681260485","properties":{"type":"node","id":8681260485,"tags":{"aerialway":"pylon"},"relations":[],"meta":{}},"geometry":{"type":"Point","coordinates":[6.8546557,46.2057863]}},
{"type":"Feature","id":"node/8681260486","properties":{"type":"node","id":8681260486,"tags":{"aerialway":"pylon"},"relations":[],"meta":{}},"geometry":{"type":"Point","coordinates":[6.853498,46.2055927]}},
{"type":"Feature","id":"node/8681260487","properties":{"type":"node","id":8681260487,"tags":{"aerialway":"pylon"},"relations":[],"meta":{}},"geometry":{"type":"Point","coordinates":[6.853275,46.2055554]}},
{"type":"Feature","id":"node/8681260488","properties":{"type":"node","id":8681260488,"tags":{"aerialway":"pylon"},"relations":[],"meta":{}},"geometry":{"type":"Point","coordinates":[6.850907,46.2051596]}},
{"type":"Feature","id":"node/8681260489","properties":{"type":"node","id":8681260489,"tags":{"aerialway":"pylon"},"relations":[],"meta":{}},"geometry":{"type":"Point","coordinates":[6.8507803,46.2051384]}},
{"type":"Feature","id":"node/8681260490","properties":{"type":"node","id":8681260490,"tags":{"aerialway":"pylon"},"relations":[],"meta":{}},"geometry":{"type":"Point","coordinates":[6.8506686,46.2051197]}},
{"type":"Feature","id":"node/8681260491","properties":{"type":"node","id":8681260491,"tags":{"aerialway":"pylon"},"relations":[],"meta":{}},"geometry":{"type":"Point","coordinates":[6.8491756,46.2048701]}},
{"type":"Feature","id":"node/8681260492","properties":{"type":"node","id":8681260492,"tags":{"aerialway":"pylon"},"relations":[],"meta":{}},"geometry":{"type":"Point","coordinates":[6.8490593,46.2048507]}},
{"type":"Feature","id":"node/8681260493","properties":{"type":"node","id":8681260493,"tags":{"aerialway":"station","name":"Pointe de l'Au","public_transport":"station"},"relations":[],"meta":{}},"geometry":{"type":"Point","coordinates":[6.8524235,46.1983326]}},
{"type":"Feature","id":"node/8681260494","properties":{"type":"node","id":8681260494,"tags":{"aerialway":"pylon"},"relations":[],"meta":{}},"geometry":{"type":"Point","coordinates":[6.8522374,46.1983454]}},
{"type":"Feature","id":"node/8681260497","properties":{"type":"node","id":8681260497,"tags":{"aerialway":"pylon"},"relations":[],"meta":{}},"geometry":{"type":"Point","coordinates":[6.8515246,46.1983982]}},
{"type":"Feature","id":"node/8681260499","properties":{"type":"node","id":8681260499,"tags":{"aerialway":"pylon"},"relations":[],"meta":{}},"geometry":{"type":"Point","coordinates":[6.8500313,46.1985213]}},
{"type":"Feature","id":"node/8681260500","properties":{"type":"node","id":8681260500,"tags":{"aerialway":"pylon"},"relations":[],"meta":{}},"geometry":{"type":"Point","coordinates":[6.8489965,46.1986164]}},
{"type":"Feature","id":"node/8681260501","properties":{"type":"node","id":8681260501,"tags":{"aerialway":"pylon"},"relations":[],"meta":{}},"geometry":{"type":"Point","coordinates":[6.8469152,46.1988049]}},
{"type":"Feature","id":"node/8681260502","properties":{"type":"node","id":8681260502,"tags":{"aerialway":"pylon"},"relations":[],"meta":{}},"geometry":{"type":"Point","coordinates":[6.8453903,46.1989341]}},
{"type":"Feature","id":"node/8681260503","properties":{"type":"node","id":8681260503,"tags":{"aerialway":"pylon"},"relations":[],"meta":{}},"geometry":{"type":"Point","coordinates":[6.8444089,46.1990193]}},
{"type":"Feature","id":"node/8681260504","properties":{"type":"node","id":8681260504,"tags":{"aerialway":"pylon"},"relations":[],"meta":{}},"geometry":{"type":"Point","coordinates":[6.8433418,46.1991188]}},
{"type":"Feature","id":"node/8681260506","properties":{"type":"node","id":8681260506,"tags":{"aerialway":"pylon"},"relations":[],"meta":{}},"geometry":{"type":"Point","coordinates":[6.8417773,46.1992584]}},
{"type":"Feature","id":"node/8681260507","properties":{"type":"node","id":8681260507,"tags":{"aerialway":"pylon"},"relations":[],"meta":{}},"geometry":{"type":"Point","coordinates":[6.8413156,46.1993012]}},
{"type":"Feature","id":"node/8681260509","properties":{"type":"node","id":8681260509,"tags":{"aerialway":"pylon"},"relations":[],"meta":{}},"geometry":{"type":"Point","coordinates":[6.861169,46.2254174]}},
{"type":"Feature","id":"node/8681260510","properties":{"type":"node","id":8681260510,"tags":{"aerialway":"pylon"},"relations":[],"meta":{}},"geometry":{"type":"Point","coordinates":[6.861027,46.2258968]}},
{"type":"Feature","id":"node/8681260511","properties":{"type":"node","id":8681260511,"tags":{"aerialway":"pylon"},"relations":[],"meta":{}},"geometry":{"type":"Point","coordinates":[6.8608887,46.2264081]}},
{"type":"Feature","id":"node/8681260512","properties":{"type":"node","id":8681260512,"tags":{"aerialway":"pylon"},"relations":[],"meta":{}},"geometry":{"type":"Point","coordinates":[6.8606986,46.227131]}},
{"type":"Feature","id":"node/8681260513","properties":{"type":"node","id":8681260513,"tags":{"aerialway":"pylon"},"relations":[],"meta":{}},"geometry":{"type":"Point","coordinates":[6.8606162,46.2274355]}},
{"type":"Feature","id":"node/8681260514","properties":{"type":"node","id":8681260514,"tags":{"aerialway":"pylon"},"relations":[],"meta":{}},"geometry":{"type":"Point","coordinates":[6.8603686,46.2283424]}},
{"type":"Feature","id":"node/8681260516","properties":{"type":"node","id":8681260516,"tags":{"aerialway":"pylon"},"relations":[],"meta":{}},"geometry":{"type":"Point","coordinates":[6.8598458,46.23028]}},
{"type":"Feature","id":"node/8681261419","properties":{"type":"node","id":8681261419,"tags":{"aerialway":"pylon"},"relations":[],"meta":{}},"geometry":{"type":"Point","coordinates":[6.8593523,46.2321248]}},
{"type":"Feature","id":"node/8681261421","properties":{"type":"node","id":8681261421,"tags":{"aerialway":"pylon"},"relations":[],"meta":{}},"geometry":{"type":"Point","coordinates":[6.8589333,46.2336677]}},
{"type":"Feature","id":"node/8681261425","properties":{"type":"node","id":8681261425,"tags":{"aerialway":"pylon"},"relations":[],"meta":{}},"geometry":{"type":"Point","coordinates":[6.8583182,46.2359426]}},
{"type":"Feature","id":"node/8681261426","properties":{"type":"node","id":8681261426,"tags":{"aerialway":"pylon"},"relations":[],"meta":{}},"geometry":{"type":"Point","coordinates":[6.8582127,46.2363495]}},
{"type":"Feature","id":"node/8681261427","properties":{"type":"node","id":8681261427,"tags":{"aerialway":"pylon"},"relations":[],"meta":{}},"geometry":{"type":"Point","coordinates":[6.8597433,46.2235598]}},
{"type":"Feature","id":"node/8681261428","properties":{"type":"node","id":8681261428,"tags":{"aerialway":"pylon"},"relations":[],"meta":{}},"geometry":{"type":"Point","coordinates":[6.8599745,46.2234989]}},
{"type":"Feature","id":"node/8681261429","properties":{"type":"node","id":8681261429,"tags":{"aerialway":"pylon"},"relations":[],"meta":{}},"geometry":{"type":"Point","coordinates":[6.8596076,46.2235954]}},
{"type":"Feature","id":"node/8681261430","properties":{"type":"node","id":8681261430,"tags":{"aerialway":"pylon"},"relations":[],"meta":{}},"geometry":{"type":"Point","coordinates":[6.8615853,46.2230752]}},
{"type":"Feature","id":"node/8681261431","properties":{"type":"node","id":8681261431,"tags":{"aerialway":"pylon"},"relations":[],"meta":{}},"geometry":{"type":"Point","coordinates":[6.8623862,46.2228645]}},
{"type":"Feature","id":"node/8681261432","properties":{"type":"node","id":8681261432,"tags":{"aerialway":"pylon"},"relations":[],"meta":{}},"geometry":{"type":"Point","coordinates":[6.8640987,46.222414]}},
{"type":"Feature","id":"node/8681261433","properties":{"type":"node","id":8681261433,"tags":{"aerialway":"pylon"},"relations":[],"meta":{}},"geometry":{"type":"Point","coordinates":[6.864432,46.2223263]}},
{"type":"Feature","id":"node/8681261434","properties":{"type":"node","id":8681261434,"tags":{"aerialway":"pylon"},"relations":[],"meta":{}},"geometry":{"type":"Point","coordinates":[6.8665881,46.2217592]}},
{"type":"Feature","id":"node/8681261435","properties":{"type":"node","id":8681261435,"tags":{"aerialway":"pylon"},"relations":[],"meta":{}},"geometry":{"type":"Point","coordinates":[6.8675657,46.221502]}},
{"type":"Feature","id":"node/8681261436","properties":{"type":"node","id":8681261436,"tags":{"aerialway":"pylon"},"relations":[],"meta":{}},"geometry":{"type":"Point","coordinates":[6.8679028,46.2214133]}},
{"type":"Feature","id":"node/8681261437","properties":{"type":"node","id":8681261437,"tags":{"aerialway":"pylon"},"relations":[],"meta":{}},"geometry":{"type":"Point","coordinates":[6.8687619,46.2211873]}},
{"type":"Feature","id":"node/8681261438","properties":{"type":"node","id":8681261438,"tags":{"aerialway":"pylon"},"relations":[],"meta":{}},"geometry":{"type":"Point","coordinates":[6.8702373,46.2207992]}},
{"type":"Feature","id":"node/8691283944","properties":{"type":"node","id":8691283944,"tags":{"aerialway":"pylon"},"relations":[],"meta":{}},"geometry":{"type":"Point","coordinates":[6.8321552,46.3092104]}},
{"type":"Feature","id":"node/8691283945","properties":{"type":"node","id":8691283945,"tags":{"aerialway":"pylon"},"relations":[],"meta":{}},"geometry":{"type":"Point","coordinates":[6.8316208,46.3092004]}},
{"type":"Feature","id":"node/8691283946","properties":{"type":"node","id":8691283946,"tags":{"aerialway":"pylon"},"relations":[],"meta":{}},"geometry":{"type":"Point","coordinates":[6.8302977,46.3091756]}},
{"type":"Feature","id":"node/8691283947","properties":{"type":"node","id":8691283947,"tags":{"aerialway":"pylon"},"relations":[],"meta":{}},"geometry":{"type":"Point","coordinates":[6.8290693,46.3091526]}},
{"type":"Feature","id":"node/8691283948","properties":{"type":"node","id":8691283948,"tags":{"aerialway":"pylon"},"relations":[],"meta":{}},"geometry":{"type":"Point","coordinates":[6.828419,46.3091404]}},
{"type":"Feature","id":"node/8691283949","properties":{"type":"node","id":8691283949,"tags":{"aerialway":"pylon"},"relations":[],"meta":{}},"geometry":{"type":"Point","coordinates":[6.8275292,46.3091238]}},
{"type":"Feature","id":"node/8691283951","properties":{"type":"node","id":8691283951,"tags":{"aerialway":"pylon"},"relations":[],"meta":{}},"geometry":{"type":"Point","coordinates":[6.8273446,46.3091203]}},
{"type":"Feature","id":"node/8691283952","properties":{"type":"node","id":8691283952,"tags":{"aerialway":"pylon"},"relations":[],"meta":{}},"geometry":{"type":"Point","coordinates":[6.8340779,46.3078293]}},
{"type":"Feature","id":"node/8691283953","properties":{"type":"node","id":8691283953,"tags":{"aerialway":"pylon"},"relations":[],"meta":{}},"geometry":{"type":"Point","coordinates":[6.834179,46.3078202]}},
{"type":"Feature","id":"node/8691283954","properties":{"type":"node","id":8691283954,"tags":{"aerialway":"pylon"},"relations":[],"meta":{}},"geometry":{"type":"Point","coordinates":[6.8343652,46.3078033]}},
{"type":"Feature","id":"node/8691283955","properties":{"type":"node","id":8691283955,"tags":{"aerialway":"pylon"},"relations":[],"meta":{}},"geometry":{"type":"Point","coordinates":[6.8359427,46.3076603]}},
{"type":"Feature","id":"node/8691283956","properties":{"type":"node","id":8691283956,"tags":{"aerialway":"pylon"},"relations":[],"meta":{}},"geometry":{"type":"Point","coordinates":[6.8376618,46.3075045]}},
{"type":"Feature","id":"node/8691283957","properties":{"type":"node","id":8691283957,"tags":{"aerialway":"pylon"},"relations":[],"meta":{}},"geometry":{"type":"Point","coordinates":[6.8387139,46.3074091]}},
{"type":"Feature","id":"node/8691283958","properties":{"type":"node","id":8691283958,"tags":{"aerialway":"pylon"},"relations":[],"meta":{}},"geometry":{"type":"Point","coordinates":[6.8401852,46.3072758]}},
{"type":"Feature","id":"node/8691283959","properties":{"type":"node","id":8691283959,"tags":{"aerialway":"pylon"},"relations":[],"meta":{}},"geometry":{"type":"Point","coordinates":[6.8415344,46.3071535]}},
{"type":"Feature","id":"node/8691283960","properties":{"type":"node","id":8691283960,"tags":{"aerialway":"pylon"},"relations":[],"meta":{}},"geometry":{"type":"Point","coordinates":[6.8432776,46.3069955]}},
{"type":"Feature","id":"node/8691283961","properties":{"type":"node","id":8691283961,"tags":{"aerialway":"pylon"},"relations":[],"meta":{}},"geometry":{"type":"Point","coordinates":[6.8446663,46.3068697]}},
{"type":"Feature","id":"node/8691283962","properties":{"type":"node","id":8691283962,"tags":{"aerialway":"pylon"},"relations":[],"meta":{}},"geometry":{"type":"Point","coordinates":[6.8447718,46.3068601]}},
{"type":"Feature","id":"node/8691283963","properties":{"type":"node","id":8691283963,"tags":{"aerialway":"pylon"},"relations":[],"meta":{}},"geometry":{"type":"Point","coordinates":[6.8463105,46.3067206]}},
{"type":"Feature","id":"node/8691283964","properties":{"type":"node","id":8691283964,"tags":{"aerialway":"pylon"},"relations":[],"meta":{}},"geometry":{"type":"Point","coordinates":[6.847599,46.3066038]}},
{"type":"Feature","id":"node/8691283965","properties":{"type":"node","id":8691283965,"tags":{"aerialway":"pylon"},"relations":[],"meta":{}},"geometry":{"type":"Point","coordinates":[6.8486101,46.3065122]}},
{"type":"Feature","id":"node/8717972043","properties":{"type":"node","id":8717972043,"tags":{"aerialway":"pylon","ref":"P6"},"relations":[],"meta":{}},"geometry":{"type":"Point","coordinates":[6.6776912,46.1341764]}},
{"type":"Feature","id":"node/8717972044","properties":{"type":"node","id":8717972044,"tags":{"aerialway":"pylon","ref":"P5"},"relations":[],"meta":{}},"geometry":{"type":"Point","coordinates":[6.6797829,46.1350126]}},
{"type":"Feature","id":"node/8717972045","properties":{"type":"node","id":8717972045,"tags":{"aerialway":"pylon","ref":"P4"},"relations":[],"meta":{}},"geometry":{"type":"Point","coordinates":[6.6805764,46.1353298]}},
{"type":"Feature","id":"node/8717972046","properties":{"type":"node","id":8717972046,"tags":{"aerialway":"pylon","ref":"P3"},"relations":[],"meta":{}},"geometry":{"type":"Point","coordinates":[6.6819973,46.1358979]}},
{"type":"Feature","id":"node/8717972047","properties":{"type":"node","id":8717972047,"tags":{"aerialway":"pylon","ref":"P2"},"relations":[],"meta":{}},"geometry":{"type":"Point","coordinates":[6.6826788,46.1361703]}},
{"type":"Feature","id":"node/8717972048","properties":{"type":"node","id":8717972048,"tags":{"aerialway":"pylon","ref":"P3"},"relations":[],"meta":{}},"geometry":{"type":"Point","coordinates":[6.6828351,46.1354354]}},
{"type":"Feature","id":"node/8717972049","properties":{"type":"node","id":8717972049,"tags":{"aerialway":"pylon","ref":"P4"},"relations":[],"meta":{}},"geometry":{"type":"Point","coordinates":[6.68219,46.134671]}},
{"type":"Feature","id":"node/8717972050","properties":{"type":"node","id":8717972050,"tags":{"aerialway":"pylon","ref":"P5"},"relations":[],"meta":{}},"geometry":{"type":"Point","coordinates":[6.6817867,46.1341931]}},
{"type":"Feature","id":"node/8717972051","properties":{"type":"node","id":8717972051,"tags":{"aerialway":"pylon","ref":"P6"},"relations":[],"meta":{}},"geometry":{"type":"Point","coordinates":[6.6813707,46.1337001]}},
{"type":"Feature","id":"node/8717972052","properties":{"type":"node","id":8717972052,"tags":{"aerialway":"pylon","ref":"P7"},"relations":[],"meta":{}},"geometry":{"type":"Point","coordinates":[6.680732,46.1329433]}},
{"type":"Feature","id":"node/8717972053","properties":{"type":"node","id":8717972053,"tags":{"aerialway":"pylon","ref":"P9"},"relations":[],"meta":{}},"geometry":{"type":"Point","coordinates":[6.6795907,46.1315909]}},
{"type":"Feature","id":"node/8717972054","properties":{"type":"node","id":8717972054,"tags":{"aerialway":"pylon","ref":"P8"},"relations":[],"meta":{}},"geometry":{"type":"Point","coordinates":[6.6800186,46.1320979]}},
{"type":"Feature","id":"node/8717972055","properties":{"type":"node","id":8717972055,"tags":{"aerialway":"pylon","ref":"P11"},"relations":[],"meta":{}},"geometry":{"type":"Point","coordinates":[6.6788273,46.130722]}},
{"type":"Feature","id":"node/8717972056","properties":{"type":"node","id":8717972056,"tags":{"aerialway":"pylon","ref":"P12"},"relations":[],"meta":{}},"geometry":{"type":"Point","coordinates":[6.6784211,46.1302432]}},
{"type":"Feature","id":"node/8717972057","properties":{"type":"node","id":8717972057,"tags":{"aerialway":"pylon","ref":"P13"},"relations":[],"meta":{}},"geometry":{"type":"Point","coordinates":[6.6783486,46.1301603]}},
{"type":"Feature","id":"node/8717972058","properties":{"type":"node","id":8717972058,"tags":{"aerialway":"pylon","ref":"P2"},"relations":[],"meta":{}},"geometry":{"type":"Point","coordinates":[6.6851169,46.1364796]}},
{"type":"Feature","id":"node/8717972059","properties":{"type":"node","id":8717972059,"tags":{"aerialway":"pylon","ref":"P3"},"relations":[],"meta":{}},"geometry":{"type":"Point","coordinates":[6.686456,46.1360945]}},
{"type":"Feature","id":"node/8717972061","properties":{"type":"node","id":8717972061,"tags":{"aerialway":"pylon","ref":"P5"},"relations":[],"meta":{}},"geometry":{"type":"Point","coordinates":[6.6899505,46.1350769]}},
{"type":"Feature","id":"node/8717972062","properties":{"type":"node","id":8717972062,"tags":{"aerialway":"pylon","ref":"P6"},"relations":[],"meta":{}},"geometry":{"type":"Point","coordinates":[6.6913025,46.1346861]}},
{"type":"Feature","id":"node/8717972063","properties":{"type":"node","id":8717972063,"tags":{"aerialway":"pylon","ref":"P7"},"relations":[],"meta":{}},"geometry":{"type":"Point","coordinates":[6.6931783,46.1341438]}},
{"type":"Feature","id":"node/8717972064","properties":{"type":"node","id":8717972064,"tags":{"aerialway":"pylon","ref":"P8"},"relations":[],"meta":{}},"geometry":{"type":"Point","coordinates":[6.6943919,46.1337931]}},
{"type":"Feature","id":"node/8717972065","properties":{"type":"node","id":8717972065,"tags":{"aerialway":"pylon","ref":"P9"},"relations":[],"meta":{}},"geometry":{"type":"Point","coordinates":[6.6964635,46.1331942]}},
{"type":"Feature","id":"node/8717972066","properties":{"type":"node","id":8717972066,"tags":{"aerialway":"pylon","ref":"P10"},"relations":[],"meta":{}},"geometry":{"type":"Point","coordinates":[6.6980137,46.1327461]}},
{"type":"Feature","id":"node/8717972067","properties":{"type":"node","id":8717972067,"tags":{"aerialway":"pylon","ref":"P11"},"relations":[],"meta":{}},"geometry":{"type":"Point","coordinates":[6.6998673,46.1322103]}},
{"type":"Feature","id":"node/8717972068","properties":{"type":"node","id":8717972068,"tags":{"aerialway":"pylon","ref":"P12"},"relations":[],"meta":{}},"geometry":{"type":"Point","coordinates":[6.7007307,46.1319427]}},
{"type":"Feature","id":"node/8717972069","properties":{"type":"node","id":8717972069,"tags":{"aerialway":"pylon"},"relations":[],"meta":{}},"geometry":{"type":"Point","coordinates":[6.7128519,46.1431909]}},
{"type":"Feature","id":"node/8717972070","properties":{"type":"node","id":8717972070,"tags":{"aerialway":"pylon"},"relations":[],"meta":{}},"geometry":{"type":"Point","coordinates":[6.7121341,46.1438996]}},
{"type":"Feature","id":"node/8717972071","properties":{"type":"node","id":8717972071,"tags":{"aerialway":"pylon"},"relations":[],"meta":{}},"geometry":{"type":"Point","coordinates":[6.711309,46.1446901]}},
{"type":"Feature","id":"node/8717972072","properties":{"type":"node","id":8717972072,"tags":{"aerialway":"pylon"},"relations":[],"meta":{}},"geometry":{"type":"Point","coordinates":[6.7104782,46.1454885]}},
{"type":"Feature","id":"node/8717972073","properties":{"type":"node","id":8717972073,"tags":{"aerialway":"pylon"},"relations":[],"meta":{}},"geometry":{"type":"Point","coordinates":[6.7085739,46.1473407]}},
{"type":"Feature","id":"node/8717972074","properties":{"type":"node","id":8717972074,"tags":{"aerialway":"pylon"},"relations":[],"meta":{}},"geometry":{"type":"Point","coordinates":[6.7092367,46.1466969]}},
{"type":"Feature","id":"node/8717972075","properties":{"type":"node","id":8717972075,"tags":{"aerialway":"pylon"},"relations":[],"meta":{}},"geometry":{"type":"Point","coordinates":[6.7076742,46.1482017]}},
{"type":"Feature","id":"node/8717972076","properties":{"type":"node","id":8717972076,"tags":{"aerialway":"pylon"},"relations":[],"meta":{}},"geometry":{"type":"Point","coordinates":[6.7065094,46.1493389]}},
{"type":"Feature","id":"node/8717972077","properties":{"type":"node","id":8717972077,"tags":{"aerialway":"pylon"},"relations":[],"meta":{}},"geometry":{"type":"Point","coordinates":[6.7061254,46.1497138]}},
{"type":"Feature","id":"node/8717972078","properties":{"type":"node","id":8717972078,"tags":{"aerialway":"pylon"},"relations":[],"meta":{}},"geometry":{"type":"Point","coordinates":[6.7054553,46.1503717]}},
{"type":"Feature","id":"node/8717972079","properties":{"type":"node","id":8717972079,"tags":{"aerialway":"pylon"},"relations":[],"meta":{}},"geometry":{"type":"Point","coordinates":[6.7046599,46.1511445]}},
{"type":"Feature","id":"node/8717972081","properties":{"type":"node","id":8717972081,"tags":{"aerialway":"pylon"},"relations":[],"meta":{}},"geometry":{"type":"Point","coordinates":[6.5820765,46.1599003]}},
{"type":"Feature","id":"node/8717972082","properties":{"type":"node","id":8717972082,"tags":{"aerialway":"pylon"},"relations":[],"meta":{}},"geometry":{"type":"Point","coordinates":[6.5828572,46.159554]}},
{"type":"Feature","id":"node/8717972083","properties":{"type":"node","id":8717972083,"tags":{"aerialway":"pylon"},"relations":[],"meta":{}},"geometry":{"type":"Point","coordinates":[6.5842424,46.1589268]}},
{"type":"Feature","id":"node/8717972084","properties":{"type":"node","id":8717972084,"tags":{"aerialway":"pylon"},"relations":[],"meta":{}},"geometry":{"type":"Point","coordinates":[6.58525,46.1584663]}},
{"type":"Feature","id":"node/8717972085","properties":{"type":"node","id":8717972085,"tags":{"aerialway":"pylon"},"relations":[],"meta":{}},"geometry":{"type":"Point","coordinates":[6.5866393,46.1578314]}},
{"type":"Feature","id":"node/8717972086","properties":{"type":"node","id":8717972086,"tags":{"aerialway":"pylon"},"relations":[],"meta":{}},"geometry":{"type":"Point","coordinates":[6.5887664,46.1568593]}},
{"type":"Feature","id":"node/8717972087","properties":{"type":"node","id":8717972087,"tags":{"aerialway":"pylon"},"relations":[],"meta":{}},"geometry":{"type":"Point","coordinates":[6.5897474,46.156442]}},
{"type":"Feature","id":"node/8717972088","properties":{"type":"node","id":8717972088,"tags":{"aerialway":"pylon"},"relations":[],"meta":{}},"geometry":{"type":"Point","coordinates":[6.590791,46.155946]}},
{"type":"Feature","id":"node/8717975712","properties":{"type":"node","id":8717975712,"tags":{"aerialway":"pylon"},"relations":[],"meta":{}},"geometry":{"type":"Point","coordinates":[6.8545782,46.2413769]}},
{"type":"Feature","id":"node/8717975713","properties":{"type":"node","id":8717975713,"tags":{"aerialway":"pylon"},"relations":[],"meta":{}},"geometry":{"type":"Point","coordinates":[6.8561576,46.242518]}},
{"type":"Feature","id":"node/8717975714","properties":{"type":"node","id":8717975714,"tags":{"aerialway":"pylon"},"relations":[],"meta":{}},"geometry":{"type":"Point","coordinates":[6.8553709,46.24195]}},
{"type":"Feature","id":"node/8717975715","properties":{"type":"node","id":8717975715,"tags":{"aerialway":"pylon"},"relations":[],"meta":{}},"geometry":{"type":"Point","coordinates":[6.85698,46.243105]}},
{"type":"Feature","id":"node/8717975716","properties":{"type":"node","id":8717975716,"tags":{"aerialway":"pylon"},"relations":[],"meta":{}},"geometry":{"type":"Point","coordinates":[6.8580088,46.2438363]}},
{"type":"Feature","id":"node/8717996211","properties":{"type":"node","id":8717996211,"tags":{"aerialway":"pylon","manufacturer":"Montaz Mautino","start_date":"1987"},"relations":[],"meta":{}},"geometry":{"type":"Point","coordinates":[6.5771807,46.2095561]}},
{"type":"Feature","id":"node/8717996212","properties":{"type":"node","id":8717996212,"tags":{"aerialway":"pylon","manufacturer":"Montaz Mautino","start_date":"1987"},"relations":[],"meta":{}},"geometry":{"type":"Point","coordinates":[6.5787355,46.209692]}},
{"type":"Feature","id":"node/8717996213","properties":{"type":"node","id":8717996213,"tags":{"aerialway":"pylon","manufacturer":"Montaz Mautino","start_date":"1987"},"relations":[],"meta":{}},"geometry":{"type":"Point","coordinates":[6.5800028,46.2098028]}},
{"type":"Feature","id":"node/8717996214","properties":{"type":"node","id":8717996214,"tags":{"aerialway":"pylon","manufacturer":"Montaz Mautino","start_date":"1987"},"relations":[],"meta":{}},"geometry":{"type":"Point","coordinates":[6.5817637,46.2099568]}},
{"type":"Feature","id":"node/8717996215","properties":{"type":"node","id":8717996215,"tags":{"aerialway":"pylon","manufacturer":"Montaz Mautino","start_date":"1987"},"relations":[],"meta":{}},"geometry":{"type":"Point","coordinates":[6.58357,46.2101147]}},
{"type":"Feature","id":"node/8717996216","properties":{"type":"node","id":8717996216,"tags":{"aerialway":"pylon","manufacturer":"Montaz Mautino","start_date":"1987"},"relations":[],"meta":{}},"geometry":{"type":"Point","coordinates":[6.5841075,46.2101617]}},
{"type":"Feature","id":"node/8717997717","properties":{"type":"node","id":8717997717,"tags":{"aerialway":"pylon","manufacturer":"Montaz Mautino","start_date":"1987"},"relations":[],"meta":{}},"geometry":{"type":"Point","coordinates":[6.5877188,46.2104774]}},
{"type":"Feature","id":"node/8717997718","properties":{"type":"node","id":8717997718,"tags":{"aerialway":"pylon","manufacturer":"Montaz Mautino","start_date":"1987"},"relations":[],"meta":{}},"geometry":{"type":"Point","coordinates":[6.5878764,46.2104912]}},
{"type":"Feature","id":"node/8717997719","properties":{"type":"node","id":8717997719,"tags":{"aerialway":"pylon","manufacturer":"Montaz Mautino","start_date":"1987"},"relations":[],"meta":{}},"geometry":{"type":"Point","coordinates":[6.5893898,46.2106235]}},
{"type":"Feature","id":"node/8717997720","properties":{"type":"node","id":8717997720,"tags":{"aerialway":"pylon"},"relations":[],"meta":{}},"geometry":{"type":"Point","coordinates":[6.6294237,46.207689]}},
{"type":"Feature","id":"node/8717997721","properties":{"type":"node","id":8717997721,"tags":{"aerialway":"pylon"},"relations":[],"meta":{}},"geometry":{"type":"Point","coordinates":[6.6291633,46.2072609]}},
{"type":"Feature","id":"node/8717997722","properties":{"type":"node","id":8717997722,"tags":{"aerialway":"pylon"},"relations":[],"meta":{}},"geometry":{"type":"Point","coordinates":[6.6296475,46.2080756]}},
{"type":"Feature","id":"node/8717997723","properties":{"type":"node","id":8717997723,"tags":{"aerialway":"pylon"},"relations":[],"meta":{}},"geometry":{"type":"Point","coordinates":[6.6302288,46.2090542]}},
{"type":"Feature","id":"node/8717997724","properties":{"type":"node","id":8717997724,"tags":{"aerialway":"pylon"},"relations":[],"meta":{}},"geometry":{"type":"Point","coordinates":[6.6307215,46.209939]}},
{"type":"Feature","id":"node/8717997725","properties":{"type":"node","id":8717997725,"tags":{"aerialway":"pylon"},"relations":[],"meta":{}},"geometry":{"type":"Point","coordinates":[6.631265,46.2109227]}},
{"type":"Feature","id":"node/8717997726","properties":{"type":"node","id":8717997726,"tags":{"aerialway":"pylon"},"relations":[],"meta":{}},"geometry":{"type":"Point","coordinates":[6.6318352,46.2118862]}},
{"type":"Feature","id":"node/8717997727","properties":{"type":"node","id":8717997727,"tags":{"aerialway":"pylon"},"relations":[],"meta":{}},"geometry":{"type":"Point","coordinates":[6.6321745,46.2125032]}},
{"type":"Feature","id":"node/8717997728","properties":{"type":"node","id":8717997728,"tags":{"aerialway":"pylon"},"relations":[],"meta":{}},"geometry":{"type":"Point","coordinates":[6.6327306,46.2134646]}},
{"type":"Feature","id":"node/8717997729","properties":{"type":"node","id":8717997729,"tags":{"aerialway":"pylon"},"relations":[],"meta":{}},"geometry":{"type":"Point","coordinates":[6.6321723,46.2152887]}},
{"type":"Feature","id":"node/8717997730","properties":{"type":"node","id":8717997730,"tags":{"aerialway":"pylon"},"relations":[],"meta":{}},"geometry":{"type":"Point","coordinates":[6.6320646,46.215162]}},
{"type":"Feature","id":"node/8717997731","properties":{"type":"node","id":8717997731,"tags":{"aerialway":"pylon"},"relations":[],"meta":{}},"geometry":{"type":"Point","coordinates":[6.6326443,46.2158445]}},
{"type":"Feature","id":"node/8717997732","properties":{"type":"node","id":8717997732,"tags":{"aerialway":"pylon"},"relations":[],"meta":{}},"geometry":{"type":"Point","coordinates":[6.6331736,46.2164677]}},
{"type":"Feature","id":"node/8717997733","properties":{"type":"node","id":8717997733,"tags":{"aerialway":"pylon"},"relations":[],"meta":{}},"geometry":{"type":"Point","coordinates":[6.6332907,46.2166056]}},
{"type":"Feature","id":"node/8717997734","properties":{"type":"node","id":8717997734,"tags":{"aerialway":"pylon"},"relations":[],"meta":{}},"geometry":{"type":"Point","coordinates":[6.6333438,46.2166681]}},
{"type":"Feature","id":"node/8717997735","properties":{"type":"node","id":8717997735,"tags":{"aerialway":"pylon"},"relations":[],"meta":{}},"geometry":{"type":"Point","coordinates":[6.6344147,46.2179289]}},
{"type":"Feature","id":"node/8718014017","properties":{"type":"node","id":8718014017,"tags":{"aerialway":"pylon"},"relations":[],"meta":{}},"geometry":{"type":"Point","coordinates":[6.8587351,46.2443511]}},
{"type":"Feature","id":"node/8718014018","properties":{"type":"node","id":8718014018,"tags":{"aerialway":"pylon"},"relations":[],"meta":{}},"geometry":{"type":"Point","coordinates":[6.8594726,46.2448802]}},
{"type":"Feature","id":"node/8718014019","properties":{"type":"node","id":8718014019,"tags":{"aerialway":"pylon"},"relations":[],"meta":{}},"geometry":{"type":"Point","coordinates":[6.8601252,46.2453477]}},
{"type":"Feature","id":"node/8718014020","properties":{"type":"node","id":8718014020,"tags":{"aerialway":"pylon"},"relations":[],"meta":{}},"geometry":{"type":"Point","coordinates":[6.8609249,46.245916]}},
{"type":"Feature","id":"node/8718014021","properties":{"type":"node","id":8718014021,"tags":{"aerialway":"pylon"},"relations":[],"meta":{}},"geometry":{"type":"Point","coordinates":[6.8615678,46.2463736]}},
{"type":"Feature","id":"node/8718014022","properties":{"type":"node","id":8718014022,"tags":{"aerialway":"pylon"},"relations":[],"meta":{}},"geometry":{"type":"Point","coordinates":[6.862439,46.2469983]}},
{"type":"Feature","id":"node/8718014023","properties":{"type":"node","id":8718014023,"tags":{"aerialway":"pylon"},"relations":[],"meta":{}},"geometry":{"type":"Point","coordinates":[6.8631294,46.2474906]}},
{"type":"Feature","id":"node/8718014024","properties":{"type":"node","id":8718014024,"tags":{"aerialway":"pylon"},"relations":[],"meta":{}},"geometry":{"type":"Point","coordinates":[6.8640442,46.2481431]}},
{"type":"Feature","id":"node/8718014025","properties":{"type":"node","id":8718014025,"tags":{"aerialway":"pylon"},"relations":[],"meta":{}},"geometry":{"type":"Point","coordinates":[6.8641937,46.2482534]}},
{"type":"Feature","id":"node/8739950099","properties":{"type":"node","id":8739950099,"tags":{"aerialway":"pylon"},"relations":[],"meta":{}},"geometry":{"type":"Point","coordinates":[6.5912789,46.1557377]}},
{"type":"Feature","id":"node/8749907459","properties":{"type":"node","id":8749907459,"tags":{"aerialway":"pylon","ref":"P1"},"relations":[],"meta":{}},"geometry":{"type":"Point","coordinates":[6.6582872,46.148648]}},
{"type":"Feature","id":"node/8749907460","properties":{"type":"node","id":8749907460,"tags":{"aerialway":"pylon","ref":"P2"},"relations":[],"meta":{}},"geometry":{"type":"Point","coordinates":[6.6589663,46.1480992]}},
{"type":"Feature","id":"node/8749907461","properties":{"type":"node","id":8749907461,"tags":{"aerialway":"pylon","ref":"P3"},"relations":[],"meta":{}},"geometry":{"type":"Point","coordinates":[6.6597739,46.1474465]}},
{"type":"Feature","id":"node/8749907462","properties":{"type":"node","id":8749907462,"tags":{"aerialway":"pylon"},"relations":[],"meta":{}},"geometry":{"type":"Point","coordinates":[6.6611202,46.1463585]}},
{"type":"Feature","id":"node/8749907463","properties":{"type":"node","id":8749907463,"tags":{"aerialway":"pylon","ref":"P4"},"relations":[],"meta":{}},"geometry":{"type":"Point","coordinates":[6.6616058,46.1459661]}},
{"type":"Feature","id":"node/8749907464","properties":{"type":"node","id":8749907464,"tags":{"aerialway":"pylon","ref":"P5"},"relations":[],"meta":{}},"geometry":{"type":"Point","coordinates":[6.6617413,46.1458566]}},
{"type":"Feature","id":"node/8749907465","properties":{"type":"node","id":8749907465,"tags":{"aerialway":"pylon","ref":"P6"},"relations":[],"meta":{}},"geometry":{"type":"Point","coordinates":[6.6623708,46.1453478]}},
{"type":"Feature","id":"node/8749907466","properties":{"type":"node","id":8749907466,"tags":{"aerialway":"pylon","ref":"P7"},"relations":[],"meta":{}},"geometry":{"type":"Point","coordinates":[6.662921,46.1449032]}},
{"type":"Feature","id":"node/8749907467","properties":{"type":"node","id":8749907467,"tags":{"aerialway":"pylon","ref":"P8"},"relations":[],"meta":{}},"geometry":{"type":"Point","coordinates":[6.6637446,46.1442375]}},
{"type":"Feature","id":"node/8749907468","properties":{"type":"node","id":8749907468,"tags":{"aerialway":"pylon","ref":"P9"},"relations":[],"meta":{}},"geometry":{"type":"Point","coordinates":[6.6645693,46.1435711]}},
{"type":"Feature","id":"node/8749907469","properties":{"type":"node","id":8749907469,"tags":{"aerialway":"pylon","ref":"P11"},"relations":[],"meta":{}},"geometry":{"type":"Point","coordinates":[6.6669041,46.141688]}},
{"type":"Feature","id":"node/8749907470","properties":{"type":"node","id":8749907470,"tags":{"aerialway":"pylon","ref":"P12"},"relations":[],"meta":{}},"geometry":{"type":"Point","coordinates":[6.6693178,46.1397429]}},
{"type":"Feature","id":"node/8750184656","properties":{"type":"node","id":8750184656,"tags":{"aerialway":"pylon"},"relations":[],"meta":{}},"geometry":{"type":"Point","coordinates":[6.7245885,46.1344434]}},
{"type":"Feature","id":"node/8750184657","properties":{"type":"node","id":8750184657,"tags":{"aerialway":"pylon"},"relations":[],"meta":{}},"geometry":{"type":"Point","coordinates":[6.7104706,46.138595]}},
{"type":"Feature","id":"node/8789382030","properties":{"type":"node","id":8789382030,"tags":{"aerialway":"pylon","ref":"P11"},"relations":[],"meta":{}},"geometry":{"type":"Point","coordinates":[6.6720995,46.1399726]}},
{"type":"Feature","id":"node/8789382031","properties":{"type":"node","id":8789382031,"tags":{"aerialway":"pylon","ref":"P10"},"relations":[],"meta":{}},"geometry":{"type":"Point","coordinates":[6.6716851,46.140492]}},
{"type":"Feature","id":"node/8789382032","properties":{"type":"node","id":8789382032,"tags":{"aerialway":"pylon","ref":"P9"},"relations":[],"meta":{}},"geometry":{"type":"Point","coordinates":[6.6708228,46.1415095]}},
{"type":"Feature","id":"node/8789382033","properties":{"type":"node","id":8789382033,"tags":{"aerialway":"pylon","ref":"P8"},"relations":[],"meta":{}},"geometry":{"type":"Point","coordinates":[6.670104,46.1423477]}},
{"type":"Feature","id":"node/8789382034","properties":{"type":"node","id":8789382034,"tags":{"aerialway":"pylon","ref":"P7"},"relations":[],"meta":{}},"geometry":{"type":"Point","coordinates":[6.6690458,46.14359]}},
{"type":"Feature","id":"node/8789382035","properties":{"type":"node","id":8789382035,"tags":{"aerialway":"pylon","ref":"P6"},"relations":[],"meta":{}},"geometry":{"type":"Point","coordinates":[6.668437,46.1442981]}},
{"type":"Feature","id":"node/8789382036","properties":{"type":"node","id":8789382036,"tags":{"aerialway":"pylon","ref":"P5"},"relations":[],"meta":{}},"geometry":{"type":"Point","coordinates":[6.6675924,46.1452731]}},
{"type":"Feature","id":"node/8789382037","properties":{"type":"node","id":8789382037,"tags":{"aerialway":"pylon","ref":"P4"},"relations":[],"meta":{}},"geometry":{"type":"Point","coordinates":[6.6665077,46.1465742]}},
{"type":"Feature","id":"node/8789382038","properties":{"type":"node","id":8789382038,"tags":{"aerialway":"pylon","ref":"P3"},"relations":[],"meta":{}},"geometry":{"type":"Point","coordinates":[6.6659146,46.1472713]}},
{"type":"Feature","id":"node/8809991437","properties":{"type":"node","id":8809991437,"tags":{"aerialway":"pylon"},"relations":[],"meta":{}},"geometry":{"type":"Point","coordinates":[6.7035579,46.1518652]}},
{"type":"Feature","id":"node/8809991444","properties":{"type":"node","id":8809991444,"tags":{"aerialway":"pylon"},"relations":[],"meta":{}},"geometry":{"type":"Point","coordinates":[6.7046307,46.1521128]}},
{"type":"Feature","id":"node/8809991469","properties":{"type":"node","id":8809991469,"tags":{"aerialway":"pylon"},"relations":[],"meta":{}},"geometry":{"type":"Point","coordinates":[6.6943305,46.1630131]}},
{"type":"Feature","id":"node/8809991470","properties":{"type":"node","id":8809991470,"tags":{"aerialway":"pylon"},"relations":[],"meta":{}},"geometry":{"type":"Point","coordinates":[6.6942297,46.1629922]}},
{"type":"Feature","id":"node/8809991471","properties":{"type":"node","id":8809991471,"tags":{"aerialway":"pylon"},"relations":[],"meta":{}},"geometry":{"type":"Point","coordinates":[6.6941282,46.1629712]}},
{"type":"Feature","id":"node/9041343115","properties":{"type":"node","id":9041343115,"tags":{"aerialway":"pylon"},"relations":[],"meta":{}},"geometry":{"type":"Point","coordinates":[6.8591668,46.261829]}},
{"type":"Feature","id":"node/9041343116","properties":{"type":"node","id":9041343116,"tags":{"aerialway":"pylon"},"relations":[],"meta":{}},"geometry":{"type":"Point","coordinates":[6.8580863,46.2623777]}},
{"type":"Feature","id":"node/9041386917","properties":{"type":"node","id":9041386917,"tags":{"aerialway":"pylon"},"relations":[],"meta":{}},"geometry":{"type":"Point","coordinates":[6.857394,46.2627292]}},
{"type":"Feature","id":"node/9041386918","properties":{"type":"node","id":9041386918,"tags":{"aerialway":"pylon"},"relations":[],"meta":{}},"geometry":{"type":"Point","coordinates":[6.8567681,46.263047]}},
{"type":"Feature","id":"node/9041386919","properties":{"type":"node","id":9041386919,"tags":{"aerialway":"pylon"},"relations":[],"meta":{}},"geometry":{"type":"Point","coordinates":[6.8561086,46.2633819]}},
{"type":"Feature","id":"node/9041386920","properties":{"type":"node","id":9041386920,"tags":{"aerialway":"pylon"},"relations":[],"meta":{}},"geometry":{"type":"Point","coordinates":[6.8549986,46.2639456]}},
{"type":"Feature","id":"node/9041386921","properties":{"type":"node","id":9041386921,"tags":{"aerialway":"pylon"},"relations":[],"meta":{}},"geometry":{"type":"Point","coordinates":[6.8533789,46.2649714]}},
{"type":"Feature","id":"node/9041386922","properties":{"type":"node","id":9041386922,"tags":{"aerialway":"pylon"},"relations":[],"meta":{}},"geometry":{"type":"Point","coordinates":[6.8527826,46.2657404]}},
{"type":"Feature","id":"node/9041386923","properties":{"type":"node","id":9041386923,"tags":{"aerialway":"pylon"},"relations":[],"meta":{}},"geometry":{"type":"Point","coordinates":[6.853889,46.2660738]}},
{"type":"Feature","id":"node/9041386924","properties":{"type":"node","id":9041386924,"tags":{"aerialway":"pylon"},"relations":[],"meta":{}},"geometry":{"type":"Point","coordinates":[6.8538318,46.2660185]}},
{"type":"Feature","id":"node/9041386925","properties":{"type":"node","id":9041386925,"tags":{"aerialway":"pylon"},"relations":[],"meta":{}},"geometry":{"type":"Point","coordinates":[6.8546495,46.2656631]}},
{"type":"Feature","id":"node/9041386926","properties":{"type":"node","id":9041386926,"tags":{"aerialway":"pylon"},"relations":[],"meta":{}},"geometry":{"type":"Point","coordinates":[6.8547112,46.2657192]}},
{"type":"Feature","id":"node/9041386927","properties":{"type":"node","id":9041386927,"tags":{"aerialway":"pylon"},"relations":[],"meta":{}},"geometry":{"type":"Point","coordinates":[6.8559734,46.2650877]}},
{"type":"Feature","id":"node/9041386928","properties":{"type":"node","id":9041386928,"tags":{"aerialway":"pylon"},"relations":[],"meta":{}},"geometry":{"type":"Point","coordinates":[6.8560264,46.265152]}},
{"type":"Feature","id":"node/9041386929","properties":{"type":"node","id":9041386929,"tags":{"aerialway":"pylon"},"relations":[],"meta":{}},"geometry":{"type":"Point","coordinates":[6.8571172,46.2645906]}},
{"type":"Feature","id":"node/9041386930","properties":{"type":"node","id":9041386930,"tags":{"aerialway":"pylon"},"relations":[],"meta":{}},"geometry":{"type":"Point","coordinates":[6.8571525,46.2646663]}},
{"type":"Feature","id":"node/9041386931","properties":{"type":"node","id":9041386931,"tags":{"aerialway":"pylon"},"relations":[],"meta":{}},"geometry":{"type":"Point","coordinates":[6.8585114,46.2639846]}},
{"type":"Feature","id":"node/9041386932","properties":{"type":"node","id":9041386932,"tags":{"aerialway":"pylon"},"relations":[],"meta":{}},"geometry":{"type":"Point","coordinates":[6.8585847,46.2640487]}},
{"type":"Feature","id":"node/9041386933","properties":{"type":"node","id":9041386933,"tags":{"aerialway":"pylon"},"relations":[],"meta":{}},"geometry":{"type":"Point","coordinates":[6.8596859,46.2634741]}},
{"type":"Feature","id":"node/9041386934","properties":{"type":"node","id":9041386934,"tags":{"aerialway":"pylon"},"relations":[],"meta":{}},"geometry":{"type":"Point","coordinates":[6.8597517,46.2635453]}},
{"type":"Feature","id":"node/9041386935","properties":{"type":"node","id":9041386935,"tags":{"aerialway":"pylon"},"relations":[],"meta":{}},"geometry":{"type":"Point","coordinates":[6.8606402,46.2644262]}},
{"type":"Feature","id":"node/9041386936","properties":{"type":"node","id":9041386936,"tags":{"aerialway":"pylon"},"relations":[],"meta":{}},"geometry":{"type":"Point","coordinates":[6.8609784,46.2637604]}},
{"type":"Feature","id":"node/9041386937","properties":{"type":"node","id":9041386937,"tags":{"aerialway":"pylon"},"relations":[],"meta":{}},"geometry":{"type":"Point","coordinates":[6.8611408,46.2634406]}},
{"type":"Feature","id":"node/9041386938","properties":{"type":"node","id":9041386938,"tags":{"aerialway":"pylon"},"relations":[],"meta":{}},"geometry":{"type":"Point","coordinates":[6.8616827,46.2629349]}},
{"type":"Feature","id":"node/9041386939","properties":{"type":"node","id":9041386939,"tags":{"aerialway":"pylon"},"relations":[],"meta":{}},"geometry":{"type":"Point","coordinates":[6.8624421,46.262604]}},
{"type":"Feature","id":"node/9041386940","properties":{"type":"node","id":9041386940,"tags":{"aerialway":"pylon"},"relations":[],"meta":{}},"geometry":{"type":"Point","coordinates":[6.86341,46.2621823]}},
{"type":"Feature","id":"node/9041386941","properties":{"type":"node","id":9041386941,"tags":{"aerialway":"pylon"},"relations":[],"meta":{}},"geometry":{"type":"Point","coordinates":[6.8587339,46.2659213]}},
{"type":"Feature","id":"node/9041386942","properties":{"type":"node","id":9041386942,"tags":{"aerialway":"pylon"},"relations":[],"meta":{}},"geometry":{"type":"Point","coordinates":[6.8580728,46.2661459]}},
{"type":"Feature","id":"node/9041386943","properties":{"type":"node","id":9041386943,"tags":{"aerialway":"pylon"},"relations":[],"meta":{}},"geometry":{"type":"Point","coordinates":[6.8584847,46.2680234]}},
{"type":"Feature","id":"node/9041386944","properties":{"type":"node","id":9041386944,"tags":{"aerialway":"pylon"},"relations":[],"meta":{}},"geometry":{"type":"Point","coordinates":[6.858876,46.2681939]}},
{"type":"Feature","id":"node/9041386945","properties":{"type":"node","id":9041386945,"tags":{"aerialway":"pylon"},"relations":[],"meta":{}},"geometry":{"type":"Point","coordinates":[6.8583164,46.2686373]}},
{"type":"Feature","id":"node/9041386946","properties":{"type":"node","id":9041386946,"tags":{"aerialway":"pylon"},"relations":[],"meta":{}},"geometry":{"type":"Point","coordinates":[6.8587036,46.2687307]}},
{"type":"Feature","id":"node/9041386947","properties":{"type":"node","id":9041386947,"tags":{"aerialway":"pylon"},"relations":[],"meta":{}},"geometry":{"type":"Point","coordinates":[6.8594208,46.26784]}},
{"type":"Feature","id":"node/9041386948","properties":{"type":"node","id":9041386948,"tags":{"aerialway":"pylon"},"relations":[],"meta":{}},"geometry":{"type":"Point","coordinates":[6.8606394,46.2676553]}},
{"type":"Feature","id":"node/9041386949","properties":{"type":"node","id":9041386949,"tags":{"aerialway":"pylon"},"relations":[],"meta":{}},"geometry":{"type":"Point","coordinates":[6.8590064,46.2680488]}},
{"type":"Feature","id":"node/9041386950","properties":{"type":"node","id":9041386950,"tags":{"aerialway":"pylon"},"relations":[],"meta":{}},"geometry":{"type":"Point","coordinates":[6.8600265,46.2685186]}},
{"type":"Feature","id":"node/9041386951","properties":{"type":"node","id":9041386951,"tags":{"aerialway":"pylon"},"relations":[],"meta":{}},"geometry":{"type":"Point","coordinates":[6.8612187,46.2690677]}},
{"type":"Feature","id":"node/9041386952","properties":{"type":"node","id":9041386952,"tags":{"aerialway":"pylon"},"relations":[],"meta":{}},"geometry":{"type":"Point","coordinates":[6.8616766,46.2692786]}},
{"type":"Feature","id":"node/9041386953","properties":{"type":"node","id":9041386953,"tags":{"aerialway":"pylon"},"relations":[],"meta":{}},"geometry":{"type":"Point","coordinates":[6.862738,46.2697674]}},
{"type":"Feature","id":"node/9041386954","properties":{"type":"node","id":9041386954,"tags":{"aerialway":"pylon"},"relations":[],"meta":{}},"geometry":{"type":"Point","coordinates":[6.8653929,46.270118]}},
{"type":"Feature","id":"node/9041386955","properties":{"type":"node","id":9041386955,"tags":{"aerialway":"pylon"},"relations":[],"meta":{}},"geometry":{"type":"Point","coordinates":[6.8660402,46.270405]}},
{"type":"Feature","id":"node/9041386956","properties":{"type":"node","id":9041386956,"tags":{"aerialway":"pylon"},"relations":[],"meta":{}},"geometry":{"type":"Point","coordinates":[6.8667319,46.2707118]}},
{"type":"Feature","id":"node/9041386957","properties":{"type":"node","id":9041386957,"tags":{"aerialway":"pylon"},"relations":[],"meta":{}},"geometry":{"type":"Point","coordinates":[6.8696417,46.2720023]}},
{"type":"Feature","id":"node/9041386958","properties":{"type":"node","id":9041386958,"tags":{"aerialway":"pylon"},"relations":[],"meta":{}},"geometry":{"type":"Point","coordinates":[6.870541,46.2724011]}},
{"type":"Feature","id":"node/9041386959","properties":{"type":"node","id":9041386959,"tags":{"aerialway":"pylon"},"relations":[],"meta":{}},"geometry":{"type":"Point","coordinates":[6.8701677,46.2691954]}},
{"type":"Feature","id":"node/9041386960","properties":{"type":"node","id":9041386960,"tags":{"aerialway":"pylon"},"relations":[],"meta":{}},"geometry":{"type":"Point","coordinates":[6.8714125,46.2711486]}},
{"type":"Feature","id":"node/9041386961","properties":{"type":"node","id":9041386961,"tags":{"aerialway":"pylon"},"relations":[],"meta":{}},"geometry":{"type":"Point","coordinates":[6.8716998,46.2718907]}},
{"type":"Feature","id":"node/9041386962","properties":{"type":"node","id":9041386962,"tags":{"aerialway":"pylon"},"relations":[],"meta":{}},"geometry":{"type":"Point","coordinates":[6.8719026,46.2724148]}},
{"type":"Feature","id":"node/9041386963","properties":{"type":"node","id":9041386963,"tags":{"aerialway":"pylon"},"relations":[],"meta":{}},"geometry":{"type":"Point","coordinates":[6.8707423,46.2668634]}},
{"type":"Feature","id":"node/9041386964","properties":{"type":"node","id":9041386964,"tags":{"aerialway":"pylon"},"relations":[],"meta":{}},"geometry":{"type":"Point","coordinates":[6.8707922,46.2668698]}},
{"type":"Feature","id":"node/9041386965","properties":{"type":"node","id":9041386965,"tags":{"aerialway":"pylon"},"relations":[],"meta":{}},"geometry":{"type":"Point","coordinates":[6.8707027,46.2659746]}},
{"type":"Feature","id":"node/9041386966","properties":{"type":"node","id":9041386966,"tags":{"aerialway":"pylon"},"relations":[],"meta":{}},"geometry":{"type":"Point","coordinates":[6.8707587,46.2659784]}},
{"type":"Feature","id":"node/9041386967","properties":{"type":"node","id":9041386967,"tags":{"aerialway":"pylon"},"relations":[],"meta":{}},"geometry":{"type":"Point","coordinates":[6.8706329,46.2644067]}},
{"type":"Feature","id":"node/9041386968","properties":{"type":"node","id":9041386968,"tags":{"aerialway":"pylon"},"relations":[],"meta":{}},"geometry":{"type":"Point","coordinates":[6.8706999,46.2644149]}},
{"type":"Feature","id":"node/9041386969","properties":{"type":"node","id":9041386969,"tags":{"aerialway":"pylon"},"relations":[],"meta":{}},"geometry":{"type":"Point","coordinates":[6.8706005,46.2636769]}},
{"type":"Feature","id":"node/9041386970","properties":{"type":"node","id":9041386970,"tags":{"aerialway":"pylon"},"relations":[],"meta":{}},"geometry":{"type":"Point","coordinates":[6.8706723,46.2636786]}},
{"type":"Feature","id":"node/9041386971","properties":{"type":"node","id":9041386971,"tags":{"aerialway":"pylon"},"relations":[],"meta":{}},"geometry":{"type":"Point","coordinates":[6.870362,46.2615775]}},
{"type":"Feature","id":"node/9041386972","properties":{"type":"node","id":9041386972,"tags":{"aerialway":"pylon"},"relations":[],"meta":{}},"geometry":{"type":"Point","coordinates":[6.8704432,46.2615645]}},
{"type":"Feature","id":"node/9041386973","properties":{"type":"node","id":9041386973,"tags":{"aerialway":"pylon"},"relations":[],"meta":{}},"geometry":{"type":"Point","coordinates":[6.8702769,46.2612489]}},
{"type":"Feature","id":"node/9041386974","properties":{"type":"node","id":9041386974,"tags":{"aerialway":"pylon"},"relations":[],"meta":{}},"geometry":{"type":"Point","coordinates":[6.8703596,46.2612386]}},
{"type":"Feature","id":"node/9041386975","properties":{"type":"node","id":9041386975,"tags":{"aerialway":"pylon"},"relations":[],"meta":{}},"geometry":{"type":"Point","coordinates":[6.870102,46.2605739]}},
{"type":"Feature","id":"node/9041386976","properties":{"type":"node","id":9041386976,"tags":{"aerialway":"pylon"},"relations":[],"meta":{}},"geometry":{"type":"Point","coordinates":[6.8701912,46.2605818]}},
{"type":"Feature","id":"node/9041386977","properties":{"type":"node","id":9041386977,"tags":{"aerialway":"pylon"},"relations":[],"meta":{}},"geometry":{"type":"Point","coordinates":[6.8699858,46.2601257]}},
{"type":"Feature","id":"node/9041386978","properties":{"type":"node","id":9041386978,"tags":{"aerialway":"pylon"},"relations":[],"meta":{}},"geometry":{"type":"Point","coordinates":[6.8700716,46.2601154]}},
{"type":"Feature","id":"node/9041386979","properties":{"type":"node","id":9041386979,"tags":{"aerialway":"pylon"},"relations":[],"meta":{}},"geometry":{"type":"Point","coordinates":[6.8696465,46.2588162]}},
{"type":"Feature","id":"node/9041386980","properties":{"type":"node","id":9041386980,"tags":{"aerialway":"pylon"},"relations":[],"meta":{}},"geometry":{"type":"Point","coordinates":[6.8697366,46.258809]}},
{"type":"Feature","id":"node/9041386981","properties":{"type":"node","id":9041386981,"tags":{"aerialway":"pylon"},"relations":[],"meta":{}},"geometry":{"type":"Point","coordinates":[6.8692662,46.2573487]}},
{"type":"Feature","id":"node/9041386982","properties":{"type":"node","id":9041386982,"tags":{"aerialway":"pylon"},"relations":[],"meta":{}},"geometry":{"type":"Point","coordinates":[6.8693599,46.2573397]}},
{"type":"Feature","id":"node/9041386983","properties":{"type":"node","id":9041386983,"tags":{"aerialway":"pylon"},"relations":[],"meta":{}},"geometry":{"type":"Point","coordinates":[6.8691716,46.2569835]}},
{"type":"Feature","id":"node/9041386984","properties":{"type":"node","id":9041386984,"tags":{"aerialway":"pylon"},"relations":[],"meta":{}},"geometry":{"type":"Point","coordinates":[6.8692682,46.2569822]}},
{"type":"Feature","id":"node/9041386985","properties":{"type":"node","id":9041386985,"tags":{"aerialway":"pylon"},"relations":[],"meta":{}},"geometry":{"type":"Point","coordinates":[6.8689604,46.2561684]}},
{"type":"Feature","id":"node/9041386986","properties":{"type":"node","id":9041386986,"tags":{"aerialway":"pylon"},"relations":[],"meta":{}},"geometry":{"type":"Point","coordinates":[6.8687495,46.2553545]}},
{"type":"Feature","id":"node/9041386987","properties":{"type":"node","id":9041386987,"tags":{"aerialway":"pylon"},"relations":[],"meta":{}},"geometry":{"type":"Point","coordinates":[6.868847,46.2553394]}},
{"type":"Feature","id":"node/9041386988","properties":{"type":"node","id":9041386988,"tags":{"aerialway":"pylon"},"relations":[],"meta":{}},"geometry":{"type":"Point","coordinates":[6.8676734,46.2550104]}},
{"type":"Feature","id":"node/9041386989","properties":{"type":"node","id":9041386989,"tags":{"aerialway":"pylon"},"relations":[],"meta":{}},"geometry":{"type":"Point","coordinates":[6.8677506,46.2550262]}},
{"type":"Feature","id":"node/9041386990","properties":{"type":"node","id":9041386990,"tags":{"aerialway":"pylon"},"relations":[],"meta":{}},"geometry":{"type":"Point","coordinates":[6.868244,46.253817]}},
{"type":"Feature","id":"node/9041386991","properties":{"type":"node","id":9041386991,"tags":{"aerialway":"pylon"},"relations":[],"meta":{}},"geometry":{"type":"Point","coordinates":[6.868313,46.2538384]}},
{"type":"Feature","id":"node/9041386992","properties":{"type":"node","id":9041386992,"tags":{"aerialway":"pylon"},"relations":[],"meta":{}},"geometry":{"type":"Point","coordinates":[6.8686103,46.2530507]}},
{"type":"Feature","id":"node/9041386993","properties":{"type":"node","id":9041386993,"tags":{"aerialway":"pylon"},"relations":[],"meta":{}},"geometry":{"type":"Point","coordinates":[6.8686793,46.2530649]}},
{"type":"Feature","id":"node/9041386994","properties":{"type":"node","id":9041386994,"tags":{"aerialway":"pylon"},"relations":[],"meta":{}},"geometry":{"type":"Point","coordinates":[6.868922,46.2523988]}},
{"type":"Feature","id":"node/9041386995","properties":{"type":"node","id":9041386995,"tags":{"aerialway":"pylon"},"relations":[],"meta":{}},"geometry":{"type":"Point","coordinates":[6.868987,46.2524151]}},
{"type":"Feature","id":"node/9041386996","properties":{"type":"node","id":9041386996,"tags":{"aerialway":"pylon"},"relations":[],"meta":{}},"geometry":{"type":"Point","coordinates":[6.8693449,46.2515142]}},
{"type":"Feature","id":"node/9041386997","properties":{"type":"node","id":9041386997,"tags":{"aerialway":"pylon"},"relations":[],"meta":{}},"geometry":{"type":"Point","coordinates":[6.8694067,46.2515285]}},
{"type":"Feature","id":"node/9041386998","properties":{"type":"node","id":9041386998,"tags":{"aerialway":"pylon"},"relations":[],"meta":{}},"geometry":{"type":"Point","coordinates":[6.8696302,46.2509175]}},
{"type":"Feature","id":"node/9041386999","properties":{"type":"node","id":9041386999,"tags":{"aerialway":"pylon"},"relations":[],"meta":{}},"geometry":{"type":"Point","coordinates":[6.8696888,46.2509327]}},
{"type":"Feature","id":"node/9041387000","properties":{"type":"node","id":9041387000,"tags":{"aerialway":"pylon"},"relations":[],"meta":{}},"geometry":{"type":"Point","coordinates":[6.8700748,46.2499873]}},
{"type":"Feature","id":"node/9041387001","properties":{"type":"node","id":9041387001,"tags":{"aerialway":"pylon"},"relations":[],"meta":{}},"geometry":{"type":"Point","coordinates":[6.8701316,46.2499975]}},
{"type":"Feature","id":"node/9041387002","properties":{"type":"node","id":9041387002,"tags":{"aerialway":"pylon"},"relations":[],"meta":{}},"geometry":{"type":"Point","coordinates":[6.8706409,46.2488032]}},
{"type":"Feature","id":"node/9041387003","properties":{"type":"node","id":9041387003,"tags":{"aerialway":"pylon"},"relations":[],"meta":{}},"geometry":{"type":"Point","coordinates":[6.8706925,46.2488127]}},
{"type":"Feature","id":"node/9041387004","properties":{"type":"node","id":9041387004,"tags":{"aerialway":"pylon"},"relations":[],"meta":{}},"geometry":{"type":"Point","coordinates":[6.8709938,46.248065]}},
{"type":"Feature","id":"node/9041387005","properties":{"type":"node","id":9041387005,"tags":{"aerialway":"pylon"},"relations":[],"meta":{}},"geometry":{"type":"Point","coordinates":[6.870674,46.2478376]}},
{"type":"Feature","id":"node/9041387006","properties":{"type":"node","id":9041387006,"tags":{"aerialway":"pylon"},"relations":[],"meta":{}},"geometry":{"type":"Point","coordinates":[6.8702422,46.2480105]}},
{"type":"Feature","id":"node/9041387007","properties":{"type":"node","id":9041387007,"tags":{"aerialway":"pylon"},"relations":[],"meta":{}},"geometry":{"type":"Point","coordinates":[6.8693678,46.2483747]}},
{"type":"Feature","id":"node/9041387008","properties":{"type":"node","id":9041387008,"tags":{"aerialway":"pylon"},"relations":[],"meta":{}},"geometry":{"type":"Point","coordinates":[6.867744,46.2486865]}},
{"type":"Feature","id":"node/9041387009","properties":{"type":"node","id":9041387009,"tags":{"aerialway":"pylon"},"relations":[],"meta":{}},"geometry":{"type":"Point","coordinates":[6.8669527,46.2487624]}},
{"type":"Feature","id":"node/9041387010","properties":{"type":"node","id":9041387010,"tags":{"aerialway":"pylon"},"relations":[],"meta":{}},"geometry":{"type":"Point","coordinates":[6.8662264,46.2488339]}},
{"type":"Feature","id":"node/9041387011","properties":{"type":"node","id":9041387011,"tags":{"aerialway":"pylon"},"relations":[],"meta":{}},"geometry":{"type":"Point","coordinates":[6.8648756,46.2489682]}},
{"type":"Feature","id":"node/9105263248","properties":{"type":"node","id":9105263248,"tags":{"aerialway":"pylon","manufacturer":"Montaz Mautino","start_date":"1987"},"relations":[],"meta":{}},"geometry":{"type":"Point","coordinates":[6.5869006,46.2104059]}},
{"type":"Feature","id":"node/9105263249","properties":{"type":"node","id":9105263249,"tags":{"aerialway":"pylon","manufacturer":"Montaz Mautino","start_date":"1987"},"relations":[],"meta":{}},"geometry":{"type":"Point","coordinates":[6.5854645,46.2102803]}},
{"type":"Feature","id":"node/9105263250","properties":{"type":"node","id":9105263250,"tags":{"aerialway":"pylon","manufacturer":"Montaz Mautino","start_date":"1987"},"relations":[],"meta":{}},"geometry":{"type":"Point","coordinates":[6.5843888,46.2101863]}},
{"type":"Feature","id":"node/9105267751","properties":{"type":"node","id":9105267751,"tags":{"aerialway":"pylon","manufacturer":"Montaz Mautino","start_date":"1987"},"relations":[],"meta":{}},"geometry":{"type":"Point","coordinates":[6.5776776,46.2095995]}},
{"type":"Feature","id":"node/9105267752","properties":{"type":"node","id":9105267752,"tags":{"aerialway":"pylon","manufacturer":"Montaz Mautino","start_date":"2016"},"relations":[],"meta":{}},"geometry":{"type":"Point","coordinates":[6.5972463,46.2101343]}},
{"type":"Feature","id":"node/9105267753","properties":{"type":"node","id":9105267753,"tags":{"aerialway":"pylon","manufacturer":"Montaz Mautino","start_date":"2016"},"relations":[],"meta":{}},"geometry":{"type":"Point","coordinates":[6.5959623,46.2102554]}},
{"type":"Feature","id":"node/9105267754","properties":{"type":"node","id":9105267754,"tags":{"aerialway":"pylon","manufacturer":"Montaz Mautino","start_date":"2016"},"relations":[],"meta":{}},"geometry":{"type":"Point","coordinates":[6.5946951,46.2103735]}},
{"type":"Feature","id":"node/9105267755","properties":{"type":"node","id":9105267755,"tags":{"aerialway":"pylon","manufacturer":"Montaz Mautino","start_date":"2016"},"relations":[],"meta":{}},"geometry":{"type":"Point","coordinates":[6.5934858,46.2104897]}},
{"type":"Feature","id":"node/9105267756","properties":{"type":"node","id":9105267756,"tags":{"aerialway":"pylon","manufacturer":"Montaz Mautino","start_date":"1987"},"relations":[],"meta":{}},"geometry":{"type":"Point","coordinates":[6.5959526,46.2101969]}},
{"type":"Feature","id":"node/9105267757","properties":{"type":"node","id":9105267757,"tags":{"aerialway":"pylon","manufacturer":"Montaz Mautino","start_date":"1987"},"relations":[],"meta":{}},"geometry":{"type":"Point","coordinates":[6.5972267,46.2100823]}},
{"type":"Feature","id":"node/9105267758","properties":{"type":"node","id":9105267758,"tags":{"aerialway":"pylon","manufacturer":"Montaz Mautino","start_date":"1987"},"relations":[],"meta":{}},"geometry":{"type":"Point","coordinates":[6.5946886,46.2103233]}},
{"type":"Feature","id":"node/9105267759","properties":{"type":"node","id":9105267759,"tags":{"aerialway":"pylon","manufacturer":"Montaz Mautino","start_date":"1987"},"relations":[],"meta":{}},"geometry":{"type":"Point","coordinates":[6.5934696,46.2104407]}},
{"type":"Feature","id":"node/9187114656","properties":{"type":"node","id":9187114656,"tags":{"aerialway":"pylon"},"relations":[],"meta":{}},"geometry":{"type":"Point","coordinates":[6.6964786,46.1383314]}},
{"type":"Feature","id":"node/9199883620","properties":{"type":"node","id":9199883620,"tags":{"aerialway":"pylon"},"relations":[],"meta":{}},"geometry":{"type":"Point","coordinates":[6.8379767,46.1933145]}},
{"type":"Feature","id":"node/9199883621","properties":{"type":"node","id":9199883621,"tags":{"aerialway":"pylon"},"relations":[],"meta":{}},"geometry":{"type":"Point","coordinates":[6.838499,46.1935662]}},
{"type":"Feature","id":"node/9199883622","properties":{"type":"node","id":9199883622,"tags":{"aerialway":"pylon"},"relations":[],"meta":{}},"geometry":{"type":"Point","coordinates":[6.8395096,46.1940534]}},
{"type":"Feature","id":"node/9199883623","properties":{"type":"node","id":9199883623,"tags":{"aerialway":"pylon"},"relations":[],"meta":{}},"geometry":{"type":"Point","coordinates":[6.840107,46.1943414]}},
{"type":"Feature","id":"node/9315999975","properties":{"type":"node","id":9315999975,"tags":{"aerialway":"pylon","ref":"15"},"relations":[],"meta":{}},"geometry":{"type":"Point","coordinates":[6.7923637,46.2188843]}},
{"type":"Feature","id":"node/9315999976","properties":{"type":"node","id":9315999976,"tags":{"aerialway":"pylon","ref":"14"},"relations":[],"meta":{}},"geometry":{"type":"Point","coordinates":[6.7922681,46.2191812]}},
{"type":"Feature","id":"node/9315999977","properties":{"type":"node","id":9315999977,"tags":{"aerialway":"pylon","ref":"13"},"relations":[],"meta":{}},"geometry":{"type":"Point","coordinates":[6.7922373,46.219272]}},
{"type":"Feature","id":"node/9315999978","properties":{"type":"node","id":9315999978,"tags":{"aerialway":"pylon","ref":"12"},"relations":[],"meta":{}},"geometry":{"type":"Point","coordinates":[6.7918422,46.2205201]}},
{"type":"Feature","id":"node/9315999979","properties":{"type":"node","id":9315999979,"tags":{"aerialway":"pylon","ref":"11"},"relations":[],"meta":{}},"geometry":{"type":"Point","coordinates":[6.7916301,46.2211733]}},
{"type":"Feature","id":"node/9315999980","properties":{"type":"node","id":9315999980,"tags":{"aerialway":"pylon","ref":"10"},"relations":[],"meta":{}},"geometry":{"type":"Point","coordinates":[6.7912431,46.2223721]}},
{"type":"Feature","id":"node/9315999981","properties":{"type":"node","id":9315999981,"tags":{"aerialway":"pylon","ref":"9"},"relations":[],"meta":{}},"geometry":{"type":"Point","coordinates":[6.7907443,46.2239126]}},
{"type":"Feature","id":"node/9315999982","properties":{"type":"node","id":9315999982,"tags":{"aerialway":"pylon","ref":"8"},"relations":[],"meta":{}},"geometry":{"type":"Point","coordinates":[6.7903961,46.2249937]}},
{"type":"Feature","id":"node/9315999983","properties":{"type":"node","id":9315999983,"tags":{"aerialway":"pylon","ref":"7"},"relations":[],"meta":{}},"geometry":{"type":"Point","coordinates":[6.7899362,46.2264053]}},
{"type":"Feature","id":"node/9315999984","properties":{"type":"node","id":9315999984,"tags":{"aerialway":"pylon","ref":"6"},"relations":[],"meta":{}},"geometry":{"type":"Point","coordinates":[6.7896577,46.227278]}},
{"type":"Feature","id":"node/9315999985","properties":{"type":"node","id":9315999985,"tags":{"aerialway":"pylon","ref":"5"},"relations":[],"meta":{}},"geometry":{"type":"Point","coordinates":[6.7892869,46.228424]}},
{"type":"Feature","id":"node/9315999986","properties":{"type":"node","id":9315999986,"tags":{"aerialway":"pylon","ref":"4"},"relations":[],"meta":{}},"geometry":{"type":"Point","coordinates":[6.7888691,46.2297157]}},
{"type":"Feature","id":"node/9315999987","properties":{"type":"node","id":9315999987,"tags":{"aerialway":"pylon","ref":"3"},"relations":[],"meta":{}},"geometry":{"type":"Point","coordinates":[6.7883817,46.2312212]}},
{"type":"Feature","id":"node/9315999988","properties":{"type":"node","id":9315999988,"tags":{"aerialway":"pylon","ref":"2"},"relations":[],"meta":{}},"geometry":{"type":"Point","coordinates":[6.7882732,46.2315651]}},
{"type":"Feature","id":"node/9315999989","properties":{"type":"node","id":9315999989,"tags":{"aerialway":"pylon","ref":"1"},"relations":[],"meta":{}},"geometry":{"type":"Point","coordinates":[6.7882553,46.23162]}},
{"type":"Feature","id":"node/9325616034","properties":{"type":"node","id":9325616034,"tags":{"aerialway":"pylon"},"relations":[],"meta":{}},"geometry":{"type":"Point","coordinates":[6.8170474,46.2305611]}},
{"type":"Feature","id":"node/9325616035","properties":{"type":"node","id":9325616035,"tags":{"aerialway":"pylon"},"relations":[],"meta":{}},"geometry":{"type":"Point","coordinates":[6.8170635,46.2306493]}},
{"type":"Feature","id":"node/9325616036","properties":{"type":"node","id":9325616036,"tags":{"aerialway":"pylon"},"relations":[],"meta":{}},"geometry":{"type":"Point","coordinates":[6.8195084,46.2442637]}},
{"type":"Feature","id":"node/9325616037","properties":{"type":"node","id":9325616037,"tags":{"aerialway":"pylon"},"relations":[],"meta":{}},"geometry":{"type":"Point","coordinates":[6.8213108,46.2539778]}},
{"type":"Feature","id":"node/9325616038","properties":{"type":"node","id":9325616038,"tags":{"aerialway":"pylon"},"relations":[],"meta":{}},"geometry":{"type":"Point","coordinates":[6.8212927,46.2538958]}},
{"type":"Feature","id":"node/9325616039","properties":{"type":"node","id":9325616039,"tags":{"aerialway":"pylon"},"relations":[],"meta":{}},"geometry":{"type":"Point","coordinates":[6.821279,46.2538216]}},
{"type":"Feature","id":"node/9325616040","properties":{"type":"node","id":9325616040,"tags":{"aerialway":"pylon"},"relations":[],"meta":{}},"geometry":{"type":"Point","coordinates":[6.8212317,46.2535596]}},
{"type":"Feature","id":"node/9325616041","properties":{"type":"node","id":9325616041,"tags":{"aerialway":"pylon"},"relations":[],"meta":{}},"geometry":{"type":"Point","coordinates":[6.8209427,46.2521051]}},
{"type":"Feature","id":"node/9325616042","properties":{"type":"node","id":9325616042,"tags":{"aerialway":"pylon"},"relations":[],"meta":{}},"geometry":{"type":"Point","coordinates":[6.8207328,46.251129]}},
{"type":"Feature","id":"node/9325616043","properties":{"type":"node","id":9325616043,"tags":{"aerialway":"pylon"},"relations":[],"meta":{}},"geometry":{"type":"Point","coordinates":[6.8204787,46.2499554]}},
{"type":"Feature","id":"node/9325616044","properties":{"type":"node","id":9325616044,"tags":{"aerialway":"pylon"},"relations":[],"meta":{}},"geometry":{"type":"Point","coordinates":[6.8203942,46.2495696]}},
{"type":"Feature","id":"node/9325616045","properties":{"type":"node","id":9325616045,"tags":{"aerialway":"pylon"},"relations":[],"meta":{}},"geometry":{"type":"Point","coordinates":[6.820364,46.2494194]}},
{"type":"Feature","id":"node/9325616046","properties":{"type":"node","id":9325616046,"tags":{"aerialway":"pylon"},"relations":[],"meta":{}},"geometry":{"type":"Point","coordinates":[6.820303,46.2491036]}},
{"type":"Feature","id":"node/9325616047","properties":{"type":"node","id":9325616047,"tags":{"aerialway":"pylon"},"relations":[],"meta":{}},"geometry":{"type":"Point","coordinates":[6.8199999,46.2476527]}},
{"type":"Feature","id":"node/9325616048","properties":{"type":"node","id":9325616048,"tags":{"aerialway":"pylon"},"relations":[],"meta":{}},"geometry":{"type":"Point","coordinates":[6.8197947,46.2467674]}},
{"type":"Feature","id":"node/9325616049","properties":{"type":"node","id":9325616049,"tags":{"aerialway":"pylon"},"relations":[],"meta":{}},"geometry":{"type":"Point","coordinates":[6.8197632,46.2466139]}},
{"type":"Feature","id":"node/9325616050","properties":{"type":"node","id":9325616050,"tags":{"aerialway":"pylon"},"relations":[],"meta":{}},"geometry":{"type":"Point","coordinates":[6.8195178,46.2454773]}},
{"type":"Feature","id":"node/9325616051","properties":{"type":"node","id":9325616051,"tags":{"aerialway":"pylon"},"relations":[],"meta":{}},"geometry":{"type":"Point","coordinates":[6.8193897,46.244887]}},
{"type":"Feature","id":"node/9325616052","properties":{"type":"node","id":9325616052,"tags":{"aerialway":"pylon"},"relations":[],"meta":{}},"geometry":{"type":"Point","coordinates":[6.8190155,46.2430714]}},
{"type":"Feature","id":"node/9325616053","properties":{"type":"node","id":9325616053,"tags":{"aerialway":"pylon"},"relations":[],"meta":{}},"geometry":{"type":"Point","coordinates":[6.8187097,46.2416658]}},
{"type":"Feature","id":"node/9325616055","properties":{"type":"node","id":9325616055,"tags":{"aerialway":"pylon"},"relations":[],"meta":{}},"geometry":{"type":"Point","coordinates":[6.8183047,46.2397249]}},
{"type":"Feature","id":"node/9325616056","properties":{"type":"node","id":9325616056,"tags":{"aerialway":"pylon"},"relations":[],"meta":{}},"geometry":{"type":"Point","coordinates":[6.8182223,46.2393371]}},
{"type":"Feature","id":"node/9403722856","properties":{"type":"node","id":9403722856,"tags":{"aerialway":"station","name":"Lac","public_transport":"station"},"relations":[],"meta":{}},"geometry":{"type":"Point","coordinates":[6.8598107,46.2664172]}},
{"type":"Feature","id":"node/9403722857","properties":{"type":"node","id":9403722857,"tags":{"aerialway":"station","name":"Lac","public_transport":"station"},"relations":[],"meta":{}},"geometry":{"type":"Point","coordinates":[6.8621865,46.2660547]}},
{"type":"Feature","id":"node/9472216285","properties":{"type":"node","id":9472216285,"tags":{"aerialway":"pylon"},"relations":[],"meta":{}},"geometry":{"type":"Point","coordinates":[6.8614653,46.2176229]}},
{"type":"Feature","id":"node/9472216286","properties":{"type":"node","id":9472216286,"tags":{"aerialway":"pylon"},"relations":[],"meta":{}},"geometry":{"type":"Point","coordinates":[6.8523849,46.2171025]}},
{"type":"Feature","id":"node/9472216287","properties":{"type":"node","id":9472216287,"tags":{"aerialway":"pylon"},"relations":[],"meta":{}},"geometry":{"type":"Point","coordinates":[6.8543301,46.217214]}},
{"type":"Feature","id":"node/9472216288","properties":{"type":"node","id":9472216288,"tags":{"aerialway":"pylon"},"relations":[],"meta":{}},"geometry":{"type":"Point","coordinates":[6.8555728,46.2172852]}},
{"type":"Feature","id":"node/9472216289","properties":{"type":"node","id":9472216289,"tags":{"aerialway":"pylon"},"relations":[],"meta":{}},"geometry":{"type":"Point","coordinates":[6.8578083,46.2174133]}},
{"type":"Feature","id":"node/9472216290","properties":{"type":"node","id":9472216290,"tags":{"aerialway":"pylon"},"relations":[],"meta":{}},"geometry":{"type":"Point","coordinates":[6.8595543,46.2175134]}},
{"type":"Feature","id":"node/9472216291","properties":{"type":"node","id":9472216291,"tags":{"aerialway":"pylon"},"relations":[],"meta":{}},"geometry":{"type":"Point","coordinates":[6.8622663,46.2176689]}},
{"type":"Feature","id":"node/9472216292","properties":{"type":"node","id":9472216292,"tags":{"aerialway":"pylon"},"relations":[],"meta":{}},"geometry":{"type":"Point","coordinates":[6.8639319,46.2177643]}},
{"type":"Feature","id":"node/9472216293","properties":{"type":"node","id":9472216293,"tags":{"aerialway":"pylon"},"relations":[],"meta":{}},"geometry":{"type":"Point","coordinates":[6.8663319,46.2179019]}},
{"type":"Feature","id":"node/9472216294","properties":{"type":"node","id":9472216294,"tags":{"aerialway":"pylon"},"relations":[],"meta":{}},"geometry":{"type":"Point","coordinates":[6.8675462,46.2179715]}},
{"type":"Feature","id":"node/9472216295","properties":{"type":"node","id":9472216295,"tags":{"aerialway":"pylon"},"relations":[],"meta":{}},"geometry":{"type":"Point","coordinates":[6.8690927,46.2180601]}},
{"type":"Feature","id":"node/9472216296","properties":{"type":"node","id":9472216296,"tags":{"aerialway":"pylon"},"relations":[],"meta":{}},"geometry":{"type":"Point","coordinates":[6.8705437,46.2181433]}},
{"type":"Feature","id":"node/9503268222","properties":{"type":"node","id":9503268222,"tags":{"aerialway":"pylon","name":"P1"},"relations":[],"meta":{}},"geometry":{"type":"Point","coordinates":[6.6976126,46.3452276]}},
{"type":"Feature","id":"node/9503660622","properties":{"type":"node","id":9503660622,"tags":{"aerialway":"station","name":"Joux","public_transport":"station"},"relations":[],"meta":{}},"geometry":{"type":"Point","coordinates":[6.6463977,46.28393]}},
{"type":"Feature","id":"node/9503660623","properties":{"type":"node","id":9503660623,"tags":{"aerialway":"station","name":"Joux","public_transport":"station"},"relations":[],"meta":{}},"geometry":{"type":"Point","coordinates":[6.6485031,46.2848408]}},
{"type":"Feature","id":"node/9515299975","properties":{"type":"node","id":9515299975,"tags":{"aerialway":"pylon"},"relations":[],"meta":{}},"geometry":{"type":"Point","coordinates":[6.5928748,46.1292347]}},
{"type":"Feature","id":"node/9515299976","properties":{"type":"node","id":9515299976,"tags":{"aerialway":"pylon"},"relations":[],"meta":{}},"geometry":{"type":"Point","coordinates":[6.592787,46.1293555]}},
{"type":"Feature","id":"node/9515300000","properties":{"type":"node","id":9515300000,"tags":{"aerialway":"station","name":"Chevaly 2"},"relations":[],"meta":{}},"geometry":{"type":"Point","coordinates":[6.5921906,46.1478261]}},
{"type":"Feature","id":"node/9515300001","properties":{"type":"node","id":9515300001,"tags":{"aerialway":"station","name":"Chevaly 2"},"relations":[],"meta":{}},"geometry":{"type":"Point","coordinates":[6.5907238,46.1445109]}},
{"type":"Feature","id":"node/9670212364","properties":{"type":"node","id":9670212364,"tags":{"aerialway":"pylon"},"relations":[],"meta":{}},"geometry":{"type":"Point","coordinates":[6.7521675,46.237659]}},
{"type":"Feature","id":"node/9670212365","properties":{"type":"node","id":9670212365,"tags":{"aerialway":"station","foot":"no"},"relations":[],"meta":{}},"geometry":{"type":"Point","coordinates":[6.7488597,46.2385427]}},
{"type":"Feature","id":"node/9674215902","properties":{"type":"node","id":9674215902,"tags":{"aerialway":"station","aerialway:access":"entrance","ele":"1158","name":"Lac","public_transport":"station"},"relations":[],"meta":{}},"geometry":{"type":"Point","coordinates":[6.6220646,46.2149274]}},
{"type":"Feature","id":"node/9741684983","properties":{"type":"node","id":9741684983,"tags":{"aerialway":"pylon"},"relations":[],"meta":{}},"geometry":{"type":"Point","coordinates":[6.8637528,46.3100601]}},
{"type":"Feature","id":"node/9741684984","properties":{"type":"node","id":9741684984,"tags":{"aerialway":"pylon"},"relations":[],"meta":{}},"geometry":{"type":"Point","coordinates":[6.8650759,46.310982]}},
{"type":"Feature","id":"node/9741684985","properties":{"type":"node","id":9741684985,"tags":{"aerialway":"pylon"},"relations":[],"meta":{}},"geometry":{"type":"Point","coordinates":[6.8661215,46.3117107]}},
{"type":"Feature","id":"node/9741684986","properties":{"type":"node","id":9741684986,"tags":{"aerialway":"pylon"},"relations":[],"meta":{}},"geometry":{"type":"Point","coordinates":[6.8664224,46.3119203]}},
{"type":"Feature","id":"node/9741684987","properties":{"type":"node","id":9741684987,"tags":{"aerialway":"pylon"},"relations":[],"meta":{}},"geometry":{"type":"Point","coordinates":[6.8674242,46.3126184]}},
{"type":"Feature","id":"node/9741684988","properties":{"type":"node","id":9741684988,"tags":{"aerialway":"pylon"},"relations":[],"meta":{}},"geometry":{"type":"Point","coordinates":[6.8680146,46.3130298]}},
{"type":"Feature","id":"node/9741684989","properties":{"type":"node","id":9741684989,"tags":{"aerialway":"pylon"},"relations":[],"meta":{}},"geometry":{"type":"Point","coordinates":[6.8691038,46.3137709]}},
{"type":"Feature","id":"node/9776069363","properties":{"type":"node","id":9776069363,"tags":{"aerialway":"pylon"},"relations":[],"meta":{}},"geometry":{"type":"Point","coordinates":[6.6993925,46.3458163]}},
{"type":"Feature","id":"node/9776760165","properties":{"type":"node","id":9776760165,"tags":{"aerialway":"pylon"},"relations":[],"meta":{}},"geometry":{"type":"Point","coordinates":[6.7012343,46.3452454]}},
{"type":"Feature","id":"node/9776760166","properties":{"type":"node","id":9776760166,"tags":{"aerialway":"pylon"},"relations":[],"meta":{}},"geometry":{"type":"Point","coordinates":[6.6953223,46.3453895]}},
{"type":"Feature","id":"node/9776760167","properties":{"type":"node","id":9776760167,"tags":{"aerialway":"pylon"},"relations":[],"meta":{}},"geometry":{"type":"Point","coordinates":[6.6891505,46.3460617]}},
{"type":"Feature","id":"node/9776760168","properties":{"type":"node","id":9776760168,"tags":{"aerialway":"pylon"},"relations":[],"meta":{}},"geometry":{"type":"Point","coordinates":[6.6878977,46.3461105]}},
{"type":"Feature","id":"node/9776760169","properties":{"type":"node","id":9776760169,"tags":{"aerialway":"pylon"},"relations":[],"meta":{}},"geometry":{"type":"Point","coordinates":[6.6863648,46.3461702]}},
{"type":"Feature","id":"node/9776760170","properties":{"type":"node","id":9776760170,"tags":{"aerialway":"pylon","name":"P8","ref":"P8"},"relations":[],"meta":{}},"geometry":{"type":"Point","coordinates":[6.697475,46.3411311]}},
{"type":"Feature","id":"node/9776760171","properties":{"type":"node","id":9776760171,"tags":{"aerialway":"pylon","name":"P7","ref":"P7"},"relations":[],"meta":{}},"geometry":{"type":"Point","coordinates":[6.6975434,46.3421976]}},
{"type":"Feature","id":"node/9776760172","properties":{"type":"node","id":9776760172,"tags":{"aerialway":"pylon","name":"P6","ref":"P6"},"relations":[],"meta":{}},"geometry":{"type":"Point","coordinates":[6.6975715,46.3426347]}},
{"type":"Feature","id":"node/9776760173","properties":{"type":"node","id":9776760173,"tags":{"aerialway":"pylon","name":"P6","ref":"P5"},"relations":[],"meta":{}},"geometry":{"type":"Point","coordinates":[6.6976074,46.3431938]}},
{"type":"Feature","id":"node/9776760174","properties":{"type":"node","id":9776760174,"tags":{"aerialway":"pylon","name":"P4","ref":"P4"},"relations":[],"meta":{}},"geometry":{"type":"Point","coordinates":[6.6976541,46.3439215]}},
{"type":"Feature","id":"node/9776760175","properties":{"type":"node","id":9776760175,"tags":{"aerialway":"pylon","name":"P3","ref":"P3"},"relations":[],"meta":{}},"geometry":{"type":"Point","coordinates":[6.6976898,46.3444789]}},
{"type":"Feature","id":"node/9776760176","properties":{"type":"node","id":9776760176,"tags":{"aerialway":"pylon"},"relations":[],"meta":{}},"geometry":{"type":"Point","coordinates":[6.6986556,46.3456557]}},
{"type":"Feature","id":"node/9776780166","properties":{"type":"node","id":9776780166,"tags":{"aerialway":"pylon","ref":"P2"},"relations":[],"meta":{}},"geometry":{"type":"Point","coordinates":[6.6895699,46.3552192]}},
{"type":"Feature","id":"node/9776780167","properties":{"type":"node","id":9776780167,"tags":{"aerialway":"pylon","ref":"P1"},"relations":[],"meta":{}},"geometry":{"type":"Point","coordinates":[6.6893985,46.3555879]}},
{"type":"Feature","id":"node/9863761758","properties":{"type":"node","id":9863761758,"tags":{"aerialway":"station","name":"Conches","public_transport":"station"},"relations":[],"meta":{}},"geometry":{"type":"Point","coordinates":[6.8468603,46.2704377]}},
{"type":"Feature","id":"node/9863761759","properties":{"type":"node","id":9863761759,"tags":{"aerialway":"station","name":"Conches","public_transport":"station"},"relations":[],"meta":{}},"geometry":{"type":"Point","coordinates":[6.8626265,46.2698958]}},
{"type":"Feature","id":"node/9863761761","properties":{"type":"node","id":9863761761,"tags":{"aerialway":"pylon"},"relations":[],"meta":{}},"geometry":{"type":"Point","coordinates":[6.8567058,46.2681888]}},
{"type":"Feature","id":"node/9922652333","properties":{"type":"node","id":9922652333,"tags":{"aerialway":"pylon"},"relations":[],"meta":{}},"geometry":{"type":"Point","coordinates":[6.8534726,46.2924547]}},
{"type":"Feature","id":"node/9922654225","properties":{"type":"node","id":9922654225,"tags":{"aerialway":"pylon"},"relations":[],"meta":{}},"geometry":{"type":"Point","coordinates":[6.8534058,46.2904961]}},
{"type":"Feature","id":"node/9922654226","properties":{"type":"node","id":9922654226,"tags":{"aerialway":"pylon"},"relations":[],"meta":{}},"geometry":{"type":"Point","coordinates":[6.8527024,46.2913948]}},
{"type":"Feature","id":"node/9922654227","properties":{"type":"node","id":9922654227,"tags":{"aerialway":"pylon"},"relations":[],"meta":{}},"geometry":{"type":"Point","coordinates":[6.8523385,46.2918598]}},
{"type":"Feature","id":"node/9993766281","properties":{"type":"node","id":9993766281,"tags":{"aerialway":"pylon","ref":"9"},"relations":[],"meta":{}},"geometry":{"type":"Point","coordinates":[6.7157685,46.3385868]}},
{"type":"Feature","id":"node/9993766282","properties":{"type":"node","id":9993766282,"tags":{"aerialway":"pylon","ref":"8"},"relations":[],"meta":{}},"geometry":{"type":"Point","coordinates":[6.7156933,46.3386095]}},
{"type":"Feature","id":"node/9993766283","properties":{"type":"node","id":9993766283,"tags":{"aerialway":"pylon","ref":"7"},"relations":[],"meta":{}},"geometry":{"type":"Point","coordinates":[6.7156052,46.338636]}},
{"type":"Feature","id":"node/9993766284","properties":{"type":"node","id":9993766284,"tags":{"aerialway":"pylon","ref":"1"},"relations":[],"meta":{}},"geometry":{"type":"Point","coordinates":[6.7079871,46.3409194]}},
{"type":"Feature","id":"node/9993766285","properties":{"type":"node","id":9993766285,"tags":{"aerialway":"pylon","ref":"6"},"relations":[],"meta":{}},"geometry":{"type":"Point","coordinates":[6.7133614,46.339312]}},
{"type":"Feature","id":"node/10082839763","properties":{"type":"node","id":10082839763,"tags":{"aerialway":"pylon"},"relations":[],"meta":{}},"geometry":{"type":"Point","coordinates":[6.7209992,46.1915692]}},
{"type":"Feature","id":"node/10097457828","properties":{"type":"node","id":10097457828,"tags":{"aerialway":"station","ele":"1647","name":"Rosta","public_transport":"station"},"relations":[],"meta":{}},"geometry":{"type":"Point","coordinates":[6.6781937,46.1300165]}},
{"type":"Feature","id":"node/10609126227","properties":{"type":"node","id":10609126227,"tags":{"aerialway":"pylon"},"relations":[],"meta":{}},"geometry":{"type":"Point","coordinates":[6.6883544,46.1482039]}},
{"type":"Feature","id":"node/10609126233","properties":{"type":"node","id":10609126233,"tags":{"aerialway":"pylon"},"relations":[],"meta":{}},"geometry":{"type":"Point","coordinates":[6.6879296,46.1500877]}},
{"type":"Feature","id":"node/10609126234","properties":{"type":"node","id":10609126234,"tags":{"aerialway":"pylon","ref":"P2"},"relations":[],"meta":{}},"geometry":{"type":"Point","coordinates":[6.6878617,46.1500356]}},
{"type":"Feature","id":"node/10609126235","properties":{"type":"node","id":10609126235,"tags":{"aerialway":"pylon","ref":"P3"},"relations":[],"meta":{}},"geometry":{"type":"Point","coordinates":[6.6886769,46.1494771]}},
{"type":"Feature","id":"node/10609126236","properties":{"type":"node","id":10609126236,"tags":{"aerialway":"pylon"},"relations":[],"meta":{}},"geometry":{"type":"Point","coordinates":[6.688746,46.1495314]}},
{"type":"Feature","id":"node/10609126237","properties":{"type":"node","id":10609126237,"tags":{"aerialway":"pylon","ref":"P4"},"relations":[],"meta":{}},"geometry":{"type":"Point","coordinates":[6.6896284,46.148835]}},
{"type":"Feature","id":"node/10609126238","properties":{"type":"node","id":10609126238,"tags":{"aerialway":"pylon"},"relations":[],"meta":{}},"geometry":{"type":"Point","coordinates":[6.6896876,46.1488904]}},
{"type":"Feature","id":"node/10609126239","properties":{"type":"node","id":10609126239,"tags":{"aerialway":"pylon"},"relations":[],"meta":{}},"geometry":{"type":"Point","coordinates":[6.6903226,46.1484589]}},
{"type":"Feature","id":"node/10609126240","properties":{"type":"node","id":10609126240,"tags":{"aerialway":"pylon","ref":"P5"},"relations":[],"meta":{}},"geometry":{"type":"Point","coordinates":[6.6902631,46.1484065]}},
{"type":"Feature","id":"node/10609126241","properties":{"type":"node","id":10609126241,"tags":{"aerialway":"pylon"},"relations":[],"meta":{}},"geometry":{"type":"Point","coordinates":[6.6929959,46.1475078]}},
{"type":"Feature","id":"node/10609126242","properties":{"type":"node","id":10609126242,"tags":{"aerialway":"pylon"},"relations":[],"meta":{}},"geometry":{"type":"Point","coordinates":[6.6922852,46.1477043]}},
{"type":"Feature","id":"node/10609126243","properties":{"type":"node","id":10609126243,"tags":{"aerialway":"pylon"},"relations":[],"meta":{}},"geometry":{"type":"Point","coordinates":[6.6914112,46.1479509]}},
{"type":"Feature","id":"node/10609126244","properties":{"type":"node","id":10609126244,"tags":{"aerialway":"pylon","ref":"P7"},"relations":[],"meta":{}},"geometry":{"type":"Point","coordinates":[6.6914654,46.1476042]}},
{"type":"Feature","id":"node/10609126245","properties":{"type":"node","id":10609126245,"tags":{"aerialway":"pylon","ref":"P13"},"relations":[],"meta":{}},"geometry":{"type":"Point","coordinates":[6.6951109,46.1432662]}},
{"type":"Feature","id":"node/10647783643","properties":{"type":"node","id":10647783643,"tags":{"aerialway":"pylon"},"relations":[],"meta":{}},"geometry":{"type":"Point","coordinates":[6.7166446,46.1536459]}},
{"type":"Feature","id":"node/10647783644","properties":{"type":"node","id":10647783644,"tags":{"aerialway":"pylon"},"relations":[],"meta":{}},"geometry":{"type":"Point","coordinates":[6.7153129,46.1549945]}},
{"type":"Feature","id":"node/10647783645","properties":{"type":"node","id":10647783645,"tags":{"aerialway":"pylon"},"relations":[],"meta":{}},"geometry":{"type":"Point","coordinates":[6.7142218,46.1561119]}},
{"type":"Feature","id":"node/10647783646","properties":{"type":"node","id":10647783646,"tags":{"aerialway":"pylon"},"relations":[],"meta":{}},"geometry":{"type":"Point","coordinates":[6.7137744,46.1566094]}},
{"type":"Feature","id":"node/10647783647","properties":{"type":"node","id":10647783647,"tags":{"aerialway":"pylon"},"relations":[],"meta":{}},"geometry":{"type":"Point","coordinates":[6.7128958,46.1574886]}},
{"type":"Feature","id":"node/10647783657","properties":{"type":"node","id":10647783657,"tags":{"aerialway":"pylon"},"relations":[],"meta":{}},"geometry":{"type":"Point","coordinates":[6.7172742,46.1530082]}},
{"type":"Feature","id":"node/10647783658","properties":{"type":"node","id":10647783658,"tags":{"aerialway":"pylon"},"relations":[],"meta":{}},"geometry":{"type":"Point","coordinates":[6.7186469,46.151676]}},
{"type":"Feature","id":"node/10647783659","properties":{"type":"node","id":10647783659,"tags":{"aerialway":"pylon"},"relations":[],"meta":{}},"geometry":{"type":"Point","coordinates":[6.7193662,46.1509364]}},
{"type":"Feature","id":"node/10647783660","properties":{"type":"node","id":10647783660,"tags":{"aerialway":"pylon"},"relations":[],"meta":{}},"geometry":{"type":"Point","coordinates":[6.7193034,46.1510007]}},
{"type":"Feature","id":"node/10647783661","properties":{"type":"node","id":10647783661,"tags":{"aerialway":"pylon"},"relations":[],"meta":{}},"geometry":{"type":"Point","coordinates":[6.7192331,46.1510727]}},
{"type":"Feature","id":"node/10647783662","properties":{"type":"node","id":10647783662,"tags":{"aerialway":"pylon"},"relations":[],"meta":{}},"geometry":{"type":"Point","coordinates":[6.7224068,46.1478214]}},
{"type":"Feature","id":"node/10647783663","properties":{"type":"node","id":10647783663,"tags":{"aerialway":"pylon"},"relations":[],"meta":{}},"geometry":{"type":"Point","coordinates":[6.7224324,46.1477949]}},
{"type":"Feature","id":"node/10647783664","properties":{"type":"node","id":10647783664,"tags":{"aerialway":"pylon"},"relations":[],"meta":{}},"geometry":{"type":"Point","coordinates":[6.7224629,46.1477631]}},
{"type":"Feature","id":"node/10647783665","properties":{"type":"node","id":10647783665,"tags":{"aerialway":"pylon"},"relations":[],"meta":{}},"geometry":{"type":"Point","coordinates":[6.7216358,46.1486218]}},
{"type":"Feature","id":"node/10647783666","properties":{"type":"node","id":10647783666,"tags":{"aerialway":"pylon"},"relations":[],"meta":{}},"geometry":{"type":"Point","coordinates":[6.7204068,46.1498704]}},
{"type":"Feature","id":"node/10648566412","properties":{"type":"node","id":10648566412,"tags":{"aerialway":"pylon"},"relations":[],"meta":{}},"geometry":{"type":"Point","coordinates":[6.7100369,46.1459195]}},
{"type":"Feature","id":"node/10770974532","properties":{"type":"node","id":10770974532,"tags":{"aerialway":"pylon"},"relations":[],"meta":{}},"geometry":{"type":"Point","coordinates":[6.7772258,46.1932337]}},
{"type":"Feature","id":"node/10770974542","properties":{"type":"node","id":10770974542,"tags":{"aerialway":"pylon"},"relations":[],"meta":{}},"geometry":{"type":"Point","coordinates":[6.7779989,46.1919712]}},
{"type":"Feature","id":"node/10770974543","properties":{"type":"node","id":10770974543,"tags":{"aerialway":"pylon"},"relations":[],"meta":{}},"geometry":{"type":"Point","coordinates":[6.7783194,46.1914478]}},
{"type":"Feature","id":"node/10989833535","properties":{"type":"node","id":10989833535,"tags":{"aerialway":"station","name":"Lac-Intrêts","public_transport":"station"},"relations":[],"meta":{}},"geometry":{"type":"Point","coordinates":[6.7794511,46.1872381]}},
{"type":"Feature","id":"node/10989833536","properties":{"type":"node","id":10989833536,"tags":{"aerialway":"station","name":"Lac-Intrêts","public_transport":"station"},"relations":[],"meta":{}},"geometry":{"type":"Point","coordinates":[6.7821348,46.1708982]}},
{"type":"Feature","id":"node/11374248862","properties":{"type":"node","id":11374248862,"tags":{"aerialway":"pylon","ref":"P7"},"relations":[],"meta":{}},"geometry":{"type":"Point","coordinates":[6.6478625,46.168477]}},
{"type":"Feature","id":"node/11374248863","properties":{"type":"node","id":11374248863,"tags":{"aerialway":"pylon","ref":"P6"},"relations":[],"meta":{}},"geometry":{"type":"Point","coordinates":[6.6484741,46.1682165]}},
{"type":"Feature","id":"node/11374248864","properties":{"type":"node","id":11374248864,"tags":{"aerialway":"pylon","ref":"P5"},"relations":[],"meta":{}},"geometry":{"type":"Point","coordinates":[6.6491105,46.1679453]}},
{"type":"Feature","id":"node/11374248865","properties":{"type":"node","id":11374248865,"tags":{"aerialway":"pylon","ref":"P4"},"relations":[],"meta":{}},"geometry":{"type":"Point","coordinates":[6.6497937,46.1676542]}},
{"type":"Feature","id":"node/11374248866","properties":{"type":"node","id":11374248866,"tags":{"aerialway":"pylon","ref":"P3"},"relations":[],"meta":{}},"geometry":{"type":"Point","coordinates":[6.6502612,46.167455]}},
{"type":"Feature","id":"node/11374248867","properties":{"type":"node","id":11374248867,"tags":{"aerialway":"pylon","ref":"P2"},"relations":[],"meta":{}},"geometry":{"type":"Point","coordinates":[6.6512039,46.1670534]}},
{"type":"Feature","id":"node/11374248868","properties":{"type":"node","id":11374248868,"tags":{"aerialway":"pylon","ref":"P1"},"relations":[],"meta":{}},"geometry":{"type":"Point","coordinates":[6.6579841,46.1655873]}},
{"type":"Feature","id":"node/11374262169","properties":{"type":"node","id":11374262169,"tags":{"aerialway":"pylon","ref":"P3"},"relations":[],"meta":{}},"geometry":{"type":"Point","coordinates":[6.6561774,46.1663647]}},
{"type":"Feature","id":"node/11374262170","properties":{"type":"node","id":11374262170,"tags":{"aerialway":"pylon","ref":"P2"},"relations":[],"meta":{}},"geometry":{"type":"Point","coordinates":[6.6570941,46.1659744]}},
{"type":"Feature","id":"node/11374262171","properties":{"type":"node","id":11374262171,"tags":{"aerialway":"pylon","ref":"P4"},"relations":[],"meta":{}},"geometry":{"type":"Point","coordinates":[6.6552841,46.1667337]}},
{"type":"Feature","id":"node/11374262172","properties":{"type":"node","id":11374262172,"tags":{"aerialway":"pylon","ref":"P5"},"relations":[],"meta":{}},"geometry":{"type":"Point","coordinates":[6.6541534,46.1672054]}},
{"type":"Feature","id":"node/11374262173","properties":{"type":"node","id":11374262173,"tags":{"aerialway":"pylon","ref":"P6"},"relations":[],"meta":{}},"geometry":{"type":"Point","coordinates":[6.6531106,46.1676545]}},
{"type":"Feature","id":"node/11374262174","properties":{"type":"node","id":11374262174,"tags":{"aerialway":"pylon","ref":"P7"},"relations":[],"meta":{}},"geometry":{"type":"Point","coordinates":[6.6518492,46.1681977]}},
{"type":"Feature","id":"node/11374262195","properties":{"type":"node","id":11374262195,"tags":{"aerialway":"pylon","ref":"P9"},"relations":[],"meta":{}},"geometry":{"type":"Point","coordinates":[6.651139,46.1693531]}},
{"type":"Feature","id":"node/11374262196","properties":{"type":"node","id":11374262196,"tags":{"aerialway":"pylon","ref":"P11"},"relations":[],"meta":{}},"geometry":{"type":"Point","coordinates":[6.6510462,46.1695952]}},
{"type":"Feature","id":"node/11374262197","properties":{"type":"node","id":11374262197,"tags":{"aerialway":"pylon","ref":"P4"},"relations":[],"meta":{}},"geometry":{"type":"Point","coordinates":[6.6568904,46.1673906]}},
{"type":"Feature","id":"node/11374262202","properties":{"type":"node","id":11374262202,"tags":{"aerialway":"pylon","ref":"P2"},"relations":[],"meta":{}},"geometry":{"type":"Point","coordinates":[6.6333802,46.1707169]}},
{"type":"Feature","id":"node/11374453400","properties":{"type":"node","id":11374453400,"tags":{"aerialway":"pylon"},"relations":[],"meta":{}},"geometry":{"type":"Point","coordinates":[6.6685118,46.1562241]}},
{"type":"Feature","id":"node/11374453401","properties":{"type":"node","id":11374453401,"tags":{"aerialway":"pylon"},"relations":[],"meta":{}},"geometry":{"type":"Point","coordinates":[6.6692535,46.1556775]}},
{"type":"Feature","id":"node/11374453402","properties":{"type":"node","id":11374453402,"tags":{"aerialway":"pylon"},"relations":[],"meta":{}},"geometry":{"type":"Point","coordinates":[6.6680486,46.1565391]}},
{"type":"Feature","id":"node/11377431764","properties":{"type":"node","id":11377431764,"tags":{"aerialway":"pylon"},"relations":[],"meta":{}},"geometry":{"type":"Point","coordinates":[6.6868594,46.1457438]}},
{"type":"Feature","id":"node/11377431765","properties":{"type":"node","id":11377431765,"tags":{"aerialway":"pylon"},"relations":[],"meta":{}},"geometry":{"type":"Point","coordinates":[6.6867036,46.1461895]}},
{"type":"Feature","id":"node/11377431766","properties":{"type":"node","id":11377431766,"tags":{"aerialway":"pylon"},"relations":[],"meta":{}},"geometry":{"type":"Point","coordinates":[6.6864751,46.146772]}},
{"type":"Feature","id":"node/11378280585","properties":{"type":"node","id":11378280585,"tags":{"aerialway":"pylon"},"relations":[],"meta":{}},"geometry":{"type":"Point","coordinates":[6.7696362,46.1914854]}},
{"type":"Feature","id":"node/11378280586","properties":{"type":"node","id":11378280586,"tags":{"aerialway":"pylon"},"relations":[],"meta":{}},"geometry":{"type":"Point","coordinates":[6.7691193,46.1917316]}},
{"type":"Feature","id":"node/11378280587","properties":{"type":"node","id":11378280587,"tags":{"aerialway":"pylon"},"relations":[],"meta":{}},"geometry":{"type":"Point","coordinates":[6.7687067,46.1919282]}},
{"type":"Feature","id":"node/11378280588","properties":{"type":"node","id":11378280588,"tags":{"aerialway":"pylon"},"relations":[],"meta":{}},"geometry":{"type":"Point","coordinates":[6.768259,46.1921415]}},
{"type":"Feature","id":"node/11378280618","properties":{"type":"node","id":11378280618,"tags":{"aerialway":"pylon"},"relations":[],"meta":{}},"geometry":{"type":"Point","coordinates":[6.779225,46.2065953]}},
{"type":"Feature","id":"node/11378280619","properties":{"type":"node","id":11378280619,"tags":{"aerialway":"pylon"},"relations":[],"meta":{}},"geometry":{"type":"Point","coordinates":[6.7811133,46.2062848]}},
{"type":"Feature","id":"node/11378471446","properties":{"type":"node","id":11378471446,"tags":{"aerialway":"pylon"},"relations":[],"meta":{}},"geometry":{"type":"Point","coordinates":[6.6705936,46.1567271]}},
{"type":"Feature","id":"node/11378471447","properties":{"type":"node","id":11378471447,"tags":{"aerialway":"pylon"},"relations":[],"meta":{}},"geometry":{"type":"Point","coordinates":[6.6714885,46.1563716]}},
{"type":"Feature","id":"node/11378471450","properties":{"type":"node","id":11378471450,"tags":{"aerialway":"pylon"},"relations":[],"meta":{}},"geometry":{"type":"Point","coordinates":[6.6722963,46.1555246]}},
{"type":"Feature","id":"node/11378471451","properties":{"type":"node","id":11378471451,"tags":{"aerialway":"pylon"},"relations":[],"meta":{}},"geometry":{"type":"Point","coordinates":[6.6708943,46.1560881]}},
{"type":"Feature","id":"node/11378471452","properties":{"type":"node","id":11378471452,"tags":{"aerialway":"pylon"},"relations":[],"meta":{}},"geometry":{"type":"Point","coordinates":[6.6698798,46.1564958]}},
{"type":"Feature","id":"node/11378471453","properties":{"type":"node","id":11378471453,"tags":{"aerialway":"pylon"},"relations":[],"meta":{}},"geometry":{"type":"Point","coordinates":[6.6783768,46.1530984]}},
{"type":"Feature","id":"node/11378471454","properties":{"type":"node","id":11378471454,"tags":{"aerialway":"pylon"},"relations":[],"meta":{}},"geometry":{"type":"Point","coordinates":[6.6793244,46.152724]}},
{"type":"Feature","id":"node/11378471455","properties":{"type":"node","id":11378471455,"tags":{"aerialway":"pylon"},"relations":[],"meta":{}},"geometry":{"type":"Point","coordinates":[6.6818618,46.1517157]}},
{"type":"Feature","id":"node/11378471456","properties":{"type":"node","id":11378471456,"tags":{"aerialway":"pylon"},"relations":[],"meta":{}},"geometry":{"type":"Point","coordinates":[6.6831641,46.1512018]}},
{"type":"Feature","id":"node/11378471457","properties":{"type":"node","id":11378471457,"tags":{"aerialway":"pylon"},"relations":[],"meta":{}},"geometry":{"type":"Point","coordinates":[6.6850658,46.1504433]}},
{"type":"Feature","id":"node/11378471458","properties":{"type":"node","id":11378471458,"tags":{"aerialway":"pylon"},"relations":[],"meta":{}},"geometry":{"type":"Point","coordinates":[6.6712407,46.1582877]}},
{"type":"Feature","id":"node/11378471459","properties":{"type":"node","id":11378471459,"tags":{"aerialway":"pylon"},"relations":[],"meta":{}},"geometry":{"type":"Point","coordinates":[6.6716523,46.1579976]}},
{"type":"Feature","id":"node/11378542020","properties":{"type":"node","id":11378542020,"tags":{"aerialway":"pylon","ref":"P8"},"relations":[],"meta":{}},"geometry":{"type":"Point","coordinates":[6.6513742,46.168391]}},
{"type":"Feature","id":"node/11378542054","properties":{"type":"node","id":11378542054,"tags":{"aerialway":"pylon","ref":"P8"},"relations":[],"meta":{}},"geometry":{"type":"Point","coordinates":[6.6921614,46.1471251]}},
{"type":"Feature","id":"node/11378542055","properties":{"type":"node","id":11378542055,"tags":{"aerialway":"pylon","ref":"P15"},"relations":[],"meta":{}},"geometry":{"type":"Point","coordinates":[6.6954769,46.1415082]}},
{"type":"Feature","id":"node/11378542056","properties":{"type":"node","id":11378542056,"tags":{"aerialway":"pylon"},"relations":[],"meta":{}},"geometry":{"type":"Point","coordinates":[6.6873472,46.1456912]}},
{"type":"Feature","id":"node/11378542057","properties":{"type":"node","id":11378542057,"tags":{"aerialway":"pylon"},"relations":[],"meta":{}},"geometry":{"type":"Point","coordinates":[6.6883466,46.1457255]}},
{"type":"Feature","id":"node/11378542058","properties":{"type":"node","id":11378542058,"tags":{"aerialway":"pylon"},"relations":[],"meta":{}},"geometry":{"type":"Point","coordinates":[6.6892548,46.1457566]}},
{"type":"Feature","id":"node/11378542059","properties":{"type":"node","id":11378542059,"tags":{"aerialway":"pylon","ref":"P1"},"relations":[],"meta":{}},"geometry":{"type":"Point","coordinates":[6.658806,46.1489459]}},
{"type":"Feature","id":"node/11378542060","properties":{"type":"node","id":11378542060,"tags":{"aerialway":"pylon","ref":"P2"},"relations":[],"meta":{}},"geometry":{"type":"Point","coordinates":[6.6596215,46.14846]}},
{"type":"Feature","id":"node/11378542061","properties":{"type":"node","id":11378542061,"tags":{"aerialway":"pylon","ref":"P3"},"relations":[],"meta":{}},"geometry":{"type":"Point","coordinates":[6.6602083,46.1481104]}},
{"type":"Feature","id":"node/11378542064","properties":{"type":"node","id":11378542064,"tags":{"aerialway":"pylon","ref":"P5"},"relations":[],"meta":{}},"geometry":{"type":"Point","coordinates":[6.6613532,46.1474691]}},
{"type":"Feature","id":"node/11378542065","properties":{"type":"node","id":11378542065,"tags":{"aerialway":"pylon","ref":"P6"},"relations":[],"meta":{}},"geometry":{"type":"Point","coordinates":[6.6621632,46.1470678]}},
{"type":"Feature","id":"node/11378542066","properties":{"type":"node","id":11378542066,"tags":{"aerialway":"pylon","ref":"P7"},"relations":[],"meta":{}},"geometry":{"type":"Point","coordinates":[6.6626972,46.1467671]}},
{"type":"Feature","id":"node/11378542067","properties":{"type":"node","id":11378542067,"tags":{"aerialway":"station","ele":"1252","public_transport":"station"},"relations":[],"meta":{}},"geometry":{"type":"Point","coordinates":[6.6628625,46.1466729]}},
{"type":"Feature","id":"node/11378673883","properties":{"type":"node","id":11378673883,"tags":{"aerialway":"pylon"},"relations":[],"meta":{}},"geometry":{"type":"Point","coordinates":[6.7920425,46.1783572]}},
{"type":"Feature","id":"node/11378673884","properties":{"type":"node","id":11378673884,"tags":{"aerialway":"pylon"},"relations":[],"meta":{}},"geometry":{"type":"Point","coordinates":[6.7919811,46.1782939]}},
{"type":"Feature","id":"node/11378673885","properties":{"type":"node","id":11378673885,"tags":{"aerialway":"pylon"},"relations":[],"meta":{}},"geometry":{"type":"Point","coordinates":[6.793415,46.1778256]}},
{"type":"Feature","id":"node/11378673886","properties":{"type":"node","id":11378673886,"tags":{"aerialway":"pylon"},"relations":[],"meta":{}},"geometry":{"type":"Point","coordinates":[6.7933383,46.1777717]}},
{"type":"Feature","id":"node/11378673887","properties":{"type":"node","id":11378673887,"tags":{"aerialway":"pylon"},"relations":[],"meta":{}},"geometry":{"type":"Point","coordinates":[6.7941271,46.1775497]}},
{"type":"Feature","id":"node/11378673888","properties":{"type":"node","id":11378673888,"tags":{"aerialway":"pylon"},"relations":[],"meta":{}},"geometry":{"type":"Point","coordinates":[6.7940803,46.1774862]}},
{"type":"Feature","id":"node/11378673889","properties":{"type":"node","id":11378673889,"tags":{"aerialway":"pylon"},"relations":[],"meta":{}},"geometry":{"type":"Point","coordinates":[6.7954912,46.1770213]}},
{"type":"Feature","id":"node/11378673890","properties":{"type":"node","id":11378673890,"tags":{"aerialway":"pylon"},"relations":[],"meta":{}},"geometry":{"type":"Point","coordinates":[6.7954456,46.1769609]}},
{"type":"Feature","id":"node/11378673891","properties":{"type":"node","id":11378673891,"tags":{"aerialway":"pylon"},"relations":[],"meta":{}},"geometry":{"type":"Point","coordinates":[6.7964555,46.1766478]}},
{"type":"Feature","id":"node/11378673892","properties":{"type":"node","id":11378673892,"tags":{"aerialway":"pylon"},"relations":[],"meta":{}},"geometry":{"type":"Point","coordinates":[6.7964169,46.1765872]}},
{"type":"Feature","id":"node/11378673893","properties":{"type":"node","id":11378673893,"tags":{"aerialway":"pylon"},"relations":[],"meta":{}},"geometry":{"type":"Point","coordinates":[6.7983048,46.1759314]}},
{"type":"Feature","id":"node/11378673894","properties":{"type":"node","id":11378673894,"tags":{"aerialway":"pylon"},"relations":[],"meta":{}},"geometry":{"type":"Point","coordinates":[6.7982633,46.1758768]}},
{"type":"Feature","id":"node/11378673895","properties":{"type":"node","id":11378673895,"tags":{"aerialway":"pylon"},"relations":[],"meta":{}},"geometry":{"type":"Point","coordinates":[6.7991487,46.1756044]}},
{"type":"Feature","id":"node/11378673896","properties":{"type":"node","id":11378673896,"tags":{"aerialway":"pylon"},"relations":[],"meta":{}},"geometry":{"type":"Point","coordinates":[6.7999688,46.1752867]}},
{"type":"Feature","id":"node/11378673897","properties":{"type":"node","id":11378673897,"tags":{"aerialway":"pylon"},"relations":[],"meta":{}},"geometry":{"type":"Point","coordinates":[6.7999291,46.1752359]}},
{"type":"Feature","id":"node/11378673898","properties":{"type":"node","id":11378673898,"tags":{"aerialway":"pylon"},"relations":[],"meta":{}},"geometry":{"type":"Point","coordinates":[6.7991084,46.1755517]}},
{"type":"Feature","id":"node/11378673899","properties":{"type":"node","id":11378673899,"tags":{"aerialway":"pylon"},"relations":[],"meta":{}},"geometry":{"type":"Point","coordinates":[6.7972401,46.1763438]}},
{"type":"Feature","id":"node/11378673900","properties":{"type":"node","id":11378673900,"tags":{"aerialway":"pylon"},"relations":[],"meta":{}},"geometry":{"type":"Point","coordinates":[6.7971672,46.1762985]}},
{"type":"Feature","id":"node/11378673901","properties":{"type":"node","id":11378673901,"tags":{"aerialway":"pylon"},"relations":[],"meta":{}},"geometry":{"type":"Point","coordinates":[6.8009743,46.1748972]}},
{"type":"Feature","id":"node/11378673902","properties":{"type":"node","id":11378673902,"tags":{"aerialway":"pylon"},"relations":[],"meta":{}},"geometry":{"type":"Point","coordinates":[6.8009352,46.1748487]}},
{"type":"Feature","id":"node/11378673903","properties":{"type":"node","id":11378673903,"tags":{"aerialway":"pylon"},"relations":[],"meta":{}},"geometry":{"type":"Point","coordinates":[6.8017401,46.1746005]}},
{"type":"Feature","id":"node/11378673904","properties":{"type":"node","id":11378673904,"tags":{"aerialway":"pylon"},"relations":[],"meta":{}},"geometry":{"type":"Point","coordinates":[6.8017115,46.17455]}},
{"type":"Feature","id":"node/11378673905","properties":{"type":"node","id":11378673905,"tags":{"aerialway":"pylon"},"relations":[],"meta":{}},"geometry":{"type":"Point","coordinates":[6.8025059,46.1743039]}},
{"type":"Feature","id":"node/11378673906","properties":{"type":"node","id":11378673906,"tags":{"aerialway":"pylon"},"relations":[],"meta":{}},"geometry":{"type":"Point","coordinates":[6.8024753,46.1742561]}},
{"type":"Feature","id":"node/11378673907","properties":{"type":"node","id":11378673907,"tags":{"aerialway":"pylon"},"relations":[],"meta":{}},"geometry":{"type":"Point","coordinates":[6.8032275,46.1740243]}},
{"type":"Feature","id":"node/11378673908","properties":{"type":"node","id":11378673908,"tags":{"aerialway":"pylon"},"relations":[],"meta":{}},"geometry":{"type":"Point","coordinates":[6.8037234,46.1738322]}},
{"type":"Feature","id":"node/11378673909","properties":{"type":"node","id":11378673909,"tags":{"aerialway":"pylon"},"relations":[],"meta":{}},"geometry":{"type":"Point","coordinates":[6.803197,46.1739785]}},
{"type":"Feature","id":"node/11378673910","properties":{"type":"node","id":11378673910,"tags":{"aerialway":"pylon"},"relations":[],"meta":{}},"geometry":{"type":"Point","coordinates":[6.8036963,46.1737863]}},
{"type":"Feature","id":"node/11378673911","properties":{"type":"node","id":11378673911,"tags":{"aerialway":"pylon"},"relations":[],"meta":{}},"geometry":{"type":"Point","coordinates":[6.8046029,46.1734915]}},
{"type":"Feature","id":"node/11378673912","properties":{"type":"node","id":11378673912,"tags":{"aerialway":"pylon"},"relations":[],"meta":{}},"geometry":{"type":"Point","coordinates":[6.8045649,46.1734521]}},
{"type":"Feature","id":"node/11379546916","properties":{"type":"node","id":11379546916,"tags":{"aerialway":"pylon"},"relations":[],"meta":{}},"geometry":{"type":"Point","coordinates":[6.6471883,46.1687502]}},
{"type":"Feature","id":"node/11379582530","properties":{"type":"node","id":11379582530,"tags":{"aerialway":"pylon","ref":"P1"},"relations":[],"meta":{}},"geometry":{"type":"Point","coordinates":[6.6521216,46.1666624]}},
{"type":"Feature","id":"node/11379582562","properties":{"type":"node","id":11379582562,"tags":{"aerialway":"pylon","ref":"P1"},"relations":[],"meta":{}},"geometry":{"type":"Point","coordinates":[6.6599107,46.1663419]}},
{"type":"Feature","id":"node/11380523564","properties":{"type":"node","id":11380523564,"tags":{"aerialway":"pylon","ref":"P1"},"relations":[],"meta":{}},"geometry":{"type":"Point","coordinates":[6.7389268,46.1951627]}},
{"type":"Feature","id":"node/11380523565","properties":{"type":"node","id":11380523565,"tags":{"aerialway":"pylon","ref":"P2"},"relations":[],"meta":{}},"geometry":{"type":"Point","coordinates":[6.7377419,46.1953551]}},
{"type":"Feature","id":"node/11380523566","properties":{"type":"node","id":11380523566,"tags":{"aerialway":"pylon","ref":"P3"},"relations":[],"meta":{}},"geometry":{"type":"Point","coordinates":[6.7367643,46.1955138]}},
{"type":"Feature","id":"node/11380523567","properties":{"type":"node","id":11380523567,"tags":{"aerialway":"pylon","ref":"P4"},"relations":[],"meta":{}},"geometry":{"type":"Point","coordinates":[6.7360339,46.1956324]}},
{"type":"Feature","id":"node/11380523568","properties":{"type":"node","id":11380523568,"tags":{"aerialway":"pylon","ref":"P5"},"relations":[],"meta":{}},"geometry":{"type":"Point","coordinates":[6.7355312,46.195714]}},
{"type":"Feature","id":"node/11384318608","properties":{"type":"node","id":11384318608,"tags":{"aerialway":"pylon","ref":"P1"},"relations":[],"meta":{}},"geometry":{"type":"Point","coordinates":[6.6331111,46.1707573]}},
{"type":"Feature","id":"node/11384318609","properties":{"type":"node","id":11384318609,"tags":{"aerialway":"pylon","ref":"P14"},"relations":[],"meta":{}},"geometry":{"type":"Point","coordinates":[6.6466937,46.168701]}},
{"type":"Feature","id":"node/11384318610","properties":{"type":"node","id":11384318610,"tags":{"aerialway":"pylon","ref":"P16"},"relations":[],"meta":{}},"geometry":{"type":"Point","coordinates":[6.6468912,46.1686686]}},
{"type":"Feature","id":"node/11384318611","properties":{"type":"node","id":11384318611,"tags":{"aerialway":"pylon","ref":"P15"},"relations":[],"meta":{}},"geometry":{"type":"Point","coordinates":[6.6467838,46.1686863]}},
{"type":"Feature","id":"node/11384351094","properties":{"type":"node","id":11384351094,"tags":{"aerialway":"pylon","ref":"P2"},"relations":[],"meta":{}},"geometry":{"type":"Point","coordinates":[6.6575279,46.1645829]}},
{"type":"Feature","id":"node/11384351095","properties":{"type":"node","id":11384351095,"tags":{"aerialway":"pylon","ref":"P1"},"relations":[],"meta":{}},"geometry":{"type":"Point","coordinates":[6.6576035,46.1645562]}},
{"type":"Feature","id":"node/11384351101","properties":{"type":"node","id":11384351101,"tags":{"aerialway":"pylon","ref":"P4"},"relations":[],"meta":{}},"geometry":{"type":"Point","coordinates":[6.6579906,46.1714371]}},
{"type":"Feature","id":"node/11384404069","properties":{"type":"node","id":11384404069,"tags":{"aerialway":"pylon","ref":"P1"},"relations":[],"meta":{}},"geometry":{"type":"Point","coordinates":[6.6694823,46.1608871]}},
{"type":"Feature","id":"node/11420876037","properties":{"type":"node","id":11420876037,"tags":{"addr:city":"Les Gets","addr:housenumber":"2673","addr:postcode":"74260","addr:street":"Route des Grandes Alpes"},"relations":[],"meta":{}},"geometry":{"type":"Point","coordinates":[6.6700906,46.1607395]}},
{"type":"Feature","id":"node/11433125871","properties":{"type":"node","id":11433125871,"tags":{"access":"customers","amenity":"charging_station","capacity":"2","fee":"no","manufacturer":"Tesla","maxstay":"10 hours","motorcar":"yes","operator":"Les Gets","socket:type2":"2","socket:type2:output":"11 kW","socket:type2_cable":"2"},"relations":[],"meta":{}},"geometry":{"type":"Point","coordinates":[6.6695341,46.1607913]}},
{"type":"Feature","id":"node/11459569214","properties":{"type":"node","id":11459569214,"tags":{"aerialway":"pylon"},"relations":[],"meta":{}},"geometry":{"type":"Point","coordinates":[6.797724,46.2268644]}},
{"type":"Feature","id":"node/11459569215","properties":{"type":"node","id":11459569215,"tags":{"aerialway":"pylon"},"relations":[],"meta":{}},"geometry":{"type":"Point","coordinates":[6.7975784,46.226298]}},
{"type":"Feature","id":"node/11459569216","properties":{"type":"node","id":11459569216,"tags":{"aerialway":"pylon"},"relations":[],"meta":{}},"geometry":{"type":"Point","coordinates":[6.7974485,46.2257693]}},
{"type":"Feature","id":"node/11459569217","properties":{"type":"node","id":11459569217,"tags":{"aerialway":"pylon"},"relations":[],"meta":{}},"geometry":{"type":"Point","coordinates":[6.7973775,46.2253935]}},
{"type":"Feature","id":"node/11459569218","properties":{"type":"node","id":11459569218,"tags":{"aerialway":"pylon"},"relations":[],"meta":{}},"geometry":{"type":"Point","coordinates":[6.7979045,46.2275942]}},
{"type":"Feature","id":"node/11459569219","properties":{"type":"node","id":11459569219,"tags":{"aerialway":"pylon"},"relations":[],"meta":{}},"geometry":{"type":"Point","coordinates":[6.7981114,46.2283724]}},
{"type":"Feature","id":"node/11497144289","properties":{"type":"node","id":11497144289,"tags":{"aerialway":"pylon","ref":"P1"},"relations":[],"meta":{}},"geometry":{"type":"Point","coordinates":[6.6837781,46.1368646]}},
{"type":"Feature","id":"node/11497144290","properties":{"type":"node","id":11497144290,"tags":{"aerialway":"pylon","ref":"P1"},"relations":[],"meta":{}},"geometry":{"type":"Point","coordinates":[6.6829201,46.1362668]}},
{"type":"Feature","id":"node/11497144291","properties":{"type":"node","id":11497144291,"tags":{"aerialway":"pylon","ref":"P1"},"relations":[],"meta":{}},"geometry":{"type":"Point","coordinates":[6.683243,46.135912]}},
{"type":"Feature","id":"node/11497144292","properties":{"type":"node","id":11497144292,"tags":{"aerialway":"pylon","ref":"P2"},"relations":[],"meta":{}},"geometry":{"type":"Point","coordinates":[6.6831775,46.1358411]}},
{"type":"Feature","id":"node/11497144293","properties":{"type":"node","id":11497144293,"tags":{"aerialway":"pylon","ref":"P10"},"relations":[],"meta":{}},"geometry":{"type":"Point","coordinates":[6.6793435,46.1313095]}},
{"type":"Feature","id":"node/11500236756","properties":{"type":"node","id":11500236756,"tags":{"aerialway":"pylon","ref":"P4"},"relations":[],"meta":{}},"geometry":{"type":"Point","coordinates":[6.7727108,46.1971078]}},
{"type":"Feature","id":"node/11500236757","properties":{"type":"node","id":11500236757,"tags":{"aerialway":"pylon","ref":"P3"},"relations":[],"meta":{}},"geometry":{"type":"Point","coordinates":[6.7720183,46.19692]}},
{"type":"Feature","id":"node/11500236758","properties":{"type":"node","id":11500236758,"tags":{"aerialway":"pylon","ref":"P2"},"relations":[],"meta":{}},"geometry":{"type":"Point","coordinates":[6.7709589,46.1966326]}},
{"type":"Feature","id":"node/11500236759","properties":{"type":"node","id":11500236759,"tags":{"aerialway":"pylon","ref":"P1"},"relations":[],"meta":{}},"geometry":{"type":"Point","coordinates":[6.7525327,46.1952089]}},
{"type":"Feature","id":"node/11500236760","properties":{"type":"node","id":11500236760,"tags":{"aerialway":"pylon","ref":"P1"},"relations":[],"meta":{}},"geometry":{"type":"Point","coordinates":[6.7509086,46.1957305]}},
{"type":"Feature","id":"node/11500236761","properties":{"type":"node","id":11500236761,"tags":{"aerialway":"pylon","ref":"P2"},"relations":[],"meta":{}},"geometry":{"type":"Point","coordinates":[6.7500855,46.195947]}},
{"type":"Feature","id":"node/11688129638","properties":{"type":"node","id":11688129638,"tags":{"aerialway":"pylon"},"relations":[],"meta":{}},"geometry":{"type":"Point","coordinates":[6.8611468,46.2254921]}},
{"type":"Feature","id":"node/11688245412","properties":{"type":"node","id":11688245412,"tags":{"aerialway":"pylon"},"relations":[],"meta":{}},"geometry":{"type":"Point","coordinates":[6.8479471,46.1987085]}},
{"type":"Feature","id":"node/11817232825","properties":{"type":"node","id":11817232825,"tags":{"aerialway":"pylon"},"relations":[],"meta":{}},"geometry":{"type":"Point","coordinates":[6.8511278,46.3052499]}},
{"type":"Feature","id":"node/12047632402","properties":{"type":"node","id":12047632402,"tags":{"aerialway":"pylon"},"relations":[],"meta":{}},"geometry":{"type":"Point","coordinates":[6.782052,46.1712628]}},
{"type":"Feature","id":"node/12047632403","properties":{"type":"node","id":12047632403,"tags":{"aerialway":"pylon"},"relations":[],"meta":{}},"geometry":{"type":"Point","coordinates":[6.7819242,46.1720686]}},
{"type":"Feature","id":"node/12047632404","properties":{"type":"node","id":12047632404,"tags":{"aerialway":"pylon"},"relations":[],"meta":{}},"geometry":{"type":"Point","coordinates":[6.7817468,46.1731265]}},
{"type":"Feature","id":"node/12047632405","properties":{"type":"node","id":12047632405,"tags":{"aerialway":"pylon"},"relations":[],"meta":{}},"geometry":{"type":"Point","coordinates":[6.7814453,46.1748884]}},
{"type":"Feature","id":"node/12047632406","properties":{"type":"node","id":12047632406,"tags":{"aerialway":"pylon"},"relations":[],"meta":{}},"geometry":{"type":"Point","coordinates":[6.7812953,46.1758373]}},
{"type":"Feature","id":"node/12047632407","properties":{"type":"node","id":12047632407,"tags":{"aerialway":"pylon"},"relations":[],"meta":{}},"geometry":{"type":"Point","coordinates":[6.7810074,46.1776583]}},
{"type":"Feature","id":"node/12047632408","properties":{"type":"node","id":12047632408,"tags":{"aerialway":"pylon"},"relations":[],"meta":{}},"geometry":{"type":"Point","coordinates":[6.7808362,46.1787414]}},
{"type":"Feature","id":"node/12047632409","properties":{"type":"node","id":12047632409,"tags":{"aerialway":"pylon"},"relations":[],"meta":{}},"geometry":{"type":"Point","coordinates":[6.7807019,46.179481]}},
{"type":"Feature","id":"node/12047632410","properties":{"type":"node","id":12047632410,"tags":{"aerialway":"pylon"},"relations":[],"meta":{}},"geometry":{"type":"Point","coordinates":[6.7804749,46.1808984]}},
{"type":"Feature","id":"node/12047632411","properties":{"type":"node","id":12047632411,"tags":{"aerialway":"pylon"},"relations":[],"meta":{}},"geometry":{"type":"Point","coordinates":[6.7795002,46.1895192]}},
{"type":"Feature","id":"node/12047632412","properties":{"type":"node","id":12047632412,"tags":{"aerialway":"pylon"},"relations":[],"meta":{}},"geometry":{"type":"Point","coordinates":[6.7800387,46.1886397]}},
{"type":"Feature","id":"node/12047632414","properties":{"type":"node","id":12047632414,"tags":{"aerialway":"pylon"},"relations":[],"meta":{}},"geometry":{"type":"Point","coordinates":[6.7796038,46.186319]}},
{"type":"Feature","id":"node/12047632415","properties":{"type":"node","id":12047632415,"tags":{"aerialway":"pylon"},"relations":[],"meta":{}},"geometry":{"type":"Point","coordinates":[6.7798135,46.185024]}},
{"type":"Feature","id":"node/12047632417","properties":{"type":"node","id":12047632417,"tags":{"aerialway":"pylon"},"relations":[],"meta":{}},"geometry":{"type":"Point","coordinates":[6.7800351,46.1836739]}},
{"type":"Feature","id":"node/12047632418","properties":{"type":"node","id":12047632418,"tags":{"aerialway":"pylon"},"relations":[],"meta":{}},"geometry":{"type":"Point","coordinates":[6.7800829,46.1831369]}},
{"type":"Feature","id":"node/12047632419","properties":{"type":"node","id":12047632419,"tags":{"aerialway":"pylon"},"relations":[],"meta":{}},"geometry":{"type":"Point","coordinates":[6.7802722,46.1822813]}},
{"type":"Feature","id":"node/12094161153","properties":{"type":"node","id":12094161153,"tags":{"aerialway":"pylon"},"relations":[],"meta":{}},"geometry":{"type":"Point","coordinates":[6.8548553,46.241589]}},
{"type":"Feature","id":"node/12094161154","properties":{"type":"node","id":12094161154,"tags":{"aerialway":"pylon"},"relations":[],"meta":{}},"geometry":{"type":"Point","coordinates":[6.8544813,46.2413111]}},
{"type":"Feature","id":"node/12094161155","properties":{"type":"node","id":12094161155,"tags":{"aerialway":"pylon"},"relations":[],"meta":{}},"geometry":{"type":"Point","coordinates":[6.8543927,46.2412485]}},
{"type":"Feature","id":"node/12098576174","properties":{"type":"node","id":12098576174,"tags":{"aerialway":"pylon"},"relations":[],"meta":{}},"geometry":{"type":"Point","coordinates":[6.6715303,46.1379534]}},
{"type":"Feature","id":"node/12139633039","properties":{"type":"node","id":12139633039,"tags":{"aerialway":"pylon"},"relations":[],"meta":{}},"geometry":{"type":"Point","coordinates":[6.7302452,46.2620143]}},
{"type":"Feature","id":"node/12203546777","properties":{"type":"node","id":12203546777,"tags":{"aerialway":"pylon"},"relations":[],"meta":{}},"geometry":{"type":"Point","coordinates":[6.8715325,46.2182]}},
{"type":"Feature","id":"node/12203546778","properties":{"type":"node","id":12203546778,"tags":{"aerialway":"pylon"},"relations":[],"meta":{}},"geometry":{"type":"Point","coordinates":[6.8508987,46.2170173]}},
{"type":"Feature","id":"node/12203594464","properties":{"type":"node","id":12203594464,"tags":{"aerialway":"pylon"},"relations":[],"meta":{}},"geometry":{"type":"Point","coordinates":[6.864759,46.2058163]}},
{"type":"Feature","id":"node/12203594465","properties":{"type":"node","id":12203594465,"tags":{"aerialway":"pylon"},"relations":[],"meta":{}},"geometry":{"type":"Point","coordinates":[6.8641704,46.2058356]}},
{"type":"Feature","id":"node/12203594466","properties":{"type":"node","id":12203594466,"tags":{"aerialway":"pylon"},"relations":[],"meta":{}},"geometry":{"type":"Point","coordinates":[6.8630841,46.2058712]}},
{"type":"Feature","id":"node/12203594467","properties":{"type":"node","id":12203594467,"tags":{"aerialway":"pylon"},"relations":[],"meta":{}},"geometry":{"type":"Point","coordinates":[6.8616195,46.2059193]}},
{"type":"Feature","id":"node/12203594468","properties":{"type":"node","id":12203594468,"tags":{"aerialway":"pylon"},"relations":[],"meta":{}},"geometry":{"type":"Point","coordinates":[6.8603734,46.2059602]}},
{"type":"Feature","id":"node/12203594469","properties":{"type":"node","id":12203594469,"tags":{"aerialway":"pylon"},"relations":[],"meta":{}},"geometry":{"type":"Point","coordinates":[6.8590402,46.2060039]}},
{"type":"Feature","id":"node/12203594470","properties":{"type":"node","id":12203594470,"tags":{"aerialway":"pylon"},"relations":[],"meta":{}},"geometry":{"type":"Point","coordinates":[6.8585135,46.2060212]}},
{"type":"Feature","id":"node/12203594593","properties":{"type":"node","id":12203594593,"tags":{"aerialway":"pylon"},"relations":[],"meta":{}},"geometry":{"type":"Point","coordinates":[6.85617,46.2060394]}},
{"type":"Feature","id":"node/12324471389","properties":{"type":"node","id":12324471389,"tags":{"aerialway":"pylon"},"relations":[],"meta":{}},"geometry":{"type":"Point","coordinates":[6.8470753,46.27043]}},
{"type":"Feature","id":"node/12324471390","properties":{"type":"node","id":12324471390,"tags":{"aerialway":"pylon"},"relations":[],"meta":{}},"geometry":{"type":"Point","coordinates":[6.8471712,46.2704265]}},
{"type":"Feature","id":"node/12324471391","properties":{"type":"node","id":12324471391,"tags":{"aerialway":"pylon"},"relations":[],"meta":{}},"geometry":{"type":"Point","coordinates":[6.8483866,46.2703891]}},
{"type":"Feature","id":"node/12324471392","properties":{"type":"node","id":12324471392,"tags":{"aerialway":"pylon"},"relations":[],"meta":{}},"geometry":{"type":"Point","coordinates":[6.8506663,46.2703032]}},
{"type":"Feature","id":"node/12324471393","properties":{"type":"node","id":12324471393,"tags":{"aerialway":"pylon"},"relations":[],"meta":{}},"geometry":{"type":"Point","coordinates":[6.8535597,46.2702061]}},
{"type":"Feature","id":"node/12324471399","properties":{"type":"node","id":12324471399,"tags":{"aerialway":"pylon"},"relations":[],"meta":{}},"geometry":{"type":"Point","coordinates":[6.855505,46.2701346]}},
{"type":"Feature","id":"node/12324471400","properties":{"type":"node","id":12324471400,"tags":{"aerialway":"pylon"},"relations":[],"meta":{}},"geometry":{"type":"Point","coordinates":[6.8596241,46.2700015]}},
{"type":"Feature","id":"node/12324530101","properties":{"type":"node","id":12324530101,"tags":{"aerialway":"pylon"},"relations":[],"meta":{}},"geometry":{"type":"Point","coordinates":[6.8610882,46.2699443]}},
{"type":"Feature","id":"node/12324530102","properties":{"type":"node","id":12324530102,"tags":{"aerialway":"pylon"},"relations":[],"meta":{}},"geometry":{"type":"Point","coordinates":[6.8614236,46.269934]}},
{"type":"Feature","id":"node/12324530103","properties":{"type":"node","id":12324530103,"tags":{"aerialway":"pylon"},"relations":[],"meta":{}},"geometry":{"type":"Point","coordinates":[6.8616874,46.2699248]}},
{"type":"Feature","id":"node/12324530104","properties":{"type":"node","id":12324530104,"tags":{"aerialway":"pylon"},"relations":[],"meta":{}},"geometry":{"type":"Point","coordinates":[6.8622244,46.2699077]}},
{"type":"Feature","id":"node/12324530105","properties":{"type":"node","id":12324530105,"tags":{"aerialway":"pylon"},"relations":[],"meta":{}},"geometry":{"type":"Point","coordinates":[6.86233,46.2699044]}},
{"type":"Feature","id":"node/12407617761","properties":{"type":"node","id":12407617761,"tags":{"aerialway":"station","aerialway:access":"exit","name":"École","public_transport":"station"},"relations":[],"meta":{}},"geometry":{"type":"Point","coordinates":[6.7296345,46.3757555]}}
]
}
