{"type": "FeatureCollection", "features":[
{"type":"Feature","properties":{"type":"lift","liftType":"chair_lift","status":"operating","name":"Crosets","oneway":null,"ref":null,"description":null,"occupancy":8,"capacity":4000,"duration":null,"bubble":null,"heating":null,"color":"hsl(0, 82%, 42%)","skiAreas":[],"sources":[{"type":"openstreetmap","id":"way/8215532"}],"location":null,"websites":[],"id":"15d5b5e3dfabfed822bf91a845d6561299d8624d"},"geometry":{"type":"LineString","coordinates":[[6.8346732,46.1835291],[6.8352369,46.182888999999996],[6.8358327,46.18221230000001],[6.836621100000001,46.181317],[6.837415099999999,46.18041530000001],[6.838430799999999,46.1792619],[6.839605400000001,46.1779278],[6.839893200000001,46.177600999999996],[6.840222600000001,46.1772269]]}}
,
{"type":"Feature","properties":{"type":"lift","liftType":"chair_lift","status":"operating","name":"Pauvre Conche","oneway":null,"ref":null,"description":null,"occupancy":4,"capacity":2400,"duration":480,"bubble":null,"heating":null,"color":"hsl(0, 82%, 42%)","skiAreas":[],"sources":[{"type":"openstreetmap","id":"way/8215584"}],"location":null,"websites":[],"id":"1cd1694f42e4541f041bc4f2b28d1520299a701e"},"geometry":{"type":"LineString","coordinates":[[6.827533599999999,46.1738081],[6.827125399999999,46.1741838],[6.8266536,46.174618],[6.825834699999999,46.175371600000005],[6.825721499999999,46.17547580000001],[6.824936899999998,46.176197800000004],[6.824473199999999,46.176624499999996],[6.8237454,46.1772943],[6.822819299999999,46.178146500000004],[6.822040499999999,46.1788632],[6.8208731,46.1799374],[6.8204476,46.180329],[6.820333499999999,46.180434],[6.820218499999999,46.180539800000005]]}}
,
{"type":"Feature","properties":{"type":"lift","liftType":"platter","status":"operating","name":"Ripaille 1","oneway":null,"ref":null,"description":null,"occupancy":1,"capacity":600,"duration":null,"bubble":null,"heating":null,"color":"hsl(0, 82%, 42%)","skiAreas":[],"sources":[{"type":"openstreetmap","id":"way/8215630"}],"location":null,"websites":[],"id":"b3e88ce40de4263866b9a07fb4bfbdb12bb58374"},"geometry":{"type":"LineString","coordinates":[[6.826179499999999,46.173570500000004],[6.8116918,46.170273800000004]]}}
,
{"type":"Feature","properties":{"type":"lift","liftType":"chair_lift","status":"operating","name":"Mossettes","oneway":null,"ref":null,"description":null,"occupancy":4,"capacity":2400,"duration":null,"bubble":false,"heating":null,"color":"hsl(0, 82%, 42%)","skiAreas":[],"sources":[{"type":"openstreetmap","id":"way/8215671"}],"location":null,"websites":[],"id":"319b5af80075227f15e21a317b724fe346d03f4d"},"geometry":{"type":"LineString","coordinates":[[6.8341134,46.183835200000004],[6.8329091,46.1843716],[6.831682100000001,46.184918100000004],[6.8306902,46.18535980000001],[6.8295337,46.1858749],[6.827192599999999,46.1869176],[6.8261496,46.1873821],[6.825107999999999,46.18784599999999],[6.8238223,46.188418600000006],[6.8230094,46.1887806],[6.821034799999999,46.189659999999996],[6.820527499999999,46.1898859],[6.8187974,46.1906564],[6.818056799999999,46.190986200000005],[6.8163257999999995,46.191757100000004],[6.8157467,46.19201250000001]]}}
,
{"type":"Feature","properties":{"type":"lift","liftType":"chair_lift","status":"operating","name":"Prolays","oneway":true,"ref":null,"description":null,"occupancy":6,"capacity":null,"duration":300,"bubble":false,"heating":null,"color":"hsl(0, 82%, 42%)","skiAreas":[],"sources":[{"type":"openstreetmap","id":"way/8215733"}],"location":null,"websites":[],"id":"ca38db9932cff09964f3321cd4ac4a4fa1862a42"},"geometry":{"type":"LineString","coordinates":[[6.7772866,46.2060084],[6.7774959,46.2047677],[6.777639100000001,46.20395260000001],[6.777885899999999,46.20252970000001],[6.7780602000000005,46.2015279],[6.7781822,46.2008946],[6.778442100000001,46.19939260000001],[6.7786878,46.198054000000006],[6.7789209,46.196626],[6.779194100000001,46.19514050000001],[6.7794813000000005,46.193397100000006]]}}
,
{"type":"Feature","properties":{"type":"lift","liftType":"chair_lift","status":"operating","name":"Chaux des Rosées","oneway":null,"ref":null,"description":null,"occupancy":6,"capacity":null,"duration":null,"bubble":null,"heating":null,"color":"hsl(0, 82%, 42%)","skiAreas":[{"type":"Feature","properties":{"type":"skiArea","name":"Châtel","sources":[{"type":"openstreetmap","id":"relation/5763952"}],"activities":[],"generated":false,"status":"operating","websites":[],"runConvention":"north_america","location":null,"id":"cd9575d80e0c47ed91caa814eae2093f13bc9e67"},"geometry":{"type":"Point","coordinates":[360,360,5763952]}}],"sources":[{"type":"openstreetmap","id":"way/8215798"}],"location":null,"websites":[],"id":"bf634a96d248196a634e17b656a987e9a2f0f9b2"},"geometry":{"type":"LineString","coordinates":[[6.793556,46.217318600000006],[6.794145499999999,46.2170408],[6.7954666,46.21641820000001],[6.7961943,46.21607530000001],[6.796996,46.2156975],[6.798406,46.215033000000005],[6.79841,46.215031100000004],[6.799287400000001,46.2146136],[6.8003467,46.21411510000001],[6.8006945,46.2139463],[6.8021997,46.2132397],[6.802825499999999,46.212946],[6.804495799999999,46.212162000000006],[6.8050837,46.21188599999999]]}}
,
{"type":"Feature","properties":{"type":"lift","liftType":"chair_lift","status":"operating","name":"Rochassons","oneway":null,"ref":null,"description":null,"occupancy":6,"capacity":null,"duration":null,"bubble":false,"heating":null,"color":"hsl(0, 82%, 42%)","skiAreas":[{"type":"Feature","properties":{"type":"skiArea","name":"Châtel","sources":[{"type":"openstreetmap","id":"relation/5763952"}],"activities":[],"generated":false,"status":"operating","websites":[],"runConvention":"north_america","location":null,"id":"cd9575d80e0c47ed91caa814eae2093f13bc9e67"},"geometry":{"type":"Point","coordinates":[360,360,5763952]}}],"sources":[{"type":"openstreetmap","id":"way/8215843"}],"location":null,"websites":[],"id":"866be09bf324fd6cd0243c5926cf4565694abc24"},"geometry":{"type":"LineString","coordinates":[[6.7932098000000005,46.218306600000005],[6.793137799999999,46.218048100000004],[6.7930907000000005,46.217878999999996],[6.7926766,46.216392600000006],[6.7923938,46.2153774],[6.7921774,46.2146006],[6.7919353,46.2137316],[6.7917103,46.212924],[6.7914375,46.2119447],[6.791338100000001,46.2115878]]}}
,
{"type":"Feature","properties":{"type":"lift","liftType":"gondola","status":"operating","name":"Morgins-Foilleuse","oneway":null,"ref":null,"description":null,"occupancy":10,"capacity":1800,"duration":300,"bubble":null,"heating":null,"color":"hsl(0, 82%, 42%)","skiAreas":[],"sources":[{"type":"openstreetmap","id":"way/8215989"}],"location":null,"websites":[],"id":"307f7730b689f9162e11b54eefdfd0406582483a"},"geometry":{"type":"LineString","coordinates":[[6.858123999999999,46.2366924],[6.8582127,46.2363495],[6.858318199999999,46.23594260000001],[6.8589332999999995,46.2336677],[6.8593523,46.23212480000001],[6.8598457999999995,46.23028],[6.8603686,46.22834240000001],[6.860616199999999,46.227435500000006],[6.8606986,46.22713100000001],[6.860888699999999,46.22640810000001],[6.861027,46.22589680000001],[6.861146799999999,46.22549210000001],[6.861169,46.225417400000005],[6.8612753,46.22502850000001]]}}
,
{"type":"Feature","properties":{"type":"lift","liftType":"chair_lift","status":"operating","name":"Chaux","oneway":null,"ref":null,"description":null,"occupancy":4,"capacity":2000,"duration":null,"bubble":null,"heating":null,"color":"hsl(0, 82%, 42%)","skiAreas":[],"sources":[{"type":"openstreetmap","id":"way/8216054"}],"location":null,"websites":[],"id":"cf4637772a776b8d7357a4d2bc8ee560dd91aab2"},"geometry":{"type":"LineString","coordinates":[[6.871213100000001,46.22054250000001],[6.8702373,46.22079920000001],[6.8687619,46.221187300000004],[6.867902799999999,46.22141330000001],[6.867565699999999,46.22150200000001],[6.8665880999999995,46.22175920000001],[6.864431999999999,46.22232630000001],[6.8640986999999996,46.22241400000001],[6.862386199999999,46.2228645],[6.861585299999999,46.22307520000001],[6.859974499999999,46.22349890000001],[6.859743300000001,46.22355980000001],[6.8596076,46.22359540000001],[6.8594097000000005,46.2236475]]}}
,
{"type":"Feature","properties":{"type":"lift","liftType":"chair_lift","status":"operating","name":"Aiguille des Champeys","oneway":null,"ref":null,"description":null,"occupancy":4,"capacity":2400,"duration":null,"bubble":null,"heating":null,"color":"hsl(0, 82%, 42%)","skiAreas":[],"sources":[{"type":"openstreetmap","id":"way/8216151"}],"location":null,"websites":[],"id":"7965bf51d911fd20c3056c4ec6ef468b8a601b09"},"geometry":{"type":"LineString","coordinates":[[6.859974799999999,46.2066755],[6.8585299,46.20643390000001],[6.8582715,46.20639070000001],[6.8568625,46.20615520000001],[6.85617,46.2060394],[6.8548937,46.2058261],[6.854783299999999,46.2058076],[6.8546556999999995,46.20578630000001],[6.853498,46.20559270000001],[6.853275,46.20555540000001],[6.850906999999999,46.20515960000001],[6.850780299999999,46.20513840000001],[6.8506686000000006,46.20511970000001],[6.8491756,46.2048701],[6.8490593,46.2048507],[6.8480037000000005,46.2046742]]}}
,
{"type":"Feature","properties":{"type":"lift","liftType":"cable_car","status":"operating","name":"Champéry - Croix de Culet","oneway":null,"ref":null,"description":null,"occupancy":125,"capacity":1250,"duration":null,"bubble":null,"heating":null,"color":"hsl(0, 82%, 42%)","skiAreas":[],"sources":[{"type":"openstreetmap","id":"way/8216335"}],"location":null,"websites":[],"id":"e10314573e6383310eb440006503d29c13bdbeeb"},"geometry":{"type":"LineString","coordinates":[[6.871208700000001,46.174978700000004],[6.855454299999999,46.17509830000001],[6.8464184,46.17521500000001],[6.8457271,46.175223900000006]]}}
,
{"type":"Feature","properties":{"type":"lift","liftType":"platter","status":"operating","name":"Marcheuson","oneway":null,"ref":null,"description":null,"occupancy":null,"capacity":null,"duration":null,"bubble":null,"heating":null,"color":"hsl(0, 82%, 42%)","skiAreas":[],"sources":[{"type":"openstreetmap","id":"way/8216350"}],"location":null,"websites":[],"id":"64bd422dcdbac59ebd0941c5cb2518814205dbc3"},"geometry":{"type":"LineString","coordinates":[[6.844876899999999,46.17851400000001],[6.8402572,46.177638900000005]]}}
,
{"type":"Feature","properties":{"type":"lift","liftType":"chair_lift","status":"operating","name":"Planachaux","oneway":null,"ref":null,"description":null,"occupancy":6,"capacity":2400,"duration":null,"bubble":null,"heating":null,"color":"hsl(0, 82%, 42%)","skiAreas":[],"sources":[{"type":"openstreetmap","id":"way/8216398"}],"location":null,"websites":[],"id":"23e00d74782f5d39d72a3140cc24078b63c21ab5"},"geometry":{"type":"LineString","coordinates":[[6.8417857,46.16912510000001],[6.842197499999999,46.1698375],[6.842534999999999,46.1704212],[6.8433595,46.171847299999996],[6.8437453,46.17251480000001],[6.844365,46.1735866],[6.8450732,46.1748115],[6.8452063,46.1750418]]}}
,
{"type":"Feature","properties":{"type":"lift","liftType":"chair_lift","status":"operating","name":"Grand Conche","oneway":null,"ref":null,"description":null,"occupancy":6,"capacity":3000,"duration":null,"bubble":null,"heating":null,"color":"hsl(0, 82%, 42%)","skiAreas":[],"sources":[{"type":"openstreetmap","id":"way/8216408"}],"location":null,"websites":[],"id":"eecbb196b19a2d54d59f7ac45d53c22fde57b877"},"geometry":{"type":"LineString","coordinates":[[6.832946799999999,46.1836066],[6.8324974,46.183587599999996],[6.8304821,46.18350230000001],[6.828736299999999,46.1834284],[6.827545399999999,46.183378100000006],[6.825821899999999,46.183305100000005],[6.824317899999999,46.183241499999994],[6.822598199999999,46.1831687],[6.821262300000001,46.18311220000001],[6.820986699999999,46.1831005],[6.8190015,46.1830165],[6.817130599999999,46.1829374],[6.8157282,46.182878],[6.8152339,46.1828571],[6.814739499999999,46.182836200000004]]}}
,
{"type":"Feature","properties":{"type":"lift","liftType":"chair_lift","status":"operating","name":"Mossettes","oneway":null,"ref":null,"description":null,"occupancy":4,"capacity":2400,"duration":480,"bubble":null,"heating":null,"color":"hsl(0, 82%, 42%)","skiAreas":[],"sources":[{"type":"openstreetmap","id":"way/8216510"}],"location":null,"websites":[],"id":"d4c5404174260302bfc10959b6be9eb19bc7710d"},"geometry":{"type":"LineString","coordinates":[[6.787980199999999,46.19879540000001],[6.789378400000001,46.198428500000006],[6.789752600000001,46.19833100000001],[6.7911782,46.197948600000004],[6.7933008,46.1973865],[6.7952062,46.196876800000005],[6.796611700000001,46.19650510000001],[6.7976868999999995,46.196228700000006],[6.7991702,46.19583860000001],[6.800768400000001,46.19540620000001],[6.8018903,46.19510920000001],[6.803226700000001,46.19475620000001],[6.8045855999999985,46.1943946],[6.804855499999999,46.1943215],[6.8068004,46.193811100000005],[6.8074693,46.193629],[6.808880599999999,46.193258400000005],[6.8095821999999995,46.193074],[6.8115274999999995,46.19255230000002],[6.812403199999999,46.19232180000001],[6.8138932,46.1919273],[6.8146274,46.19173190000001],[6.814688799999999,46.19171490000001],[6.815157899999999,46.191596800000006]]}}
,
{"type":"Feature","properties":{"type":"lift","liftType":"t-bar","status":"operating","name":"Ripaille 2","oneway":null,"ref":null,"description":null,"occupancy":2,"capacity":1200,"duration":null,"bubble":null,"heating":null,"color":"hsl(0, 82%, 42%)","skiAreas":[],"sources":[{"type":"openstreetmap","id":"way/8216568"}],"location":null,"websites":[],"id":"6d9b0d2bb785e5a7ecb8e41b714900949cc3a1e5"},"geometry":{"type":"LineString","coordinates":[[6.826144599999999,46.17361230000001],[6.811662500000001,46.170326100000004]]}}
,
{"type":"Feature","properties":{"type":"lift","liftType":"t-bar","status":"operating","name":"Champeys","oneway":null,"ref":null,"description":null,"occupancy":null,"capacity":900,"duration":null,"bubble":null,"heating":null,"color":"hsl(0, 82%, 42%)","skiAreas":[],"sources":[{"type":"openstreetmap","id":"way/8216644"}],"location":null,"websites":[],"id":"ef761f6d4ab806dfb0636c94cc48db970c618794"},"geometry":{"type":"LineString","coordinates":[[6.864936699999999,46.205810500000005],[6.864826099999999,46.205814100000005],[6.864758999999999,46.20581630000001],[6.864170399999999,46.20583560000001],[6.863084099999999,46.205871200000004],[6.8616195,46.20591930000001],[6.8603734,46.20596020000001],[6.8590402,46.206003900000006],[6.858513499999999,46.2060212],[6.857712499999999,46.206047399999996]]}}
,
{"type":"Feature","properties":{"type":"lift","liftType":"gondola","status":"operating","name":"Grande Terche","oneway":null,"ref":null,"description":null,"occupancy":6,"capacity":null,"duration":340,"bubble":null,"heating":null,"color":"hsl(0, 82%, 42%)","skiAreas":[{"type":"Feature","properties":{"type":"skiArea","name":"Roc d'Enfer","sources":[{"type":"openstreetmap","id":"relation/5757156"}],"activities":[],"generated":false,"status":"operating","websites":[],"runConvention":"north_america","location":null,"id":"8f52a4cffc57a788e69b889d7b5c12197a606047"},"geometry":{"type":"Point","coordinates":[360,360,5757156]}}],"sources":[{"type":"openstreetmap","id":"way/23275859"}],"location":null,"websites":[],"id":"46a5c5ac1087cbb84f07b31bbe5c9bef312bbb77"},"geometry":{"type":"LineString","coordinates":[[6.6414785,46.226160500000006],[6.6410551,46.22572010000001],[6.640404899999999,46.224951700000005],[6.639954799999999,46.224428700000004],[6.639377100000001,46.22375600000001],[6.638717199999999,46.22297020000001],[6.6381263,46.22227250000001],[6.6375299,46.221583300000006],[6.6363055,46.220155300000016],[6.6359292,46.2197054],[6.635222300000001,46.2188797],[6.634414699999999,46.217928900000004],[6.6333438000000005,46.2166681],[6.633290700000001,46.2166056],[6.6331736,46.216467699999995],[6.6326443,46.215844499999996],[6.6321723,46.2152887],[6.6320646,46.21516200000001],[6.6318332,46.214886199999995]]}}
,
{"type":"Feature","properties":{"type":"lift","liftType":"chair_lift","status":"operating","name":"Morclan","oneway":null,"ref":null,"description":null,"occupancy":3,"capacity":null,"duration":null,"bubble":null,"heating":null,"color":"hsl(0, 82%, 42%)","skiAreas":[{"type":"Feature","properties":{"type":"skiArea","name":"Châtel","sources":[{"type":"openstreetmap","id":"relation/5763952"}],"activities":[],"generated":false,"status":"operating","websites":[],"runConvention":"north_america","location":null,"id":"cd9575d80e0c47ed91caa814eae2093f13bc9e67"},"geometry":{"type":"Point","coordinates":[360,360,5763952]}}],"sources":[{"type":"openstreetmap","id":"way/24898711"}],"location":null,"websites":[],"id":"e8be4ce4efe3b56c44804312588fdeed652cf259"},"geometry":{"type":"LineString","coordinates":[[6.8566538,46.2680415],[6.856705799999999,46.26818880000001],[6.8568706,46.26859670000001],[6.857706599999999,46.27101630000001],[6.858126499999999,46.27221200000001],[6.8587906,46.2740926],[6.859117599999999,46.27501870000001],[6.8594683000000005,46.276011700000005],[6.8595294,46.2761846]]}}
,
{"type":"Feature","properties":{"type":"lift","liftType":"gondola","status":"operating","name":"Super-Châtel","oneway":null,"ref":null,"description":null,"occupancy":10,"capacity":null,"duration":null,"bubble":null,"heating":null,"color":"hsl(0, 82%, 42%)","skiAreas":[{"type":"Feature","properties":{"type":"skiArea","name":"Châtel","sources":[{"type":"openstreetmap","id":"relation/5763952"}],"activities":[],"generated":false,"status":"operating","websites":[],"runConvention":"north_america","location":null,"id":"cd9575d80e0c47ed91caa814eae2093f13bc9e67"},"geometry":{"type":"Point","coordinates":[360,360,5763952]}}],"sources":[{"type":"openstreetmap","id":"way/24898714"}],"location":null,"websites":[],"id":"e0073a04fe8d3b73bebe500e7de9c5cebc05281f"},"geometry":{"type":"LineString","coordinates":[[6.8423985,46.266696200000005],[6.842856299999999,46.26672580000001],[6.8433139999999995,46.26675540000001],[6.8457064,46.26691000000001],[6.847570499999999,46.2670175],[6.8480901,46.2670475],[6.8483959,46.267065800000005],[6.8487517,46.267082200000004],[6.8501750999999995,46.26717000000001],[6.8512589,46.2672314],[6.8542119999999995,46.26741280000001],[6.855388199999999,46.2674671],[6.856785299999999,46.26755030000001],[6.857217799999999,46.26757210000001]]}}
,
{"type":"Feature","properties":{"type":"lift","liftType":"drag_lift","status":"operating","name":"Coqs 1","oneway":null,"ref":null,"description":null,"occupancy":null,"capacity":null,"duration":null,"bubble":null,"heating":null,"color":"hsl(0, 82%, 42%)","skiAreas":[],"sources":[{"type":"openstreetmap","id":"way/24898715"}],"location":null,"websites":[],"id":"8371288fb43d776a6dd5461cfcddc3669cb5186b"},"geometry":{"type":"LineString","coordinates":[[6.8530751,46.26643670000001],[6.8534774999999994,46.26625130000001],[6.853889,46.26607380000001],[6.854711199999999,46.265719200000014],[6.8560264,46.265152000000015],[6.857152499999999,46.2646663],[6.858584699999999,46.264048700000004],[6.8597517,46.26354530000001],[6.8602156999999995,46.26334520000001]]}}
,
{"type":"Feature","properties":{"type":"lift","liftType":"drag_lift","status":"operating","name":"Bossons","oneway":null,"ref":null,"description":null,"occupancy":null,"capacity":null,"duration":null,"bubble":null,"heating":null,"color":"hsl(0, 82%, 42%)","skiAreas":[{"type":"Feature","properties":{"type":"skiArea","name":"Châtel","sources":[{"type":"openstreetmap","id":"relation/5763952"}],"activities":[],"generated":false,"status":"operating","websites":[],"runConvention":"north_america","location":null,"id":"cd9575d80e0c47ed91caa814eae2093f13bc9e67"},"geometry":{"type":"Point","coordinates":[360,360,5763952]}}],"sources":[{"type":"openstreetmap","id":"way/24898717"}],"location":null,"websites":[],"id":"38a61a91490c7ecb2a494e99d9a626364d0920e5"},"geometry":{"type":"LineString","coordinates":[[6.8525721,46.26601190000001],[6.852782599999999,46.265740400000006],[6.8533789,46.2649714],[6.853639,46.264636],[6.854998599999999,46.26394560000001],[6.8561086,46.263381900000006],[6.856768100000001,46.263047],[6.857393999999999,46.26272920000001],[6.858086299999999,46.26237770000001],[6.8591668,46.261829],[6.8596949,46.261560800000005]]}}
,
{"type":"Feature","properties":{"type":"lift","liftType":"chair_lift","status":"operating","name":"Barbossine","oneway":null,"ref":null,"description":null,"occupancy":4,"capacity":null,"duration":null,"bubble":null,"heating":null,"color":"hsl(0, 82%, 42%)","skiAreas":[{"type":"Feature","properties":{"type":"skiArea","name":"Châtel","sources":[{"type":"openstreetmap","id":"relation/5763952"}],"activities":[],"generated":false,"status":"operating","websites":[],"runConvention":"north_america","location":null,"id":"cd9575d80e0c47ed91caa814eae2093f13bc9e67"},"geometry":{"type":"Point","coordinates":[360,360,5763952]}}],"sources":[{"type":"openstreetmap","id":"way/24898730"}],"location":null,"websites":[],"id":"ea09241766c7e98d7215d9521d17dfa1fdd16960"},"geometry":{"type":"LineString","coordinates":[[6.842155399999999,46.2826304],[6.842363700000001,46.282807399999996],[6.842571899999999,46.2829845],[6.8434054,46.283692900000005],[6.844455499999999,46.2845856],[6.8451968999999995,46.28521580000001],[6.8462228000000005,46.286087699999996],[6.8468067,46.2865841],[6.847504399999999,46.2871771],[6.848525899999999,46.28804530000001],[6.849326100000001,46.288725500000005],[6.8503184,46.289568800000005],[6.8506989,46.289892300000005],[6.850979199999999,46.29013050000001],[6.8511904999999995,46.29031010000001]]}}
,
{"type":"Feature","properties":{"type":"lift","liftType":"drag_lift","status":"operating","name":"Tour de Don","oneway":null,"ref":null,"description":null,"occupancy":null,"capacity":null,"duration":null,"bubble":null,"heating":null,"color":"hsl(0, 82%, 42%)","skiAreas":[{"type":"Feature","properties":{"type":"skiArea","name":"Châtel","sources":[{"type":"openstreetmap","id":"relation/5763952"}],"activities":[],"generated":false,"status":"operating","websites":[],"runConvention":"north_america","location":null,"id":"cd9575d80e0c47ed91caa814eae2093f13bc9e67"},"geometry":{"type":"Point","coordinates":[360,360,5763952]}}],"sources":[{"type":"openstreetmap","id":"way/24898731"}],"location":null,"websites":[],"id":"9f1a6837ec1b837107e90bef9f61236bab7bcf80"},"geometry":{"type":"LineString","coordinates":[[6.854779199999999,46.288222600000005],[6.862449999999999,46.28873050000001]]}}
,
{"type":"Feature","properties":{"type":"lift","liftType":"platter","status":"operating","name":"Chermeu","oneway":null,"ref":null,"description":null,"occupancy":null,"capacity":null,"duration":null,"bubble":null,"heating":null,"color":"hsl(0, 82%, 42%)","skiAreas":[],"sources":[{"type":"openstreetmap","id":"way/24898738"}],"location":null,"websites":[],"id":"c6581c05e7baf1abcb3693beb1f56812f9cf3842"},"geometry":{"type":"LineString","coordinates":[[6.871206000000001,46.272696],[6.870541,46.2724011],[6.869641700000001,46.27200230000001],[6.8667318999999996,46.27071180000001],[6.8660402,46.270405000000004],[6.8653929,46.27011800000001],[6.864767499999999,46.2698406]]}}
,
{"type":"Feature","properties":{"type":"lift","liftType":"platter","status":"operating","name":"Chermillon","oneway":null,"ref":null,"description":null,"occupancy":null,"capacity":null,"duration":null,"bubble":null,"heating":null,"color":"hsl(0, 82%, 42%)","skiAreas":[],"sources":[{"type":"openstreetmap","id":"way/24898739"}],"location":null,"websites":[],"id":"6206e221fd32dafe47afe770ac8f7f4f31d5cd32"},"geometry":{"type":"LineString","coordinates":[[6.8586829,46.2678998],[6.8590064,46.26804880000001],[6.860026499999999,46.268518600000014],[6.8612187,46.2690677],[6.8616766,46.26927860000001],[6.862737999999999,46.2697674],[6.862826499999999,46.2698096]]}}
,
{"type":"Feature","properties":{"type":"lift","liftType":"platter","status":"operating","name":"Corbeau","oneway":null,"ref":null,"description":null,"occupancy":null,"capacity":null,"duration":null,"bubble":null,"heating":null,"color":"hsl(0, 82%, 42%)","skiAreas":[],"sources":[{"type":"openstreetmap","id":"way/24898740"}],"location":null,"websites":[],"id":"707b5ac0210b7dba7b87a29379d0124763148cae"},"geometry":{"type":"LineString","coordinates":[[6.860455699999999,46.2647894],[6.8606402,46.2644262],[6.8609784,46.2637604],[6.861140799999999,46.2634406],[6.861316599999999,46.2630945],[6.8616827,46.26293490000001],[6.8624421,46.262604],[6.863409999999999,46.26218230000001],[6.863871199999999,46.2619813]]}}
,
{"type":"Feature","properties":{"type":"lift","liftType":"chair_lift","status":"operating","name":"Corbeau","oneway":null,"ref":null,"description":null,"occupancy":4,"capacity":null,"duration":null,"bubble":null,"heating":null,"color":"hsl(0, 82%, 42%)","skiAreas":[],"sources":[{"type":"openstreetmap","id":"way/24898742"}],"location":null,"websites":[],"id":"068eac16ef53bbed043c015a19efef1b77ba5c16"},"geometry":{"type":"LineString","coordinates":[[6.8542416,46.24113690000001],[6.8543927,46.2412485],[6.854481299999999,46.241311100000004],[6.854578199999999,46.241376900000006],[6.854855299999999,46.241589],[6.8553709,46.24195],[6.8561575999999995,46.24251800000001],[6.856979999999999,46.24310500000001],[6.8580087999999995,46.243836300000005],[6.8587351,46.2443511],[6.8594726,46.2448802],[6.860125199999999,46.2453477],[6.860924899999999,46.24591600000001],[6.8615677999999996,46.246373600000005],[6.862438999999999,46.24699830000001],[6.8631294,46.2474906],[6.864044199999999,46.24814310000001],[6.8641936999999995,46.2482534],[6.864590299999999,46.24853300000001]]}}
,
{"type":"Feature","properties":{"type":"lift","liftType":"platter","status":"operating","name":"Écottis","oneway":null,"ref":null,"description":null,"occupancy":null,"capacity":null,"duration":null,"bubble":null,"heating":null,"color":"hsl(0, 82%, 42%)","skiAreas":[],"sources":[{"type":"openstreetmap","id":"way/24898743"}],"location":null,"websites":[],"id":"685e9baa7f4b602d8b8cd5ce2b2cfb544af8b1b6"},"geometry":{"type":"LineString","coordinates":[[6.871053600000001,46.2476912],[6.870674,46.2478376],[6.870242200000001,46.24801050000001],[6.8693678,46.24837470000001],[6.868886599999999,46.248565600000006],[6.867743999999999,46.2486865],[6.8669527,46.248762400000004],[6.8662264,46.24883390000001],[6.864875599999999,46.24896820000001],[6.864736699999999,46.2489812]]}}
,
{"type":"Feature","properties":{"type":"lift","liftType":"platter","status":"operating","name":"Cutet 1","oneway":null,"ref":null,"description":null,"occupancy":null,"capacity":null,"duration":null,"bubble":null,"heating":null,"color":"hsl(0, 82%, 42%)","skiAreas":[],"sources":[{"type":"openstreetmap","id":"way/24898745"}],"location":null,"websites":[],"id":"bdee496a82f5074cac647f9794c3345cde617ea4"},"geometry":{"type":"LineString","coordinates":[[6.8710998000000005,46.2478432],[6.8709938,46.248065000000004],[6.870640900000001,46.248803200000005],[6.870074799999999,46.2499873],[6.8696302,46.2509175],[6.8693449,46.2515142],[6.8689219999999995,46.25239880000001],[6.868610299999999,46.2530507],[6.868244,46.253817],[6.8676734,46.2550104],[6.867478599999999,46.255417900000005]]}}
,
{"type":"Feature","properties":{"type":"lift","liftType":"platter","status":"operating","name":"Chalet Neuf 1","oneway":null,"ref":null,"description":null,"occupancy":null,"capacity":null,"duration":null,"bubble":null,"heating":null,"color":"hsl(0, 82%, 42%)","skiAreas":[],"sources":[{"type":"openstreetmap","id":"way/24899026"}],"location":null,"websites":[],"id":"affa360051f1b387272ea8e06f34f939b156dca9"},"geometry":{"type":"LineString","coordinates":[[6.8707829,46.26777570000001],[6.870742300000001,46.2668634],[6.870702700000001,46.26597460000001],[6.8706329,46.2644067],[6.8706005,46.26367690000001],[6.8705371,46.26225310000001],[6.870362000000001,46.2615775],[6.8702769,46.261248900000005],[6.870102,46.26057390000001],[6.8699857999999985,46.26012570000001],[6.8696465,46.258816200000005],[6.8692662,46.2573487],[6.8691716,46.2569835],[6.8689604,46.2561684],[6.8687495,46.2553545],[6.8686478,46.2549621]]}}
,
{"type":"Feature","properties":{"type":"lift","liftType":"t-bar","status":"operating","name":"Derrière Pertuis","oneway":null,"ref":null,"description":null,"occupancy":null,"capacity":null,"duration":null,"bubble":null,"heating":null,"color":"hsl(0, 82%, 42%)","skiAreas":[],"sources":[{"type":"openstreetmap","id":"way/24899599"}],"location":null,"websites":[],"id":"0afafc3684605066d748be3bea5f7650cac43845"},"geometry":{"type":"LineString","coordinates":[[6.8586314,46.20935530000001],[6.850505299999999,46.21538830000001],[6.8501981999999995,46.21561630000001]]}}
,
{"type":"Feature","properties":{"type":"lift","liftType":"t-bar","status":"operating","name":"Sépaya 2","oneway":null,"ref":null,"description":null,"occupancy":null,"capacity":null,"duration":null,"bubble":null,"heating":null,"color":"hsl(0, 82%, 42%)","skiAreas":[],"sources":[{"type":"openstreetmap","id":"way/24899602"}],"location":null,"websites":[],"id":"5b3eab9b51b95707b76bfda1d243ddaeb73ff07f"},"geometry":{"type":"LineString","coordinates":[[6.8725931000000005,46.2124456],[6.8573951,46.2078162]]}}
,
{"type":"Feature","properties":{"type":"lift","liftType":"chair_lift","status":"operating","name":"Grand Paradis","oneway":false,"ref":null,"description":null,"occupancy":6,"capacity":2400,"duration":320,"bubble":true,"heating":false,"color":"hsl(0, 82%, 42%)","skiAreas":[],"sources":[{"type":"openstreetmap","id":"way/24900087"}],"location":null,"websites":[],"id":"9359ae1b536eac750dcf8bb1b2424c766a407f74"},"geometry":{"type":"LineString","coordinates":[[6.859596799999999,46.1638794],[6.8588496,46.164010600000005],[6.8578651,46.1641835],[6.8558072999999995,46.1645448],[6.8537962,46.1648979],[6.8522998,46.16516060000001],[6.851736,46.165259600000006],[6.850836799999999,46.165417500000004],[6.849353000000001,46.16567800000001],[6.847846499999999,46.16594250000001],[6.8470287,46.1660861],[6.846449400000001,46.1661878],[6.8459331,46.166605800000006],[6.8446886,46.167613300000006],[6.843749000000001,46.16837390000001],[6.843315799999999,46.168724700000006],[6.8429411,46.169028000000004]]}}
,
{"type":"Feature","properties":{"type":"lift","liftType":"chair_lift","status":"operating","name":"Chavanette","oneway":false,"ref":null,"description":null,"occupancy":4,"capacity":2400,"duration":null,"bubble":null,"heating":null,"color":"hsl(0, 82%, 42%)","skiAreas":[],"sources":[{"type":"openstreetmap","id":"way/24916407"}],"location":null,"websites":[],"id":"8169f3e33cfbb6b963e2308cd6de86583e3bcb7b"},"geometry":{"type":"LineString","coordinates":[[6.8157898999999995,46.174081799999996],[6.815184799999998,46.17404439999999],[6.8149291,46.174026],[6.814479799999999,46.173993700000004],[6.813756499999999,46.1739496],[6.8126992,46.1738851],[6.811563700000001,46.17381580000001],[6.8103573,46.17374220000001],[6.8091851,46.1736706],[6.808195499999999,46.173610200000006],[6.8065996,46.17351290000001],[6.805663000000001,46.173455700000005],[6.8052891,46.17343290000001],[6.8052188,46.1734286]]}}
,
{"type":"Feature","properties":{"type":"lift","liftType":"drag_lift","status":"operating","name":"Chavanette 2","oneway":null,"ref":null,"description":null,"occupancy":null,"capacity":700,"duration":420,"bubble":null,"heating":null,"color":"hsl(0, 82%, 42%)","skiAreas":[],"sources":[{"type":"openstreetmap","id":"way/24916408"}],"location":null,"websites":[],"id":"b1e2e837e74ed51ef51034cf2d098d390344f570"},"geometry":{"type":"LineString","coordinates":[[6.789312400000001,46.17957810000001],[6.7904289,46.17898230000001],[6.7920425,46.17835720000001],[6.7934149999999995,46.1778256],[6.7941271,46.1775497],[6.7954912,46.1770213],[6.7964554999999995,46.1766478],[6.797240100000001,46.176343800000005],[6.7974781,46.1762516],[6.7983047999999995,46.1759314],[6.799148700000001,46.1756044],[6.7999688,46.1752867],[6.800974299999999,46.1748972],[6.801740100000001,46.1746005],[6.802505899999999,46.174303900000005],[6.8032275,46.1740243],[6.803723400000001,46.17383220000001],[6.8046029,46.1734915],[6.8052578,46.1732378]]}}
,
{"type":"Feature","properties":{"type":"lift","liftType":"chair_lift","status":"operating","name":"Choucas","oneway":null,"ref":null,"description":null,"occupancy":4,"capacity":2800,"duration":255,"bubble":null,"heating":null,"color":"hsl(0, 82%, 42%)","skiAreas":[],"sources":[{"type":"openstreetmap","id":"way/24916409"}],"location":null,"websites":[],"id":"5b92884c9ece1f959545967d859160745c22d7b4"},"geometry":{"type":"LineString","coordinates":[[6.789174,46.17931270000001],[6.7901071,46.178763700000005],[6.7914262,46.17798749999999],[6.7930171999999995,46.177051399999996],[6.7943814,46.1762487],[6.7951011,46.175825200000006],[6.7965036,46.1749999],[6.7970041,46.1747054],[6.7980647,46.17408139999999],[6.7988184,46.1736378],[6.800124299999999,46.172869399999996],[6.8017444000000005,46.171916100000004],[6.801919,46.171813300000004]]}}
,
{"type":"Feature","properties":{"type":"lift","liftType":"chair_lift","status":"operating","name":"Fornet","oneway":null,"ref":null,"description":null,"occupancy":6,"capacity":3000,"duration":360,"bubble":false,"heating":null,"color":"hsl(0, 82%, 42%)","skiAreas":[],"sources":[{"type":"openstreetmap","id":"way/24916410"}],"location":null,"websites":[],"id":"e8e1c4245c83eed7b5628a33196c0ffad7cd4f8c"},"geometry":{"type":"LineString","coordinates":[[6.788398600000001,46.1788847],[6.7886820000000005,46.1781695],[6.7889412,46.17751530000001],[6.7891956,46.1768731],[6.789644600000001,46.17573990000001],[6.7900777,46.1746467],[6.790499400000001,46.173582200000006],[6.790742100000001,46.1729696],[6.7909288,46.1724984],[6.7909415,46.1724662],[6.7910883,46.17209570000001],[6.791433100000001,46.1712255],[6.7918379,46.1702037],[6.7921401999999995,46.1694406],[6.792581299999999,46.16832690000001],[6.792935499999999,46.16743280000001],[6.7937188,46.165455400000006],[6.7937935000000005,46.165266900000006]]}}
,
{"type":"Feature","properties":{"type":"lift","liftType":"chair_lift","status":"operating","name":"Stade","oneway":null,"ref":null,"description":null,"occupancy":6,"capacity":3000,"duration":300,"bubble":null,"heating":null,"color":"hsl(0, 82%, 42%)","skiAreas":[],"sources":[{"type":"openstreetmap","id":"way/24916412"}],"location":null,"websites":[],"id":"158182c6d53d2951f9785e1987c241bbac44e4b6"},"geometry":{"type":"LineString","coordinates":[[6.7790102,46.1872738],[6.779032400000001,46.1871013],[6.779041700000001,46.187029599999995],[6.779121100000001,46.186413200000004],[6.779246600000001,46.18543830000001],[6.779353300000001,46.1846103],[6.7794395000000005,46.1839412],[6.7795018,46.1834578],[6.7795565,46.1830331],[6.779620500000001,46.18253590000001],[6.7798265,46.1809371],[6.7798846,46.1804857]]}}
,
{"type":"Feature","properties":{"type":"lift","liftType":"chair_lift","status":"operating","name":"Lindarets","oneway":null,"ref":null,"description":null,"occupancy":4,"capacity":2400,"duration":240,"bubble":false,"heating":null,"color":"hsl(0, 82%, 42%)","skiAreas":[],"sources":[{"type":"openstreetmap","id":"way/24916417"}],"location":null,"websites":[],"id":"156655c66e97fafcf0adef68a0b885f45bcbc0e8"},"geometry":{"type":"LineString","coordinates":[[6.7767169,46.207258800000005],[6.776649300000002,46.2070812],[6.776324400000001,46.206154600000005],[6.7759504,46.205088200000006],[6.7757052,46.204388900000005],[6.775630100000001,46.2041747],[6.7754301,46.2036042],[6.775099300000001,46.202660900000005],[6.775049600000001,46.20251900000001],[6.774747700000001,46.2016581],[6.7743944,46.2006504],[6.7741537,46.199963800000006],[6.773672800000001,46.19859240000001],[6.7734304000000005,46.19790090000001],[6.773219800000001,46.19730030000001],[6.7731903,46.197216100000006],[6.773163000000001,46.19713820000001],[6.773101100000001,46.1969617]]}}
,
{"type":"Feature","properties":{"type":"lift","liftType":"chair_lift","status":"operating","name":"Séraussaix","oneway":null,"ref":null,"description":null,"occupancy":6,"capacity":2600,"duration":180,"bubble":false,"heating":false,"color":"hsl(0, 82%, 42%)","skiAreas":[],"sources":[{"type":"openstreetmap","id":"way/24916420"}],"location":null,"websites":[],"id":"ceca470bce4ef83e365586080eec7204cc4f9fd3"},"geometry":{"type":"LineString","coordinates":[[6.7511334000000005,46.1956714],[6.7509086,46.19573050000001],[6.750085499999999,46.195947000000004],[6.748134199999999,46.1964601],[6.746496400000001,46.196890800000006],[6.7448996,46.19731060000001],[6.743098000000001,46.197760900000006],[6.7419002,46.1980845],[6.7408095,46.198369500000005],[6.739691700000002,46.19866210000001],[6.7390388,46.19883060000001]]}}
,
{"type":"Feature","properties":{"type":"lift","liftType":"chair_lift","status":"operating","name":"Proclou","oneway":null,"ref":null,"description":null,"occupancy":6,"capacity":3400,"duration":300,"bubble":false,"heating":null,"color":"hsl(0, 82%, 42%)","skiAreas":[],"sources":[{"type":"openstreetmap","id":"way/24916421"}],"location":null,"websites":[],"id":"824ecbd20fab36a8f12157326e958484b9582e0b"},"geometry":{"type":"LineString","coordinates":[[6.7522702,46.19519240000001],[6.7525327,46.19520890000001],[6.7535137,46.19527060000001],[6.7552175,46.19536920000001],[6.756668900000001,46.195457600000005],[6.7583323,46.19556120000001],[6.7601037999999996,46.195664300000004],[6.761015199999999,46.19571980000001],[6.761822700000001,46.19577270000001],[6.7633668,46.19587500000001],[6.7651194,46.195977400000004],[6.767105099999999,46.19611120000001],[6.768535299999999,46.19619990000001],[6.7698895,46.196269],[6.771381000000001,46.19635790000001],[6.772628700000001,46.19643880000001],[6.7729349999999995,46.196456600000005]]}}
,
{"type":"Feature","properties":{"type":"lift","liftType":"chair_lift","status":"operating","name":"Grandes Combes","oneway":null,"ref":null,"description":null,"occupancy":6,"capacity":2640,"duration":360,"bubble":null,"heating":null,"color":"hsl(0, 82%, 42%)","skiAreas":[],"sources":[{"type":"openstreetmap","id":"way/24916425"}],"location":null,"websites":[],"id":"5959679694c52f9f1083bfaad3f8856e1b6730cd"},"geometry":{"type":"LineString","coordinates":[[6.7663396,46.18673830000001],[6.766475,46.1865493],[6.766525,46.186479399999996],[6.766742700000001,46.1861801],[6.767198799999999,46.18553190000001],[6.7674026,46.1852457],[6.7680534,46.1843318],[6.7684596,46.1837613],[6.7688025,46.1832798],[6.7696367,46.18210830000001],[6.7703545,46.1811002],[6.771309200000001,46.1797594],[6.772340000000001,46.17831160000001],[6.772882,46.1775505],[6.773738700000001,46.1763472],[6.774403,46.175414200000006],[6.775469000000001,46.17391690000001],[6.776197400000001,46.172893800000004],[6.7765203000000005,46.172440200000004],[6.776597400000001,46.17233200000001],[6.776733100000001,46.1721414]]}}
,
{"type":"Feature","properties":{"type":"lift","liftType":"chair_lift","status":"operating","name":"Chaux Fleurie","oneway":null,"ref":null,"description":null,"occupancy":6,"capacity":3000,"duration":240,"bubble":null,"heating":null,"color":"hsl(0, 82%, 42%)","skiAreas":[],"sources":[{"type":"openstreetmap","id":"way/24916433"}],"location":null,"websites":[],"id":"e2bfa87e10280c86085a89813913657e525e7046"},"geometry":{"type":"LineString","coordinates":[[6.778270000000001,46.207011],[6.779041900000001,46.2073004],[6.7805778,46.2079011],[6.7824181,46.20861480000001],[6.784343400000001,46.209362600000006],[6.7858983,46.2099686],[6.7870127,46.21039230000001],[6.7884197,46.2109441],[6.789865000000001,46.2115116],[6.7899809,46.2115572],[6.790352700000001,46.211693999999994]]}}
,
{"type":"Feature","properties":{"type":"lift","liftType":"chair_lift","status":"operating","name":"Combes","oneway":null,"ref":null,"description":null,"occupancy":6,"capacity":null,"duration":null,"bubble":null,"heating":null,"color":"hsl(0, 82%, 42%)","skiAreas":[{"type":"Feature","properties":{"type":"skiArea","name":"Châtel","sources":[{"type":"openstreetmap","id":"relation/5763952"}],"activities":[],"generated":false,"status":"operating","websites":[],"runConvention":"north_america","location":null,"id":"cd9575d80e0c47ed91caa814eae2093f13bc9e67"},"geometry":{"type":"Point","coordinates":[360,360,5763952]}}],"sources":[{"type":"openstreetmap","id":"way/24916937"}],"location":null,"websites":[],"id":"01cd8d6bd1dc4f29a3028b8341671e77ec2d936b"},"geometry":{"type":"LineString","coordinates":[[6.7991323,46.22907830000001],[6.8002945,46.229003000000006],[6.8021784,46.228883800000006],[6.8034262,46.228804800000006],[6.805674,46.22866260000001],[6.806249400000001,46.22862620000001],[6.8087184,46.22846990000001],[6.810874499999999,46.22833350000001],[6.8122551,46.22824610000001],[6.8143088999999994,46.228116100000015],[6.8160877,46.22800350000001],[6.817934299999998,46.2278866],[6.8194905,46.227788200000006],[6.820300799999999,46.22773690000001],[6.8207428,46.22770890000001]]}}
,
{"type":"Feature","properties":{"type":"lift","liftType":"platter","status":"operating","name":"Hameau","oneway":null,"ref":null,"description":null,"occupancy":null,"capacity":null,"duration":null,"bubble":null,"heating":null,"color":"hsl(0, 82%, 42%)","skiAreas":[],"sources":[{"type":"openstreetmap","id":"way/29283986"}],"location":null,"websites":[],"id":"2b966dad45df5e4d064a14c5f1647af398de894f"},"geometry":{"type":"LineString","coordinates":[[6.8380975,46.1840304],[6.835716799999999,46.1832077]]}}
,
{"type":"Feature","properties":{"type":"lift","liftType":"drag_lift","status":"operating","name":"Cuboré","oneway":null,"ref":null,"description":null,"occupancy":null,"capacity":null,"duration":null,"bubble":null,"heating":null,"color":"hsl(0, 82%, 42%)","skiAreas":[],"sources":[{"type":"openstreetmap","id":"way/29283989"}],"location":null,"websites":[],"id":"d2f41e6601b2ee07e324870546fbf102c73cbbaf"},"geometry":{"type":"LineString","coordinates":[[6.810906899999999,46.1862272],[6.814326599999999,46.1832581]]}}
,
{"type":"Feature","properties":{"type":"lift","liftType":"chair_lift","status":"operating","name":"Cuboré","oneway":null,"ref":null,"description":null,"occupancy":3,"capacity":1350,"duration":180,"bubble":null,"heating":null,"color":"hsl(0, 82%, 42%)","skiAreas":[],"sources":[{"type":"openstreetmap","id":"way/29285752"}],"location":null,"websites":[],"id":"87b1050fa90ff30c0aa10be037f5cee1535f6b27"},"geometry":{"type":"LineString","coordinates":[[6.8027412,46.175817200000004],[6.8035334999999995,46.1766826],[6.8041239,46.1773395],[6.805112499999999,46.1784395],[6.805329,46.1786804]]}}
,
{"type":"Feature","properties":{"type":"lift","liftType":"chair_lift","status":"operating","name":"Cuboré","oneway":null,"ref":null,"description":null,"occupancy":3,"capacity":1350,"duration":240,"bubble":null,"heating":null,"color":"hsl(0, 82%, 42%)","skiAreas":[],"sources":[{"type":"openstreetmap","id":"way/29285756"}],"location":null,"websites":[],"id":"b55d4c7e7101b37325c9ca4790d7e8c0fc958449"},"geometry":{"type":"LineString","coordinates":[[6.808784999999999,46.1824862],[6.8086928,46.1823847],[6.808362400000001,46.182020900000005],[6.8076561,46.181243099999996],[6.8070425,46.180567399999994],[6.8069287,46.1804421],[6.806133999999999,46.179566900000005],[6.8056817,46.1790688],[6.805437799999999,46.178800300000006],[6.805329,46.1786804]]}}
,
{"type":"Feature","properties":{"type":"lift","liftType":"platter","status":"operating","name":"Surf","oneway":null,"ref":null,"description":null,"occupancy":null,"capacity":null,"duration":null,"bubble":null,"heating":null,"color":"hsl(0, 82%, 42%)","skiAreas":[],"sources":[{"type":"openstreetmap","id":"way/29286845"}],"location":null,"websites":[],"id":"cf70d246b5fb24930ed9d52b31deae43be53b106"},"geometry":{"type":"LineString","coordinates":[[6.778462100000001,46.18725439999999],[6.777628900000001,46.185913000000006]]}}
,
{"type":"Feature","properties":{"type":"lift","liftType":"chair_lift","status":"operating","name":"Tour","oneway":null,"ref":null,"description":null,"occupancy":6,"capacity":3000,"duration":180,"bubble":false,"heating":null,"color":"hsl(0, 82%, 42%)","skiAreas":[],"sources":[{"type":"openstreetmap","id":"way/29287623"}],"location":null,"websites":[],"id":"a7fee3a8656fedf1e9b9023199eafd96b0cdc556"},"geometry":{"type":"LineString","coordinates":[[6.7803965,46.18805530000001],[6.7800387,46.1886397],[6.7795002,46.18951920000001],[6.778319400000001,46.1914478],[6.7779989,46.191971200000005],[6.7772258,46.19323370000001],[6.776774400000001,46.193971000000005],[6.776610700000001,46.19423830000001]]}}
,
{"type":"Feature","properties":{"type":"lift","liftType":"chair_lift","status":"operating","name":"Léchère","oneway":null,"ref":null,"description":null,"occupancy":6,"capacity":2700,"duration":300,"bubble":false,"heating":false,"color":"hsl(0, 82%, 42%)","skiAreas":[],"sources":[{"type":"openstreetmap","id":"way/29287970"}],"location":null,"websites":[],"id":"b84950b9c5192c226480a22f401161f59a6721d6"},"geometry":{"type":"LineString","coordinates":[[6.7792045000000005,46.2060945],[6.7799595,46.20557010000001],[6.780627600000001,46.20511940000001],[6.7819579,46.204162100000005],[6.7830165,46.203371000000004],[6.7839668,46.202672500000006],[6.7850792,46.201859],[6.786760500000001,46.200653900000006],[6.7874423,46.200113400000006],[6.788493600000001,46.199347],[6.7891618000000005,46.1988411],[6.789706100000001,46.19842190000001],[6.7911245,46.197405100000005],[6.7928023,46.196202400000004],[6.7931804,46.19593130000001],[6.7943136,46.19511900000001],[6.794649300000001,46.194878300000006]]}}
,
{"type":"Feature","properties":{"type":"lift","liftType":"platter","status":"operating","name":"Rubis","oneway":null,"ref":null,"description":null,"occupancy":null,"capacity":null,"duration":null,"bubble":null,"heating":null,"color":"hsl(0, 82%, 42%)","skiAreas":[{"type":"Feature","properties":{"type":"skiArea","name":"Châtel","sources":[{"type":"openstreetmap","id":"relation/5763952"}],"activities":[],"generated":false,"status":"operating","websites":[],"runConvention":"north_america","location":null,"id":"cd9575d80e0c47ed91caa814eae2093f13bc9e67"},"geometry":{"type":"Point","coordinates":[360,360,5763952]}}],"sources":[{"type":"openstreetmap","id":"way/29288813"}],"location":null,"websites":[],"id":"a90712b88ef5052a88b79157d86bbdbcb72fb0b2"},"geometry":{"type":"LineString","coordinates":[[6.7888396,46.232449100000004],[6.7862540000000005,46.23238190000001]]}}
,
{"type":"Feature","properties":{"type":"lift","liftType":"chair_lift","status":"operating","name":"Pré la Joux","oneway":null,"ref":null,"description":null,"occupancy":6,"capacity":null,"duration":null,"bubble":null,"heating":null,"color":"hsl(0, 82%, 42%)","skiAreas":[{"type":"Feature","properties":{"type":"skiArea","name":"Châtel","sources":[{"type":"openstreetmap","id":"relation/5763952"}],"activities":[],"generated":false,"status":"operating","websites":[],"runConvention":"north_america","location":null,"id":"cd9575d80e0c47ed91caa814eae2093f13bc9e67"},"geometry":{"type":"Point","coordinates":[360,360,5763952]}}],"sources":[{"type":"openstreetmap","id":"way/29288817"}],"location":null,"websites":[],"id":"72dd25a50be148c8ed8757c7604578e9e473c605"},"geometry":{"type":"LineString","coordinates":[[6.790553999999999,46.23525980000001],[6.7909134,46.234970800000006],[6.7921387,46.233985800000006],[6.7924809999999995,46.23371060000001],[6.793358700000001,46.233005000000006],[6.793429000000001,46.232948400000005],[6.7942834,46.2322616],[6.7954656,46.231311100000006],[6.7956742,46.2311434],[6.7971664,46.22994370000001],[6.7980261,46.22925250000001],[6.798373400000001,46.228973300000014],[6.799147700000001,46.228350700000014],[6.799699200000001,46.227907200000004],[6.8009792,46.22687810000001],[6.8015716,46.226401800000005],[6.8019601000000005,46.2260894],[6.802259100000001,46.225849000000004]]}}
,
{"type":"Feature","properties":{"type":"lift","liftType":"chair_lift","status":"operating","name":"Petit Châtel","oneway":false,"ref":null,"description":null,"occupancy":null,"capacity":null,"duration":null,"bubble":null,"heating":null,"color":"hsl(0, 82%, 42%)","skiAreas":[{"type":"Feature","properties":{"type":"skiArea","name":"Châtel","sources":[{"type":"openstreetmap","id":"relation/5763952"}],"activities":[],"generated":false,"status":"operating","websites":[],"runConvention":"north_america","location":null,"id":"cd9575d80e0c47ed91caa814eae2093f13bc9e67"},"geometry":{"type":"Point","coordinates":[360,360,5763952]}}],"sources":[{"type":"openstreetmap","id":"way/29289470"}],"location":null,"websites":[],"id":"31986c71f9ace9520141f34542b7f1d208eeea97"},"geometry":{"type":"LineString","coordinates":[[6.836778300000001,46.277255200000006],[6.836918799999999,46.277382100000004],[6.8372315,46.277664599999994],[6.838253300000001,46.278587800000004],[6.8385771,46.278880300000004],[6.8388672,46.27913950000001],[6.8397133000000006,46.27990260000001],[6.8403067,46.2804378],[6.8406662,46.280762],[6.840935099999999,46.2809974],[6.841078100000001,46.2811262],[6.8423744,46.282293100000004],[6.8426298,46.282523000000005]]}}
,
{"type":"Feature","properties":{"type":"lift","liftType":"chair_lift","status":"operating","name":"Brochaux","oneway":null,"ref":null,"description":null,"occupancy":6,"capacity":3000,"duration":180,"bubble":null,"heating":null,"color":"hsl(0, 82%, 42%)","skiAreas":[],"sources":[{"type":"openstreetmap","id":"way/30170411"}],"location":null,"websites":[],"id":"4f16ac901903789adb557dc3b01c78750b4bc268"},"geometry":{"type":"LineString","coordinates":[[6.787183499999999,46.19830810000001],[6.786747000000001,46.19757500000001],[6.785898700000001,46.19615030000001],[6.785246100000001,46.19505420000001],[6.7846909,46.194121900000006],[6.7835507,46.19220670000001],[6.7827565,46.19087290000001]]}}
,
{"type":"Feature","properties":{"type":"lift","liftType":"drag_lift","status":"operating","name":"Baron","oneway":null,"ref":null,"description":null,"occupancy":1,"capacity":900,"duration":135,"bubble":null,"heating":null,"color":"hsl(0, 82%, 42%)","skiAreas":[],"sources":[{"type":"openstreetmap","id":"way/30351719"}],"location":null,"websites":[],"id":"70f84885506036abfb37ef7a4e5a202c597eabf3"},"geometry":{"type":"LineString","coordinates":[[6.739720800000001,46.19503380000001],[6.7389268,46.19516270000001],[6.7377419000000005,46.195355100000015],[6.736764300000001,46.195513800000015],[6.736033900000001,46.19563240000001],[6.7355312,46.19571400000001],[6.734530899999999,46.1958764]]}}
,
{"type":"Feature","properties":{"type":"lift","liftType":"chair_lift","status":"operating","name":"Zore","oneway":null,"ref":null,"description":null,"occupancy":4,"capacity":2400,"duration":270,"bubble":false,"heating":null,"color":"hsl(0, 82%, 42%)","skiAreas":[],"sources":[{"type":"openstreetmap","id":"way/30352096"}],"location":null,"websites":[],"id":"db34c87029c38af30a6bd4fda4b29c522f4806a1"},"geometry":{"type":"LineString","coordinates":[[6.7181591,46.19037730000001],[6.7184104,46.1904811],[6.7190298,46.1907415],[6.7203753,46.191307],[6.7209992,46.1915692],[6.722134399999999,46.1920464],[6.7234422,46.19259610000001],[6.7250295,46.193263300000005],[6.7268713,46.1940374],[6.728805799999999,46.1948505],[6.730414199999999,46.19552660000001],[6.731788600000001,46.19610420000001],[6.732022300000001,46.196203600000004]]}}
,
{"type":"Feature","properties":{"type":"lift","liftType":"platter","status":"operating","name":"Écoles 1","oneway":null,"ref":null,"description":null,"occupancy":null,"capacity":600,"duration":120,"bubble":null,"heating":null,"color":"hsl(0, 82%, 42%)","skiAreas":[],"sources":[{"type":"openstreetmap","id":"way/30353157"}],"location":null,"websites":[],"id":"d179abb459ea2db782897ac084ea8c8edeb15517"},"geometry":{"type":"LineString","coordinates":[[6.770309200000001,46.194519400000004],[6.7708113,46.1948716],[6.771231200000001,46.19515250000001],[6.771697500000001,46.19545730000001],[6.772348100000001,46.195893500000004],[6.772473700000001,46.195968500000006]]}}
,
{"type":"Feature","properties":{"type":"lift","liftType":"platter","status":"operating","name":"Chapelle","oneway":null,"ref":null,"description":null,"occupancy":null,"capacity":820,"duration":120,"bubble":null,"heating":null,"color":"hsl(0, 82%, 42%)","skiAreas":[],"sources":[{"type":"openstreetmap","id":"way/30353221"}],"location":null,"websites":[],"id":"a128405dbede44a7d9223c23312ef451178a4596"},"geometry":{"type":"LineString","coordinates":[[6.768868400000001,46.196237800000006],[6.769975499999999,46.19636580000001],[6.7709589,46.19663260000001],[6.7720183,46.196920000000006],[6.7727108,46.197107800000005],[6.7728538,46.1971466]]}}
,
{"type":"Feature","properties":{"type":"lift","liftType":"platter","status":"operating","name":"Trashers","oneway":null,"ref":null,"description":null,"occupancy":null,"capacity":460,"duration":null,"bubble":null,"heating":null,"color":"hsl(0, 82%, 42%)","skiAreas":[],"sources":[{"type":"openstreetmap","id":"way/30353553"}],"location":null,"websites":[],"id":"fd151db8bc55eda00141ced05514d5432853e85d"},"geometry":{"type":"LineString","coordinates":[[6.7678764,46.19232380000001],[6.7682590000000005,46.192141500000005],[6.7687067,46.19192820000001],[6.7691193,46.191731600000004],[6.7696362,46.1914854],[6.7698067,46.19140590000001]]}}
,
{"type":"Feature","properties":{"type":"lift","liftType":"drag_lift","status":"operating","name":"Chavanette 1","oneway":null,"ref":null,"description":null,"occupancy":null,"capacity":900,"duration":420,"bubble":null,"heating":null,"color":"hsl(0, 82%, 42%)","skiAreas":[],"sources":[{"type":"openstreetmap","id":"way/30482077"}],"location":null,"websites":[],"id":"459375ae6d2c72c8a53c6c73d0489181e036df5e"},"geometry":{"type":"LineString","coordinates":[[6.789280100000001,46.17953680000001],[6.790367900000001,46.17893820000001],[6.7910706,46.1786442],[6.7919811,46.17829390000001],[6.7933383,46.1777717],[6.794080299999999,46.1774862],[6.7954456,46.176960900000005],[6.7964169,46.1765872],[6.7971672,46.1762985],[6.798263300000001,46.175876800000005],[6.799108400000001,46.17555170000001],[6.799929100000001,46.17523590000001],[6.800935199999999,46.1748487],[6.8017115,46.17455],[6.802475299999999,46.1742561],[6.803197,46.173978500000004],[6.8036963,46.1737863],[6.804564899999999,46.173452100000006],[6.8052524000000005,46.1731876]]}}
,
{"type":"Feature","properties":{"type":"lift","liftType":"chair_lift","status":"operating","name":"Plateau","oneway":null,"ref":null,"description":null,"occupancy":3,"capacity":1200,"duration":360,"bubble":null,"heating":null,"color":"hsl(0, 82%, 42%)","skiAreas":[],"sources":[{"type":"openstreetmap","id":"way/30610172"}],"location":null,"websites":[],"id":"a3acfaeb7b88ba58548fb1ac60826adfb20fdabb"},"geometry":{"type":"LineString","coordinates":[[6.7747503,46.1880635],[6.7745054,46.18874580000001],[6.7742375,46.189492300000005],[6.773322300000001,46.19206530000001],[6.772749200000001,46.193638500000006],[6.772507,46.194334500000004]]}}
,
{"type":"Feature","properties":{"type":"lift","liftType":"chair_lift","status":"operating","name":"Belvédère","oneway":true,"ref":null,"description":null,"occupancy":6,"capacity":2800,"duration":200,"bubble":false,"heating":false,"color":"hsl(0, 82%, 42%)","skiAreas":[],"sources":[{"type":"openstreetmap","id":"way/30626081"}],"location":null,"websites":[],"id":"3f662dd7397a0ecd13781f78894bffc00dd2cc3f"},"geometry":{"type":"LineString","coordinates":[[6.6912753,46.171423],[6.6914374,46.1707492],[6.6916101,46.170031900000005],[6.6917405,46.169490100000004],[6.692011199999999,46.16836500000001],[6.692214599999999,46.16751980000001],[6.6923639999999995,46.1667876],[6.6926039,46.16590230000001],[6.6926417,46.16574520000001],[6.692773799999999,46.16519620000001],[6.6930385999999995,46.164082900000004],[6.693192499999999,46.163501600000004],[6.6933061,46.162893000000004]]}}
,
{"type":"Feature","properties":{"type":"lift","liftType":"chair_lift","status":"operating","name":"Charniaz Express","oneway":null,"ref":null,"description":null,"occupancy":6,"capacity":3000,"duration":348,"bubble":null,"heating":null,"color":"hsl(0, 82%, 42%)","skiAreas":[],"sources":[{"type":"openstreetmap","id":"way/30626904"}],"location":null,"websites":[],"id":"c915535dbb9359f86d7c3653d8dbab39a91c7330"},"geometry":{"type":"LineString","coordinates":[[6.703659900000001,46.1520395],[6.7035579,46.151865199999996],[6.7033012,46.1513511],[6.70302,46.1508113],[6.702449700000001,46.1497693],[6.7019029,46.14872210000001],[6.7013822,46.1477251],[6.7008003,46.146610700000004],[6.7002849,46.1456238],[6.6996498,46.14440749999999],[6.699175299999999,46.1434986],[6.698836299999999,46.142849399999996],[6.6982214,46.1416718],[6.6975156999999985,46.140320300000006],[6.6970491999999995,46.1394267],[6.696519599999999,46.138408600000005],[6.6964786,46.138331400000006],[6.696359,46.13810600000001]]}}
,
{"type":"Feature","properties":{"type":"lift","liftType":"chair_lift","status":"operating","name":"Cornebois","oneway":null,"ref":null,"description":null,"occupancy":4,"capacity":2600,"duration":366,"bubble":null,"heating":null,"color":"hsl(0, 82%, 42%)","skiAreas":[{"type":"Feature","properties":{"type":"skiArea","name":"Châtel","sources":[{"type":"openstreetmap","id":"relation/5763952"}],"activities":[],"generated":false,"status":"operating","websites":[],"runConvention":"north_america","location":null,"id":"cd9575d80e0c47ed91caa814eae2093f13bc9e67"},"geometry":{"type":"Point","coordinates":[360,360,5763952]}}],"sources":[{"type":"openstreetmap","id":"way/30627272"}],"location":null,"websites":[],"id":"7b18d6e75cc9d603abdc4cd3b9f1e4f1bc64b104"},"geometry":{"type":"LineString","coordinates":[[6.7988313,46.228331800000014],[6.7993398,46.227535900000014],[6.8001071,46.22633490000001],[6.8008904,46.225108900000016],[6.8014725,46.224197600000004],[6.8021194,46.22318510000001],[6.802503999999999,46.22258300000001],[6.803095,46.221657900000004],[6.8034334,46.22112810000001],[6.8041304999999985,46.220037000000005],[6.8045922999999995,46.219314000000004],[6.8046737,46.2191867],[6.805399,46.218051100000004],[6.805924999999999,46.217227699999995],[6.8064283,46.2164398],[6.8070322999999995,46.2154942],[6.807824799999999,46.2142535],[6.807981299999999,46.2140097]]}}
,
{"type":"Feature","properties":{"type":"lift","liftType":"chair_lift","status":"operating","name":"Crusaz","oneway":null,"ref":null,"description":null,"occupancy":4,"capacity":2000,"duration":420,"bubble":false,"heating":null,"color":"hsl(0, 82%, 42%)","skiAreas":[],"sources":[{"type":"openstreetmap","id":"way/30627383"}],"location":null,"websites":[],"id":"8331f0eeabdd18367989db3098a59cab6b7dad49"},"geometry":{"type":"LineString","coordinates":[[6.701086,46.180199200000004],[6.7006144999999995,46.1799174],[6.6994326,46.179211],[6.6983086,46.17853930000001],[6.697050699999999,46.17778739999999],[6.6964536,46.1774084],[6.695856599999999,46.177029399999995],[6.6946224,46.176246],[6.693986099999999,46.175842],[6.693966,46.175829300000004],[6.693113899999999,46.175288300000005],[6.6928434999999995,46.17511670000001]]}}
,
{"type":"Feature","properties":{"type":"lift","liftType":"platter","status":"operating","name":"Dromonts 2","oneway":null,"ref":null,"description":null,"occupancy":null,"capacity":null,"duration":null,"bubble":null,"heating":null,"color":"hsl(0, 82%, 42%)","skiAreas":[],"sources":[{"type":"openstreetmap","id":"way/30685905"}],"location":null,"websites":[],"id":"fcc2572ee3d386e0b0f11f38cae62f1cc1ef6265"},"geometry":{"type":"LineString","coordinates":[[6.7765153,46.19065930000001],[6.7742456,46.19222190000001]]}}
,
{"type":"Feature","properties":{"type":"lift","liftType":"platter","status":"operating","name":"Queyset","oneway":null,"ref":null,"description":null,"occupancy":null,"capacity":null,"duration":null,"bubble":null,"heating":null,"color":"hsl(0, 82%, 42%)","skiAreas":[{"type":"Feature","properties":{"type":"skiArea","name":"Châtel","sources":[{"type":"openstreetmap","id":"relation/5763952"}],"activities":[],"generated":false,"status":"operating","websites":[],"runConvention":"north_america","location":null,"id":"cd9575d80e0c47ed91caa814eae2093f13bc9e67"},"geometry":{"type":"Point","coordinates":[360,360,5763952]}}],"sources":[{"type":"openstreetmap","id":"way/30720552"}],"location":null,"websites":[],"id":"1e6f7737559c385e8f008cc54bbaf643ed61f08d"},"geometry":{"type":"LineString","coordinates":[[6.7982887000000005,46.228873500000006],[6.7981114,46.22837240000001],[6.797904499999999,46.227594200000006],[6.797724,46.2268644],[6.7975784,46.22629800000001],[6.7974485,46.22576930000001],[6.7973775,46.22539350000001],[6.7973704,46.225232800000015]]}}
,
{"type":"Feature","properties":{"type":"lift","liftType":"chair_lift","status":"operating","name":"Rosta","oneway":null,"ref":null,"description":null,"occupancy":4,"capacity":null,"duration":450,"bubble":null,"heating":null,"color":"hsl(0, 82%, 42%)","skiAreas":[],"sources":[{"type":"openstreetmap","id":"way/30749534"}],"location":null,"websites":[],"id":"303ec8de4f0ad03b38ac0222f33f6848d6e6aac8"},"geometry":{"type":"LineString","coordinates":[[6.683291400000001,46.13596630000001],[6.683243000000001,46.13591200000001],[6.683177499999999,46.1358411],[6.682835099999999,46.135435400000006],[6.682189999999999,46.134671],[6.6817867,46.134193100000005],[6.6813707,46.133700100000006],[6.680732,46.13294330000001],[6.6800185999999995,46.132097900000005],[6.6795907,46.131590900000006],[6.679343500000001,46.1313095],[6.6788273,46.130722000000006],[6.6784211,46.1302432],[6.6783486000000005,46.13016030000001],[6.6781937000000005,46.1300165]]}}
,
{"type":"Feature","properties":{"type":"lift","liftType":"chair_lift","status":"operating","name":"Écho Alpin","oneway":null,"ref":null,"description":null,"occupancy":6,"capacity":2400,"duration":null,"bubble":null,"heating":null,"color":"hsl(0, 82%, 42%)","skiAreas":[{"type":"Feature","properties":{"type":"skiArea","name":"Châtel","sources":[{"type":"openstreetmap","id":"relation/5763952"}],"activities":[],"generated":false,"status":"operating","websites":[],"runConvention":"north_america","location":null,"id":"cd9575d80e0c47ed91caa814eae2093f13bc9e67"},"geometry":{"type":"Point","coordinates":[360,360,5763952]}}],"sources":[{"type":"openstreetmap","id":"way/30749922"}],"location":null,"websites":[],"id":"86992a41591bdd96aee9ecc7e45cd6ddf34954cd"},"geometry":{"type":"LineString","coordinates":[[6.8195537,46.2444858],[6.8195084,46.2442637],[6.8194591,46.243954800000004],[6.8193092,46.243090300000006],[6.819104199999999,46.24199],[6.8189797,46.241247699999995],[6.8186914000000005,46.2396411],[6.8185681,46.23893770000001],[6.8183589,46.237861599999995],[6.818134899999999,46.2366174],[6.818051799999999,46.23613250000001],[6.817812299999999,46.2348267],[6.817585999999999,46.2335416],[6.817458799999999,46.23285320000001],[6.8172472,46.231658700000004],[6.8170635,46.2306493],[6.8170474,46.2305611],[6.817017899999999,46.23037320000001]]}}
,
{"type":"Feature","properties":{"type":"lift","liftType":"platter","status":"operating","name":"Stade","oneway":null,"ref":null,"description":null,"occupancy":null,"capacity":null,"duration":null,"bubble":null,"heating":null,"color":"hsl(0, 82%, 42%)","skiAreas":[{"type":"Feature","properties":{"type":"skiArea","name":"Châtel","sources":[{"type":"openstreetmap","id":"relation/5763952"}],"activities":[],"generated":false,"status":"operating","websites":[],"runConvention":"north_america","location":null,"id":"cd9575d80e0c47ed91caa814eae2093f13bc9e67"},"geometry":{"type":"Point","coordinates":[360,360,5763952]}}],"sources":[{"type":"openstreetmap","id":"way/30750444"}],"location":null,"websites":[],"id":"4efed371a063135c8e0da27ed14e4d96714184e7"},"geometry":{"type":"LineString","coordinates":[[6.821506199999999,46.2540506],[6.8212873,46.2477591]]}}
,
{"type":"Feature","properties":{"type":"lift","liftType":"chair_lift","status":"operating","name":"Mouilles","oneway":null,"ref":null,"description":null,"occupancy":4,"capacity":null,"duration":360,"bubble":null,"heating":null,"color":"hsl(0, 82%, 42%)","skiAreas":[],"sources":[{"type":"openstreetmap","id":"way/30751809"}],"location":null,"websites":[],"id":"e187acecf5801a96e473d7346da736111d9bd7b9"},"geometry":{"type":"LineString","coordinates":[[6.694286899999999,46.175417700000004],[6.6940564999999985,46.174823599999996],[6.693554899999999,46.17353020000001],[6.6933761,46.173070200000005],[6.692817299999999,46.1716326],[6.692635699999999,46.1711654],[6.6922232,46.170116400000005],[6.6921031,46.16981210000001],[6.6919211999999995,46.169351400000004]]}}
,
{"type":"Feature","properties":{"type":"lift","liftType":"gondola","status":"operating","name":"Pléney","oneway":false,"ref":null,"description":null,"occupancy":10,"capacity":580,"duration":240,"bubble":null,"heating":null,"color":"hsl(0, 82%, 42%)","skiAreas":[],"sources":[{"type":"openstreetmap","id":"way/30752181"}],"location":null,"websites":[],"id":"ba49603d10cf44508b8592a07e3e2cca4d1cc3b4"},"geometry":{"type":"LineString","coordinates":[[6.692585499999998,46.1695975],[6.693504499999999,46.170582],[6.694090499999999,46.1712098],[6.6956811,46.17291380000001],[6.696905499999999,46.1742822],[6.6983215,46.1758636],[6.6991388999999995,46.176774900000005],[6.7001965,46.1779576],[6.7014554,46.1793654],[6.7019377,46.1799048]]}}
,
{"type":"Feature","properties":{"type":"lift","liftType":"chair_lift","status":"operating","name":"Ranfoilly Express","oneway":true,"ref":null,"description":null,"occupancy":6,"capacity":2400,"duration":390,"bubble":false,"heating":false,"color":"hsl(0, 82%, 42%)","skiAreas":[],"sources":[{"type":"openstreetmap","id":"way/30960128"}],"location":null,"websites":[],"id":"0803c2b1e91735e3064ac4ebaa20ae14d7650c19"},"geometry":{"type":"LineString","coordinates":[[6.6834595,46.136956000000005],[6.6837781000000005,46.136864599999996],[6.685116899999999,46.1364796],[6.686456,46.1360945],[6.688455599999999,46.135509000000006],[6.689950499999999,46.13507690000001],[6.6913025,46.134686099999996],[6.6931783,46.134143800000004],[6.694391899999999,46.133793100000005],[6.6964635,46.133194200000005],[6.6980137,46.132746100000006],[6.6998673,46.13221030000001],[6.7007307,46.1319427],[6.7021123,46.131550100000005],[6.7039753,46.13101030000001],[6.7042592,46.1309236]]}}
,
{"type":"Feature","properties":{"type":"lift","liftType":"chair_lift","status":"operating","name":"Folliets du Golf","oneway":null,"ref":null,"description":null,"occupancy":4,"capacity":1600,"duration":240,"bubble":false,"heating":false,"color":"hsl(0, 82%, 42%)","skiAreas":[],"sources":[{"type":"openstreetmap","id":"way/30961292"}],"location":null,"websites":[],"id":"4a887b0c45818b3a6784d85c7a73ba924a60a6fc"},"geometry":{"type":"LineString","coordinates":[[6.684019799999999,46.159416300000004],[6.6852447,46.1597595],[6.686866,46.16021370000001],[6.687987999999999,46.160528000000006],[6.6897682000000005,46.1610268],[6.6914953,46.16151070000001],[6.693580999999999,46.16209500000001],[6.6939691,46.162203700000006]]}}
,
{"type":"Feature","properties":{"type":"lift","liftType":"chair_lift","status":"operating","name":"Crêt Béni","oneway":null,"ref":null,"description":null,"occupancy":6,"capacity":null,"duration":null,"bubble":null,"heating":null,"color":"hsl(0, 82%, 42%)","skiAreas":[{"type":"Feature","properties":{"type":"skiArea","name":"La Chapelle d'Abondance","sources":[{"type":"openstreetmap","id":"relation/5763676"}],"activities":[],"generated":false,"status":"operating","websites":[],"runConvention":"north_america","location":null,"id":"8ab6f8a4372774042033a0721b21c2fbb8df2c9c"},"geometry":{"type":"Point","coordinates":[360,360,5763676]}}],"sources":[{"type":"openstreetmap","id":"way/31349026"}],"location":null,"websites":[],"id":"4ff72784ca249459a57e30ea3fc17b505d71dfb5"},"geometry":{"type":"LineString","coordinates":[[6.781140300000001,46.292210200000014],[6.7806505,46.2914447],[6.780122100000001,46.29061900000001],[6.779549500000001,46.2897284],[6.7787535000000005,46.2884838],[6.7778919,46.2871447],[6.7773219000000005,46.286250800000005],[6.7769508,46.285666],[6.776420000000001,46.284850399999996],[6.775725700000001,46.283773200000006],[6.7754249,46.283292],[6.7751899,46.28291580000001]]}}
,
{"type":"Feature","properties":{"type":"lift","liftType":"platter","status":"operating","name":"Bambi","oneway":null,"ref":null,"description":null,"occupancy":null,"capacity":null,"duration":null,"bubble":null,"heating":null,"color":"hsl(0, 82%, 42%)","skiAreas":[{"type":"Feature","properties":{"type":"skiArea","name":"La Chapelle d'Abondance","sources":[{"type":"openstreetmap","id":"relation/5763676"}],"activities":[],"generated":false,"status":"operating","websites":[],"runConvention":"north_america","location":null,"id":"8ab6f8a4372774042033a0721b21c2fbb8df2c9c"},"geometry":{"type":"Point","coordinates":[360,360,5763676]}}],"sources":[{"type":"openstreetmap","id":"way/31349047"}],"location":null,"websites":[],"id":"e38271fb88809324e4c662bd47f8b7bb3c104f30"},"geometry":{"type":"LineString","coordinates":[[6.7743354,46.284663099999996],[6.774384199999999,46.2841365],[6.7744201,46.2835274],[6.7744831,46.282608200000006],[6.7744894,46.28236810000001]]}}
,
{"type":"Feature","properties":{"type":"lift","liftType":"platter","status":"operating","name":"Prés 2","oneway":null,"ref":null,"description":null,"occupancy":null,"capacity":null,"duration":null,"bubble":null,"heating":null,"color":"hsl(0, 82%, 42%)","skiAreas":[{"type":"Feature","properties":{"type":"skiArea","name":"La Chapelle d'Abondance","sources":[{"type":"openstreetmap","id":"relation/5763676"}],"activities":[],"generated":false,"status":"operating","websites":[],"runConvention":"north_america","location":null,"id":"8ab6f8a4372774042033a0721b21c2fbb8df2c9c"},"geometry":{"type":"Point","coordinates":[360,360,5763676]}}],"sources":[{"type":"openstreetmap","id":"way/31349048"}],"location":null,"websites":[],"id":"31bd19dce8a1e71d0cfc1015e4df5fde17aa4ab6"},"geometry":{"type":"LineString","coordinates":[[6.778043300000001,46.2846343],[6.7753649000000005,46.2817794]]}}
,
{"type":"Feature","properties":{"type":"lift","liftType":"platter","status":"operating","name":"Prés 1","oneway":null,"ref":null,"description":null,"occupancy":null,"capacity":null,"duration":null,"bubble":null,"heating":null,"color":"hsl(0, 82%, 42%)","skiAreas":[{"type":"Feature","properties":{"type":"skiArea","name":"La Chapelle d'Abondance","sources":[{"type":"openstreetmap","id":"relation/5763676"}],"activities":[],"generated":false,"status":"operating","websites":[],"runConvention":"north_america","location":null,"id":"8ab6f8a4372774042033a0721b21c2fbb8df2c9c"},"geometry":{"type":"Point","coordinates":[360,360,5763676]}}],"sources":[{"type":"openstreetmap","id":"way/31349049"}],"location":null,"websites":[],"id":"244ff5d3a4910fdbc064bdb7ed7fcfc99872e665"},"geometry":{"type":"LineString","coordinates":[[6.7781561,46.284629599999995],[6.7751264,46.281398100000004]]}}
,
{"type":"Feature","properties":{"type":"lift","liftType":"platter","status":"operating","name":"Combe","oneway":null,"ref":null,"description":null,"occupancy":null,"capacity":null,"duration":null,"bubble":null,"heating":null,"color":"hsl(0, 82%, 42%)","skiAreas":[{"type":"Feature","properties":{"type":"skiArea","name":"La Chapelle d'Abondance","sources":[{"type":"openstreetmap","id":"relation/5763676"}],"activities":[],"generated":false,"status":"operating","websites":[],"runConvention":"north_america","location":null,"id":"8ab6f8a4372774042033a0721b21c2fbb8df2c9c"},"geometry":{"type":"Point","coordinates":[360,360,5763676]}}],"sources":[{"type":"openstreetmap","id":"way/31738075"}],"location":null,"websites":[],"id":"4b7d4cf472bea49e58706b646ad1d269b760103a"},"geometry":{"type":"LineString","coordinates":[[6.771751400000001,46.2845796],[6.7676351,46.2770932],[6.764570799999999,46.2750673],[6.7642332,46.2742806]]}}
,
{"type":"Feature","properties":{"type":"lift","liftType":"chair_lift","status":"operating","name":"Fontaines","oneway":null,"ref":null,"description":null,"occupancy":3,"capacity":null,"duration":null,"bubble":null,"heating":null,"color":"hsl(0, 82%, 42%)","skiAreas":[{"type":"Feature","properties":{"type":"skiArea","name":"La Chapelle d'Abondance","sources":[{"type":"openstreetmap","id":"relation/5763676"}],"activities":[],"generated":false,"status":"operating","websites":[],"runConvention":"north_america","location":null,"id":"8ab6f8a4372774042033a0721b21c2fbb8df2c9c"},"geometry":{"type":"Point","coordinates":[360,360,5763676]}}],"sources":[{"type":"openstreetmap","id":"way/31738076"}],"location":null,"websites":[],"id":"b03e009fa437df7189a2488153957f4d306b3676"},"geometry":{"type":"LineString","coordinates":[[6.778645600000001,46.2846731],[6.778543000000001,46.284333700000005],[6.7784012,46.28386439999999],[6.778091400000001,46.282839],[6.777919499999999,46.282270200000006],[6.7778479,46.2820334],[6.7773847,46.2805005],[6.7771187,46.279620200000004],[6.7770476,46.279384900000004],[6.776740500000001,46.278220600000004],[6.776695500000001,46.27805010000001],[6.776620600000001,46.277765800000005]]}}
,
{"type":"Feature","properties":{"type":"lift","liftType":"gondola","status":"operating","name":"Panthiaz","oneway":false,"ref":null,"description":null,"occupancy":6,"capacity":null,"duration":null,"bubble":null,"heating":null,"color":"hsl(0, 82%, 42%)","skiAreas":[{"type":"Feature","properties":{"type":"skiArea","name":"La Chapelle d'Abondance","sources":[{"type":"openstreetmap","id":"relation/5763676"}],"activities":[],"generated":false,"status":"operating","websites":[],"runConvention":"north_america","location":null,"id":"8ab6f8a4372774042033a0721b21c2fbb8df2c9c"},"geometry":{"type":"Point","coordinates":[360,360,5763676]}}],"sources":[{"type":"openstreetmap","id":"way/31770794"}],"location":null,"websites":[],"id":"1b39472bb65654629be3c5c06aae648ad1859fd0"},"geometry":{"type":"LineString","coordinates":[[6.799793400000001,46.29113790000001],[6.800110599999999,46.29139820000001],[6.8003561,46.29159980000001],[6.802136799999999,46.2930614],[6.8033025,46.29401810000001],[6.8038254,46.2944473],[6.8051534,46.295537300000014],[6.8053104,46.295666100000005],[6.8054673,46.29579490000001],[6.8057394,46.29601820000001],[6.806625700000001,46.29674570000001],[6.8075423,46.2974979],[6.807795499999999,46.29770570000001],[6.808288,46.298109900000014],[6.809912499999999,46.299443200000006],[6.810481199999999,46.29991800000001],[6.8106577,46.3000547],[6.8120723,46.301331499999996]]}}
,
{"type":"Feature","properties":{"type":"lift","liftType":"t-bar","status":"operating","name":"Conche 2000","oneway":null,"ref":null,"description":null,"occupancy":null,"capacity":null,"duration":null,"bubble":null,"heating":null,"color":"hsl(0, 82%, 42%)","skiAreas":[],"sources":[{"type":"openstreetmap","id":"way/31770796"}],"location":null,"websites":[],"id":"fa39455ef6fb6a90e3fdf6891128da5ead2cadbe"},"geometry":{"type":"LineString","coordinates":[[6.8328725,46.3092239],[6.832155199999999,46.3092104],[6.8316208000000005,46.309200399999995],[6.830297700000001,46.3091756],[6.8290693000000005,46.309152600000004],[6.828418999999999,46.3091404],[6.827529199999999,46.3091238],[6.827429199999999,46.3091219],[6.827344599999999,46.309120300000004],[6.8266367,46.309107]]}}
,
{"type":"Feature","properties":{"type":"lift","liftType":"chair_lift","status":"operating","name":"Tronchey","oneway":false,"ref":null,"description":null,"occupancy":4,"capacity":null,"duration":null,"bubble":false,"heating":false,"color":"hsl(0, 82%, 42%)","skiAreas":[],"sources":[{"type":"openstreetmap","id":"way/31770797"}],"location":null,"websites":[],"id":"0a95e80835b70356bb3408a9dc61abe562c3ed16"},"geometry":{"type":"LineString","coordinates":[[6.851109999999999,46.30535020000001],[6.8511277999999995,46.3052499],[6.8511371,46.3051974],[6.851215,46.304762499999995],[6.8513554999999995,46.30401439999999],[6.8515776,46.302803999999995],[6.8517584000000005,46.301806199999994],[6.8519793,46.3005548],[6.8523193,46.29872930000001],[6.852509899999999,46.297695700000006],[6.8526311,46.2970374],[6.852682199999999,46.29675730000001],[6.852917799999998,46.29547080000001],[6.853079,46.2946055],[6.853261900000001,46.29359670000001],[6.8533941,46.29289630000001],[6.8534625,46.29250860000001],[6.8534726,46.29245470000001],[6.853502,46.29230260000001]]}}
,
{"type":"Feature","properties":{"type":"lift","liftType":"t-bar","status":"operating","name":"Djeu des Têtes","oneway":null,"ref":null,"description":null,"occupancy":null,"capacity":null,"duration":null,"bubble":null,"heating":null,"color":"hsl(0, 82%, 42%)","skiAreas":[],"sources":[{"type":"openstreetmap","id":"way/31770798"}],"location":null,"websites":[],"id":"0d60816443bd5b9b6148c4483fe6c301f58657dd"},"geometry":{"type":"LineString","coordinates":[[6.8499277,46.306392800000005],[6.8486101,46.30651220000001],[6.847599,46.3066038],[6.8463104999999995,46.3067206],[6.844771799999999,46.306860099999994],[6.8446663,46.30686969999999],[6.8432776,46.3069955],[6.8415344,46.3071535],[6.840185199999999,46.3072758],[6.8387139,46.307409099999994],[6.8376618,46.30750449999999],[6.8359427,46.307660299999995],[6.8343652,46.307803299999996],[6.834179,46.307820199999995],[6.8340779,46.307829299999995],[6.8339117,46.307844399999986],[6.8323371,46.30798709999999]]}}
,
{"type":"Feature","properties":{"type":"lift","liftType":"drag_lift","status":"operating","name":"Onnaz","oneway":null,"ref":null,"description":null,"occupancy":null,"capacity":null,"duration":null,"bubble":null,"heating":null,"color":"hsl(0, 82%, 42%)","skiAreas":[],"sources":[{"type":"openstreetmap","id":"way/31770799"}],"location":null,"websites":[],"id":"4d3c2f253725de051147d51ab6bdb6cc92cb2b1f"},"geometry":{"type":"LineString","coordinates":[[6.8718915,46.2810084],[6.864618799999999,46.2837517]]}}
,
{"type":"Feature","properties":{"type":"lift","liftType":"drag_lift","status":"operating","name":"Chaux Longe","oneway":null,"ref":null,"description":null,"occupancy":null,"capacity":null,"duration":null,"bubble":null,"heating":null,"color":"hsl(0, 82%, 42%)","skiAreas":[],"sources":[{"type":"openstreetmap","id":"way/31770800"}],"location":null,"websites":[],"id":"8ab532fdc13f05e9e6845b2a02b807ff6f1648db"},"geometry":{"type":"LineString","coordinates":[[6.8641904999999985,46.284435300000005],[6.861811599999999,46.28851920000001]]}}
,
{"type":"Feature","properties":{"type":"lift","liftType":"drag_lift","status":"operating","name":"Contrebandiers","oneway":null,"ref":null,"description":null,"occupancy":null,"capacity":null,"duration":null,"bubble":null,"heating":null,"color":"hsl(0, 82%, 42%)","skiAreas":[],"sources":[{"type":"openstreetmap","id":"way/31770801"}],"location":null,"websites":[],"id":"3406b59ef9021bb05a0422ba5b7ffd6c7cbf3460"},"geometry":{"type":"LineString","coordinates":[[6.8541661,46.288329000000004],[6.8512631000000015,46.29044090000001]]}}
,
{"type":"Feature","properties":{"type":"lift","liftType":"chair_lift","status":"operating","name":"Têtes","oneway":null,"ref":null,"description":null,"occupancy":4,"capacity":3000,"duration":600,"bubble":null,"heating":null,"color":"hsl(0, 82%, 42%)","skiAreas":[],"sources":[{"type":"openstreetmap","id":"way/32310310"}],"location":null,"websites":[],"id":"e83287062bd54f1e609146f077ad56562cd70161"},"geometry":{"type":"LineString","coordinates":[[6.704086299999999,46.151704499999994],[6.7046599,46.151144499999994],[6.7054553,46.1503717],[6.7061254,46.14971380000001],[6.706509400000001,46.14933890000001],[6.7076742,46.1482017],[6.7085739,46.1473407],[6.709236700000001,46.1466969],[6.7100368999999995,46.145919500000005],[6.7104782,46.1454885],[6.711309000000001,46.1446901],[6.712134099999999,46.1438996],[6.7128518999999995,46.14319090000001],[6.7130556,46.143002700000004]]}}
,
{"type":"Feature","properties":{"type":"lift","liftType":"chair_lift","status":"operating","name":"Fys","oneway":null,"ref":null,"description":null,"occupancy":3,"capacity":1350,"duration":645,"bubble":null,"heating":null,"color":"hsl(0, 82%, 42%)","skiAreas":[],"sources":[{"type":"openstreetmap","id":"way/32310365"}],"location":null,"websites":[],"id":"60d450f2a56f30aaf09e8cc597bf6fabf46813f5"},"geometry":{"type":"LineString","coordinates":[[6.708348400000001,46.16596260000001],[6.708093900000001,46.16591930000001],[6.7067174000000005,46.16565430000001],[6.7059966,46.16547930000001],[6.7049205999999995,46.16525260000001],[6.7033747,46.16492290000001],[6.7020534000000005,46.164647099999996],[6.700410499999999,46.16430830000001],[6.698527499999999,46.163907800000004],[6.6969316999999995,46.16357800000001],[6.695488699999999,46.163265300000006],[6.694733899999999,46.1630966],[6.694330499999999,46.16301310000001],[6.6942297,46.16299220000001],[6.694128199999999,46.16297120000001],[6.693928799999999,46.162932900000015]]}}
,
{"type":"Feature","properties":{"type":"lift","liftType":"chair_lift","status":"operating","name":"Raverettes","oneway":null,"ref":null,"description":null,"occupancy":4,"capacity":null,"duration":null,"bubble":null,"heating":null,"color":"hsl(0, 82%, 42%)","skiAreas":[],"sources":[{"type":"openstreetmap","id":"way/32312982"}],"location":null,"websites":[],"id":"a963752387c664145df16793095777b6e325ccf6"},"geometry":{"type":"LineString","coordinates":[[6.7119781000000005,46.1579006],[6.7120428,46.157333],[6.712194299999999,46.156004599999996],[6.7123253,46.154855399999995],[6.7124602,46.1535515],[6.7125692,46.152497399999994],[6.7126174,46.1521296]]}}
,
{"type":"Feature","properties":{"type":"lift","liftType":"chair_lift","status":"operating","name":"Grains d'Or Express","oneway":true,"ref":null,"description":null,"occupancy":6,"capacity":1800,"duration":120,"bubble":null,"heating":null,"color":"hsl(0, 82%, 42%)","skiAreas":[],"sources":[{"type":"openstreetmap","id":"way/32344718"}],"location":null,"websites":[],"id":"a5ba5b6eec17c3e6b8f517a7e7ce66c2eaf74c3e"},"geometry":{"type":"LineString","coordinates":[[6.6832288,46.1363891],[6.6829201,46.1362668],[6.6826788,46.13617030000001],[6.6819973,46.1358979],[6.6805764,46.13532980000001],[6.6797829,46.13501260000001],[6.6776912,46.1341764],[6.6767098,46.133784],[6.676623800000001,46.133749800000004],[6.676329000000001,46.1336291]]}}
,
{"type":"Feature","properties":{"type":"lift","liftType":"chair_lift","status":"operating","name":"Nauchets Express","oneway":null,"ref":null,"description":null,"occupancy":6,"capacity":3000,"duration":200,"bubble":null,"heating":null,"color":"hsl(0, 82%, 42%)","skiAreas":[],"sources":[{"type":"openstreetmap","id":"way/32344719"}],"location":null,"websites":[],"id":"feea621b539fadbf9db837701baaeada968a1f6d"},"geometry":{"type":"LineString","coordinates":[[6.683251,46.13800560000001],[6.6834926,46.13805130000001],[6.684090599999999,46.1381645],[6.6856609,46.1384616],[6.6869537999999995,46.13870620000001],[6.6887884,46.13905330000001],[6.690410499999999,46.139360200000006],[6.6911834,46.1395064],[6.692989099999999,46.139848],[6.694432699999999,46.140134200000006],[6.694824999999999,46.1402099],[6.6951634,46.1402755]]}}
,
{"type":"Feature","properties":{"type":"lift","liftType":"chair_lift","status":"operating","name":"Chamossière Express","oneway":null,"ref":null,"description":null,"occupancy":6,"capacity":2100,"duration":390,"bubble":false,"heating":false,"color":"hsl(0, 82%, 42%)","skiAreas":[],"sources":[{"type":"openstreetmap","id":"way/32344730"}],"location":null,"websites":[],"id":"c009b17b1d0384588da51f19155c7fcbbef9c906"},"geometry":{"type":"LineString","coordinates":[[6.7101666,46.1386845],[6.7104706,46.13859500000001],[6.7110153,46.13842210000001],[6.7127006,46.137939100000004],[6.715014199999999,46.1372525],[6.716509,46.1368062],[6.7166505,46.136764],[6.7179021,46.136386200000004],[6.7188323,46.136111400000004],[6.7203881,46.135651900000006],[6.7207327,46.13555010000001],[6.7211912,46.135414700000005],[6.72279,46.1349424],[6.724258,46.134546],[6.7245884999999985,46.134443399999995],[6.724830899999999,46.13437390000001]]}}
,
{"type":"Feature","properties":{"type":"lift","liftType":"cable_car","status":"operating","name":"Nyon","oneway":null,"ref":null,"description":null,"occupancy":35,"capacity":null,"duration":null,"bubble":null,"heating":null,"color":"hsl(0, 82%, 42%)","skiAreas":[],"sources":[{"type":"openstreetmap","id":"way/32425248"}],"location":null,"websites":[],"id":"3314f6d8290c045a0b0db6dff86eb884f4cec8fc"},"geometry":{"type":"LineString","coordinates":[[6.715577199999999,46.1669618],[6.7135193,46.157937]]}}
,
{"type":"Feature","properties":{"type":"lift","liftType":"chair_lift","status":"operating","name":"Pré Favre","oneway":null,"ref":null,"description":null,"occupancy":4,"capacity":null,"duration":450,"bubble":null,"heating":null,"color":"hsl(0, 82%, 42%)","skiAreas":[],"sources":[{"type":"openstreetmap","id":"way/32425250"}],"location":null,"websites":[],"id":"302027f2ca409485d92f9cd46e193e45d984c2e9"},"geometry":{"type":"LineString","coordinates":[[6.7073659,46.1647655],[6.7077341,46.16393420000001],[6.7080775,46.16315890000001],[6.7082325,46.16280890000001],[6.708499700000001,46.16220570000001],[6.7088077,46.16151030000001],[6.709113,46.160820900000004],[6.709272800000001,46.160460300000004],[6.7094418000000005,46.160078500000004],[6.709803600000001,46.159261699999995],[6.7102824000000005,46.1581805],[6.7104881999999995,46.157716],[6.7105839,46.1574998]]}}
,
{"type":"Feature","properties":{"type":"lift","liftType":"chair_lift","status":"operating","name":"Télésiège de Braitaz","oneway":null,"ref":null,"description":null,"occupancy":null,"capacity":null,"duration":null,"bubble":null,"heating":null,"color":"hsl(0, 82%, 42%)","skiAreas":[{"type":"Feature","properties":{"type":"skiArea","name":"La Chapelle d'Abondance","sources":[{"type":"openstreetmap","id":"relation/5763676"}],"activities":[],"generated":false,"status":"operating","websites":[],"runConvention":"north_america","location":null,"id":"8ab6f8a4372774042033a0721b21c2fbb8df2c9c"},"geometry":{"type":"Point","coordinates":[360,360,5763676]}}],"sources":[{"type":"openstreetmap","id":"way/35881681"}],"location":null,"websites":[],"id":"7966b325801b549f1df4517a8bf74bfd1be760a6"},"geometry":{"type":"LineString","coordinates":[[6.815789799999999,46.29967330000001],[6.815923,46.29981240000001],[6.8161797,46.300080599999994],[6.816534199999999,46.3004511],[6.8177639999999995,46.3017358],[6.817865299999999,46.30184169999999],[6.8184716,46.3024751],[6.8188737999999995,46.3028953],[6.8193783,46.303422399999995],[6.820162799999999,46.304241899999994],[6.8202737,46.3043577],[6.820864599999999,46.304975],[6.8216518,46.305797399999996],[6.8222987999999996,46.3064733],[6.822973799999999,46.3071784],[6.8243238999999996,46.3085888],[6.825436399999999,46.309750900000004],[6.8255699,46.30989039999999],[6.825736599999999,46.31006449999999]]}}
,
{"type":"Feature","properties":{"type":"lift","liftType":"drag_lift","status":"disused","name":"Fignards","oneway":null,"ref":null,"description":null,"occupancy":null,"capacity":null,"duration":null,"bubble":null,"heating":null,"color":"hsl(0, 53%, 42%)","skiAreas":[],"sources":[{"type":"openstreetmap","id":"way/44538224"}],"location":null,"websites":[],"id":"13de5d60275187c1761914bc6e17394f10822ab3"},"geometry":{"type":"LineString","coordinates":[[6.8697495,46.3142387],[6.8691037999999995,46.3137709],[6.868014599999999,46.313029799999995],[6.8674241999999985,46.3126184],[6.8664224,46.3119203],[6.866121499999999,46.3117107],[6.865075899999999,46.310981999999996],[6.863752799999999,46.310060099999994],[6.8632547,46.30971290000001]]}}
,
{"type":"Feature","properties":{"type":"lift","liftType":"chair_lift","status":"abandoned","name":"Télésiège Jorette","oneway":null,"ref":null,"description":null,"occupancy":null,"capacity":null,"duration":null,"bubble":null,"heating":null,"color":"hsl(0, 53%, 42%)","skiAreas":[],"sources":[{"type":"openstreetmap","id":"way/44538226"}],"location":null,"websites":[],"id":"abcd92e1b4e636b5c6c6614a764da04f973989ed"},"geometry":{"type":"LineString","coordinates":[[6.8673269999999995,46.3142223],[6.8672413,46.3141352],[6.8668991,46.31378769999999],[6.866039799999999,46.31287699999999],[6.864997899999999,46.3117727],[6.864089599999999,46.31081],[6.8639988999999995,46.3107139],[6.8632773,46.3099491],[6.8622381,46.30884759999999],[6.86145,46.30801230000001],[6.8602998,46.3067931],[6.859505899999999,46.3059517],[6.8592135,46.305641699999995],[6.8581422,46.3045061],[6.858077199999999,46.304437199999995],[6.8580444,46.304402399999994],[6.857906099999999,46.304265699999995]]}}
,
{"type":"Feature","properties":{"type":"lift","liftType":"chair_lift","status":"abandoned","name":"Télésiège Grands Places","oneway":null,"ref":null,"description":null,"occupancy":null,"capacity":null,"duration":null,"bubble":null,"heating":null,"color":"hsl(0, 53%, 42%)","skiAreas":[],"sources":[{"type":"openstreetmap","id":"way/45666705"}],"location":null,"websites":[],"id":"dd46fef8dd63c1c3b5a332ffcdc02b81d2557a4c"},"geometry":{"type":"LineString","coordinates":[[6.850054999999999,46.3055673],[6.850272100000001,46.3055285],[6.851926799999999,46.30523290000001],[6.8528477,46.305068399999996],[6.853847,46.30488989999999],[6.8554961,46.3045953],[6.8572099,46.30428909999999],[6.857314399999999,46.304270499999994],[6.857719799999999,46.3041981]]}}
,
{"type":"Feature","properties":{"type":"lift","liftType":"drag_lift","status":"operating","name":"Les Cerniers","oneway":null,"ref":null,"description":null,"occupancy":null,"capacity":null,"duration":null,"bubble":null,"heating":null,"color":"hsl(0, 82%, 42%)","skiAreas":[],"sources":[{"type":"openstreetmap","id":"way/47421807"}],"location":null,"websites":[],"id":"b4ff72e464e7c7896a08c5fc83d3a6feca3a2702"},"geometry":{"type":"LineString","coordinates":[[6.9601767,46.22129580000001],[6.9548922,46.21567220000001]]}}
,
{"type":"Feature","properties":{"type":"lift","liftType":"drag_lift","status":"operating","name":"Les Cerniers","oneway":null,"ref":null,"description":null,"occupancy":null,"capacity":null,"duration":null,"bubble":null,"heating":null,"color":"hsl(0, 82%, 42%)","skiAreas":[],"sources":[{"type":"openstreetmap","id":"way/47421808"}],"location":null,"websites":[],"id":"65bdaba671231488e8d300bc2dd8f8579d2752d9"},"geometry":{"type":"LineString","coordinates":[[6.9547706,46.2167424],[6.948675700000001,46.213939200000006]]}}
,
{"type":"Feature","properties":{"type":"lift","liftType":"platter","status":"operating","name":"Gueilly","oneway":null,"ref":null,"description":null,"occupancy":1,"capacity":null,"duration":null,"bubble":null,"heating":null,"color":"hsl(0, 82%, 42%)","skiAreas":[],"sources":[{"type":"openstreetmap","id":"way/49397555"}],"location":null,"websites":[],"id":"2d6435dc19567b77c64345491d06c6a3e8366e54"},"geometry":{"type":"LineString","coordinates":[[6.837434699999999,46.19305320000001],[6.8379767,46.19331450000001],[6.8384990000000005,46.19356620000001],[6.8395096,46.1940534],[6.840107,46.1943414],[6.8404076,46.1944863]]}}
,
{"type":"Feature","properties":{"type":"lift","liftType":"rope_tow","status":"operating","name":"Babylift Planachaux","oneway":null,"ref":null,"description":null,"occupancy":null,"capacity":null,"duration":null,"bubble":null,"heating":null,"color":"hsl(0, 82%, 42%)","skiAreas":[],"sources":[{"type":"openstreetmap","id":"way/49449610"}],"location":null,"websites":[],"id":"d612c38127a97d439b55366c1466abd475e23654"},"geometry":{"type":"LineString","coordinates":[[6.8443661,46.1726577],[6.844814999999999,46.1735405]]}}
,
{"type":"Feature","properties":{"type":"lift","liftType":"gondola","status":"operating","name":"Chavannes","oneway":false,"ref":null,"description":null,"occupancy":6,"capacity":1200,"duration":390,"bubble":true,"heating":false,"color":"hsl(0, 82%, 42%)","skiAreas":[],"sources":[{"type":"openstreetmap","id":"way/49511429"}],"location":null,"websites":[],"id":"2033c084d3bca6ae1d0546376924dbbcb901897f"},"geometry":{"type":"LineString","coordinates":[[6.6687334,46.1569565],[6.6698797999999995,46.1564958],[6.6708943,46.1560881],[6.6722963,46.1555246],[6.674582399999999,46.1546059],[6.6783768,46.1530984],[6.6793244000000005,46.152724],[6.6800998,46.1524111],[6.6818618,46.151715700000004],[6.6831641,46.151201799999996],[6.685065799999999,46.1504433],[6.685488799999999,46.15028439999999]]}}
,
{"type":"Feature","properties":{"type":"lift","liftType":"chair_lift","status":"operating","name":"Chavannes Express","oneway":false,"ref":null,"description":null,"occupancy":6,"capacity":3000,"duration":480,"bubble":false,"heating":null,"color":"hsl(0, 82%, 42%)","skiAreas":[],"sources":[{"type":"openstreetmap","id":"way/49511430"}],"location":null,"websites":[],"id":"54b8a301052795b58fa00d15b785870ecab6605c"},"geometry":{"type":"LineString","coordinates":[[6.6682860999999995,46.1567836],[6.668923899999999,46.1564599],[6.6704476,46.1557892],[6.6717199,46.1551905],[6.6730354,46.1545918],[6.6746006,46.153873399999995],[6.6757435,46.1533548],[6.6770701,46.15275280000001],[6.6782319,46.1522257],[6.6794266,46.151666899999995],[6.6805034999999995,46.1511797],[6.682181799999999,46.1503862],[6.6835734,46.149765],[6.6851497,46.1490613],[6.6870391,46.148217800000005],[6.688522799999999,46.1475373],[6.6897557999999995,46.14695570000001],[6.689773000000001,46.1469479],[6.691557199999999,46.146137800000005],[6.6932012,46.1453834],[6.693539499999999,46.145228100000004],[6.694025999999999,46.1450049]]}}
,
{"type":"Feature","properties":{"type":"lift","liftType":"chair_lift","status":"operating","name":"Chéry Nord","oneway":null,"ref":null,"description":null,"occupancy":4,"capacity":2000,"duration":510,"bubble":false,"heating":false,"color":"hsl(0, 82%, 42%)","skiAreas":[],"sources":[{"type":"openstreetmap","id":"way/49511432"}],"location":null,"websites":[],"id":"0dee99259363ac4c40ceb6149a98b32dc06e9ec5"},"geometry":{"type":"LineString","coordinates":[[6.632981699999999,46.170776700000005],[6.6331111,46.170757300000005],[6.633296100000001,46.1707295],[6.6333801999999995,46.17071690000001],[6.634064799999999,46.1706145],[6.6357987000000005,46.17035500000001],[6.6368086,46.1702038],[6.637801799999999,46.17005520000001],[6.639052400000001,46.169868],[6.6403039,46.169679200000004],[6.64148,46.16949030000001],[6.6426487000000005,46.169324],[6.6437024000000005,46.16916230000001],[6.644694899999999,46.16900580000001],[6.6456892,46.168865800000006],[6.646693700000001,46.168701000000006],[6.6467838,46.168686300000005],[6.6468912,46.168668600000004],[6.647034699999999,46.168645100000006]]}}
,
{"type":"Feature","properties":{"type":"lift","liftType":"gondola","status":"operating","name":"Mont Chéry","oneway":null,"ref":null,"description":null,"occupancy":6,"capacity":1200,"duration":270,"bubble":true,"heating":false,"color":"hsl(0, 82%, 42%)","skiAreas":[],"sources":[{"type":"openstreetmap","id":"way/49511436"}],"location":null,"websites":[],"id":"938bcdd926598e8ca5c98cadf8e95e9b6568d9da"},"geometry":{"type":"LineString","coordinates":[[6.6697611000000006,46.16077380000001],[6.669482299999999,46.1608871],[6.669444299999999,46.160902500000006],[6.668787999999999,46.161194],[6.667684299999999,46.1616649],[6.6664497,46.1621864],[6.666116699999999,46.16233110000001],[6.664701499999999,46.16290510000001],[6.664057499999998,46.1632014],[6.662929499999999,46.1636784],[6.659911999999999,46.1649635],[6.6590462,46.16532690000001],[6.6586983,46.165462100000006]]}}
,
{"type":"Feature","properties":{"type":"lift","liftType":"drag_lift","status":"operating","name":"Stade","oneway":null,"ref":null,"description":null,"occupancy":null,"capacity":900,"duration":90,"bubble":null,"heating":null,"color":"hsl(0, 82%, 42%)","skiAreas":[],"sources":[{"type":"openstreetmap","id":"way/49511437"}],"location":null,"websites":[],"id":"10e440f6c8d8d5c8cd66c37247be2be7f86a8948"},"geometry":{"type":"LineString","coordinates":[[6.6708793,46.158507300000004],[6.671240700000001,46.158287699999995],[6.671652300000001,46.157997599999995],[6.6721911,46.1575376]]}}
,
{"type":"Feature","properties":{"type":"lift","liftType":"chair_lift","status":"operating","name":"La Pointe","oneway":null,"ref":null,"description":null,"occupancy":4,"capacity":2000,"duration":420,"bubble":false,"heating":false,"color":"hsl(0, 82%, 42%)","skiAreas":[],"sources":[{"type":"openstreetmap","id":"way/49511439"}],"location":null,"websites":[],"id":"da300f6e4a42243914832083ea3adb0469eda804"},"geometry":{"type":"LineString","coordinates":[[6.657689599999999,46.16452580000001],[6.6576035,46.16455620000001],[6.657527899999999,46.164582900000006],[6.656535499999999,46.16493320000001],[6.6555721,46.16527330000001],[6.6547510999999995,46.16556130000001],[6.6537907,46.165899800000005],[6.652998899999999,46.16617880000001],[6.6523736,46.16639910000001],[6.650926799999999,46.166909000000004],[6.6502664000000005,46.1671417],[6.649225400000001,46.167508500000004],[6.6483641,46.167812100000006],[6.647584899999998,46.1680866],[6.6469214999999995,46.16829020000001]]}}
,
{"type":"Feature","properties":{"type":"lift","liftType":"drag_lift","status":"operating","name":"Super Chéry","oneway":null,"ref":null,"description":null,"occupancy":null,"capacity":800,"duration":180,"bubble":null,"heating":null,"color":"hsl(0, 82%, 42%)","skiAreas":[],"sources":[{"type":"openstreetmap","id":"way/49511440"}],"location":null,"websites":[],"id":"fb44a4519df2a6a4d1264884abd3a55a80a661bd"},"geometry":{"type":"LineString","coordinates":[[6.6581737,46.16551370000001],[6.657984099999998,46.165587300000006],[6.657094099999999,46.1659744],[6.656405499999999,46.1662705],[6.6561774,46.1663647],[6.655284099999999,46.16673370000001],[6.654414599999998,46.16709290000001],[6.654153399999999,46.1672054],[6.653110599999999,46.1676545],[6.6518492,46.16819770000001],[6.651374199999999,46.16839100000001],[6.6511777,46.168461900000004]]}}
,
{"type":"Feature","properties":{"type":"lift","liftType":"chair_lift","status":"operating","name":"Croix","oneway":null,"ref":null,"description":null,"occupancy":4,"capacity":2400,"duration":360,"bubble":null,"heating":null,"color":"hsl(0, 82%, 42%)","skiAreas":[],"sources":[{"type":"openstreetmap","id":"way/49532861"}],"location":null,"websites":[],"id":"a6fce7c61fb87e0c4dcf3d6303412dc7e8850f00"},"geometry":{"type":"LineString","coordinates":[[6.6857587,46.149554900000005],[6.6864771,46.1491848],[6.687283999999999,46.1487691],[6.6883544,46.148203900000006],[6.689142100000001,46.147788],[6.6902499,46.1472031],[6.6915764,46.146502700000006],[6.692734599999999,46.1458911],[6.693177599999999,46.1456572],[6.6935291999999995,46.1454716]]}}
,
{"type":"Feature","properties":{"type":"lift","liftType":"gondola","status":"operating","name":"Super-Morzine","oneway":null,"ref":null,"description":null,"occupancy":6,"capacity":1800,"duration":330,"bubble":true,"heating":false,"color":"hsl(0, 82%, 42%)","skiAreas":[],"sources":[{"type":"openstreetmap","id":"way/53165460"}],"location":null,"websites":[],"id":"321d9addd0c3be86f183639ae1c0ad8e78fd1d17"},"geometry":{"type":"LineString","coordinates":[[6.7035371,46.183545300000006],[6.705574799999999,46.1846102],[6.7064812,46.1850943],[6.706861300000001,46.185295],[6.7088166,46.1863266],[6.7099757,46.186939800000005],[6.7108134,46.1873855],[6.7119235,46.1879725],[6.7129479,46.188501],[6.714524699999999,46.1893426],[6.715994199999999,46.19011970000001],[6.7173269,46.1908271],[6.717916599999999,46.19115080000001]]}}
,
{"type":"Feature","properties":{"type":"lift","liftType":"chair_lift","status":"operating","name":"Planeys","oneway":null,"ref":null,"description":null,"occupancy":2,"capacity":1200,"duration":450,"bubble":false,"heating":false,"color":"hsl(0, 82%, 42%)","skiAreas":[],"sources":[{"type":"openstreetmap","id":"way/53180783"}],"location":null,"websites":[],"id":"ec37bc79c9e7aee05eec50fca4d9012e03d633fe"},"geometry":{"type":"LineString","coordinates":[[6.661906699999999,46.1724618],[6.661576599999999,46.172369800000006],[6.660204899999999,46.17201580000001],[6.658859,46.17166399999999],[6.657990599999999,46.1714371],[6.657933999999998,46.1714223],[6.655940599999999,46.17090030000001],[6.6546446999999995,46.170561],[6.653126499999999,46.17015620000001],[6.652429499999999,46.16997030000001],[6.652034299999999,46.169865],[6.6510462,46.16959520000001],[6.650805899999999,46.169524800000005]]}}
,
{"type":"Feature","properties":{"type":"lift","liftType":"chair_lift","status":"operating","name":"Perrières Express","oneway":true,"ref":null,"description":null,"occupancy":6,"capacity":2400,"duration":null,"bubble":false,"heating":false,"color":"hsl(0, 82%, 42%)","skiAreas":[],"sources":[{"type":"openstreetmap","id":"way/53183221"}],"location":null,"websites":[],"id":"4aa7bfe83bb3e916606e7ca034ade9b298a45d50"},"geometry":{"type":"LineString","coordinates":[[6.657938599999999,46.148929700000004],[6.658287199999999,46.148648],[6.6589662999999994,46.148099200000004],[6.6597739,46.147446499999994],[6.661120199999999,46.146358500000005],[6.661605799999999,46.1459661],[6.6617413,46.1458566],[6.662370799999999,46.1453478],[6.662920999999999,46.1449032],[6.663744599999999,46.144237499999996],[6.664569299999999,46.1435711],[6.665579199999999,46.14275490000001],[6.666904099999999,46.141687999999995],[6.669317799999999,46.13974290000001],[6.670032,46.139167],[6.671378300000001,46.1380746],[6.6715303,46.1379534],[6.67181,46.13773020000001]]}}
,
{"type":"Feature","properties":{"type":"lift","liftType":"drag_lift","status":"operating","name":"Turche","oneway":null,"ref":null,"description":null,"occupancy":null,"capacity":700,"duration":300,"bubble":null,"heating":null,"color":"hsl(0, 82%, 42%)","skiAreas":[],"sources":[{"type":"openstreetmap","id":"way/53183269"}],"location":null,"websites":[],"id":"1da399f2e05d034480634d89d8111978778d4c06"},"geometry":{"type":"LineString","coordinates":[[6.664945399999999,46.148455600000005],[6.6650731,46.1483064],[6.6654084,46.1478628],[6.665914599999998,46.1472713],[6.6665076999999995,46.1465742],[6.667592399999999,46.145273100000004],[6.668436999999999,46.1442981],[6.669045799999999,46.14359],[6.670103999999999,46.1423477],[6.6708228,46.1415095],[6.6716851,46.140492],[6.6720995,46.13997260000001],[6.672414999999999,46.139639200000005]]}}
,
{"type":"Feature","properties":{"type":"lift","liftType":"chair_lift","status":"operating","name":"Télésiège du Pré Richard","oneway":false,"ref":null,"description":null,"occupancy":4,"capacity":2200,"duration":240,"bubble":null,"heating":null,"color":"hsl(0, 82%, 42%)","skiAreas":[{"type":"Feature","properties":{"type":"skiArea","name":"Bernex","sources":[{"type":"openstreetmap","id":"relation/5759124"}],"activities":[],"generated":false,"status":"operating","websites":[],"runConvention":"north_america","location":null,"id":"19b6e308caa6766b21cb00e4fb40a82c4ee1f95b"},"geometry":{"type":"Point","coordinates":[360,360,5759124]}}],"sources":[{"type":"openstreetmap","id":"way/55029617"}],"location":null,"websites":[],"id":"924a4f428ce5899eebb634f368104b4d5a6cf25a"},"geometry":{"type":"LineString","coordinates":[[6.6965031999999995,46.34669949999999],[6.6962307,46.34706749999999],[6.6961701,46.3471482],[6.695909199999999,46.3475119],[6.695160799999999,46.3485441],[6.694398199999999,46.3496003],[6.6936585,46.35062469999999],[6.6934492,46.350914599999996],[6.692765799999999,46.351860999999985],[6.6921200999999995,46.3527551],[6.6911467,46.354103099999996],[6.6908621,46.35449719999999],[6.6901864999999985,46.3554327],[6.6897249,46.356071899999996]]}}
,
{"type":"Feature","properties":{"type":"lift","liftType":"j-bar","status":"operating","name":"Téléski de l'Arête","oneway":null,"ref":null,"description":null,"occupancy":null,"capacity":900,"duration":168,"bubble":null,"heating":null,"color":"hsl(0, 82%, 42%)","skiAreas":[{"type":"Feature","properties":{"type":"skiArea","name":"Bernex","sources":[{"type":"openstreetmap","id":"relation/5759124"}],"activities":[],"generated":false,"status":"operating","websites":[],"runConvention":"north_america","location":null,"id":"19b6e308caa6766b21cb00e4fb40a82c4ee1f95b"},"geometry":{"type":"Point","coordinates":[360,360,5759124]}}],"sources":[{"type":"openstreetmap","id":"way/55029625"}],"location":null,"websites":[],"id":"261738951a2b327a7547ececa8a71ec2c50d4a1b"},"geometry":{"type":"LineString","coordinates":[[6.6968727999999995,46.3455611],[6.697612599999999,46.345227599999994],[6.6977269999999995,46.3450587],[6.697689799999999,46.3444789],[6.697654099999999,46.34392149999999],[6.6976074,46.3431938],[6.697571499999999,46.3426347],[6.6975434,46.3421976],[6.697474999999999,46.3411311],[6.697450799999999,46.3407543]]}}
,
{"type":"Feature","properties":{"type":"lift","liftType":"drag_lift","status":"operating","name":"Téléski des Pellys","oneway":null,"ref":null,"description":null,"occupancy":null,"capacity":645,"duration":160,"bubble":null,"heating":null,"color":"hsl(0, 82%, 42%)","skiAreas":[{"type":"Feature","properties":{"type":"skiArea","name":"Bernex","sources":[{"type":"openstreetmap","id":"relation/5759124"}],"activities":[],"generated":false,"status":"operating","websites":[],"runConvention":"north_america","location":null,"id":"19b6e308caa6766b21cb00e4fb40a82c4ee1f95b"},"geometry":{"type":"Point","coordinates":[360,360,5759124]}}],"sources":[{"type":"openstreetmap","id":"way/55029626"}],"location":null,"websites":[],"id":"9abd88df8773f20fa07cc72851d837915b86b500"},"geometry":{"type":"LineString","coordinates":[[6.6923236,46.346639999999994],[6.6935956999999995,46.3461286],[6.6953223,46.345389499999996],[6.696386499999999,46.345207099999996]]}}
,
{"type":"Feature","properties":{"type":"lift","liftType":"drag_lift","status":"operating","name":"Téléski du Mont Baron","oneway":null,"ref":null,"description":null,"occupancy":null,"capacity":900,"duration":210,"bubble":null,"heating":null,"color":"hsl(0, 82%, 42%)","skiAreas":[{"type":"Feature","properties":{"type":"skiArea","name":"Bernex","sources":[{"type":"openstreetmap","id":"relation/5759124"}],"activities":[],"generated":false,"status":"operating","websites":[],"runConvention":"north_america","location":null,"id":"19b6e308caa6766b21cb00e4fb40a82c4ee1f95b"},"geometry":{"type":"Point","coordinates":[360,360,5759124]}}],"sources":[{"type":"openstreetmap","id":"way/55029627"}],"location":null,"websites":[],"id":"e4abd4541fe5af5ac7c843de2e02a52f6d04454f"},"geometry":{"type":"LineString","coordinates":[[6.691955699999999,46.346587299999996],[6.690298100000001,46.346016999999996],[6.689150499999999,46.34606169999999],[6.6878977,46.3461105],[6.6863648,46.3461702],[6.6853521,46.346209599999995]]}}
,
{"type":"Feature","properties":{"type":"lift","liftType":"drag_lift","status":"operating","name":"Téléski du Talot","oneway":null,"ref":null,"description":null,"occupancy":null,"capacity":900,"duration":90,"bubble":null,"heating":null,"color":"hsl(0, 82%, 42%)","skiAreas":[{"type":"Feature","properties":{"type":"skiArea","name":"Bernex","sources":[{"type":"openstreetmap","id":"relation/5759124"}],"activities":[],"generated":false,"status":"operating","websites":[],"runConvention":"north_america","location":null,"id":"19b6e308caa6766b21cb00e4fb40a82c4ee1f95b"},"geometry":{"type":"Point","coordinates":[360,360,5759124]}}],"sources":[{"type":"openstreetmap","id":"way/55029916"}],"location":null,"websites":[],"id":"253702a8aa97e8ee21443860c766e13aab8f71a9"},"geometry":{"type":"LineString","coordinates":[[6.701659100000001,46.3463116],[6.7012343,46.345245399999996],[6.700919799999999,46.3444558]]}}
,
{"type":"Feature","properties":{"type":"lift","liftType":"chair_lift","status":"operating","name":"Télésiège de Pelluaz","oneway":true,"ref":null,"description":null,"occupancy":4,"capacity":1800,"duration":404,"bubble":null,"heating":null,"color":"hsl(0, 82%, 42%)","skiAreas":[{"type":"Feature","properties":{"type":"skiArea","name":"Bernex","sources":[{"type":"openstreetmap","id":"relation/5759124"}],"activities":[],"generated":false,"status":"operating","websites":[],"runConvention":"north_america","location":null,"id":"19b6e308caa6766b21cb00e4fb40a82c4ee1f95b"},"geometry":{"type":"Point","coordinates":[360,360,5759124]}}],"sources":[{"type":"openstreetmap","id":"way/55033106"}],"location":null,"websites":[],"id":"b449e0e58bd28ea9109c2b5681e3b285990b8589"},"geometry":{"type":"LineString","coordinates":[[6.7078041,46.340977499999994],[6.7079870999999995,46.3409194],[6.708605400000001,46.3407229],[6.7101106999999995,46.34024459999999],[6.7112189,46.3399436],[6.7132875,46.339334300000004],[6.713361400000001,46.33931200000001],[6.7156052,46.338636],[6.715693300000001,46.3386095],[6.7157685,46.3385868],[6.715910299999999,46.3385441]]}}
,
{"type":"Feature","properties":{"type":"lift","liftType":"gondola","status":"operating","name":"Essert","oneway":null,"ref":null,"description":null,"occupancy":6,"capacity":null,"duration":null,"bubble":null,"heating":null,"color":"hsl(0, 82%, 42%)","skiAreas":[{"type":"Feature","properties":{"type":"skiArea","name":"Abondance","sources":[{"type":"openstreetmap","id":"relation/5763633"}],"activities":[],"generated":false,"status":"operating","websites":[],"runConvention":"north_america","location":null,"id":"d3d69f021189f84fe11396cd2078f905ebd0beb9"},"geometry":{"type":"Point","coordinates":[360,360,5763633]}}],"sources":[{"type":"openstreetmap","id":"way/55037927"}],"location":null,"websites":[],"id":"e4ef6189c0cafe110faed2ee9ca163c3c68d87cb"},"geometry":{"type":"LineString","coordinates":[[6.7210793,46.2756646],[6.7204824,46.275257800000006],[6.7198397000000005,46.2748197],[6.7193380000000005,46.2744778],[6.717880999999999,46.2734848],[6.7174739,46.2732073],[6.7166399000000006,46.27263880000001],[6.7152574000000005,46.2716965],[6.712538499999999,46.269843300000005],[6.710195199999999,46.268246000000005],[6.707969,46.26672860000001],[6.7072874,46.266263900000006],[6.7053045,46.2649697]]}}
,
{"type":"Feature","properties":{"type":"lift","liftType":"platter","status":"operating","name":"Corne 2","oneway":null,"ref":null,"description":null,"occupancy":null,"capacity":null,"duration":null,"bubble":false,"heating":false,"color":"hsl(0, 82%, 42%)","skiAreas":[{"type":"Feature","properties":{"type":"skiArea","name":"Abondance","sources":[{"type":"openstreetmap","id":"relation/5763633"}],"activities":[],"generated":false,"status":"operating","websites":[],"runConvention":"north_america","location":null,"id":"d3d69f021189f84fe11396cd2078f905ebd0beb9"},"geometry":{"type":"Point","coordinates":[360,360,5763633]}}],"sources":[{"type":"openstreetmap","id":"way/55038474"}],"location":null,"websites":[],"id":"a45329473a4fe35b1e25e737ce493e300c4a9060"},"geometry":{"type":"LineString","coordinates":[[6.705184499999999,46.263631100000005],[6.6992707000000005,46.2590955],[6.695646,46.2587276]]}}
,
{"type":"Feature","properties":{"type":"lift","liftType":"chair_lift","status":"operating","name":"Atray","oneway":null,"ref":null,"description":null,"occupancy":3,"capacity":null,"duration":430,"bubble":null,"heating":null,"color":"hsl(0, 82%, 42%)","skiAreas":[],"sources":[{"type":"openstreetmap","id":"way/96360500"}],"location":null,"websites":[],"id":"6c7270f37939d79d2558df277124f0db9c620f67"},"geometry":{"type":"LineString","coordinates":[[6.701446600000001,46.172800300000006],[6.7005716,46.1723836],[6.6993202,46.171787699999996],[6.6987193,46.1715015],[6.697336999999999,46.1708433],[6.695775299999999,46.1700995],[6.694965099999999,46.16971370000001],[6.694760199999999,46.169616100000006],[6.693085299999999,46.168818400000006],[6.692933499999999,46.16874610000001]]}}
,
{"type":"Feature","properties":{"type":"lift","liftType":"chair_lift","status":"operating","name":"Pointe de Nyon","oneway":null,"ref":null,"description":null,"occupancy":4,"capacity":null,"duration":600,"bubble":null,"heating":null,"color":"hsl(0, 82%, 42%)","skiAreas":[],"sources":[{"type":"openstreetmap","id":"way/96366493"}],"location":null,"websites":[],"id":"8c1caf570d2c82de2b52e49e58282a0a8c440a63"},"geometry":{"type":"LineString","coordinates":[[6.712485999999999,46.15794149999999],[6.712895799999999,46.15748859999999],[6.7137744,46.156609399999994],[6.7142218,46.156111900000006],[6.7146721000000005,46.155643399999995],[6.7153129,46.154994499999994],[6.7166446,46.1536459],[6.717274199999999,46.1530082],[6.7186469,46.151675999999995],[6.719233100000001,46.1510727],[6.719303400000001,46.1510007],[6.7193662000000005,46.1509364],[6.720406799999999,46.1498704],[6.7216358,46.1486218],[6.722406799999999,46.14782139999999],[6.7224324,46.1477949],[6.7224629,46.1477631],[6.722539799999999,46.1476833]]}}
,
{"type":"Feature","properties":{"type":"lift","liftType":"chair_lift","status":"operating","name":"Praz l'Évèque","oneway":true,"ref":null,"description":null,"occupancy":3,"capacity":1350,"duration":null,"bubble":null,"heating":null,"color":"hsl(0, 82%, 42%)","skiAreas":[{"type":"Feature","properties":{"type":"skiArea","name":"Praz de Lys Sommand","sources":[{"type":"openstreetmap","id":"relation/5757942"}],"activities":[],"generated":false,"status":"operating","websites":[],"runConvention":"north_america","location":null,"id":"17a2aed27cfa6b593c5df9770900555623db6adf"},"geometry":{"type":"Point","coordinates":[360,360,5757942]}}],"sources":[{"type":"openstreetmap","id":"way/107511284"}],"location":null,"websites":[],"id":"9fad052729c4b5189266e8ea0022358a9a2485f3"},"geometry":{"type":"LineString","coordinates":[[6.591393300000001,46.1556918],[6.591278900000001,46.1557377],[6.590791,46.155946],[6.589747400000001,46.156442],[6.588766400000001,46.1568593],[6.586639300000001,46.15783139999999],[6.58525,46.1584663],[6.584242400000001,46.1589268],[6.582857199999999,46.159554],[6.582076499999999,46.159900300000004],[6.581838100000001,46.160004300000004]]}}
,
{"type":"Feature","properties":{"type":"lift","liftType":"chair_lift","status":"operating","name":"Grande Ourse","oneway":null,"ref":null,"description":null,"occupancy":2,"capacity":1100,"duration":360,"bubble":false,"heating":false,"color":"hsl(0, 82%, 42%)","skiAreas":[],"sources":[{"type":"openstreetmap","id":"way/147294521"}],"location":null,"websites":[],"id":"bb1d5be01f8cfb1950cedc8f7896e779b4da269b"},"geometry":{"type":"LineString","coordinates":[[6.6600917,46.1662795],[6.659910699999999,46.166341900000006],[6.6593041,46.16655110000001],[6.657723999999999,46.1670964],[6.6568904,46.167390600000004],[6.655805799999999,46.1677744],[6.654499499999999,46.16820980000001],[6.653578499999999,46.16853010000001],[6.652032299999999,46.1690471],[6.651139,46.16935310000001],[6.650851299999999,46.169441]]}}
,
{"type":"Feature","properties":{"type":"lift","liftType":"drag_lift","status":"operating","name":"Vieux Chêne","oneway":null,"ref":null,"description":null,"occupancy":null,"capacity":700,"duration":120,"bubble":null,"heating":null,"color":"hsl(0, 82%, 42%)","skiAreas":[],"sources":[{"type":"openstreetmap","id":"way/147476688"}],"location":null,"websites":[],"id":"9e9b05eb710fcc9c4a00718c4213123dafc3ea67"},"geometry":{"type":"LineString","coordinates":[[6.667888399999999,46.156648],[6.6680486,46.1565391],[6.668511799999998,46.156224099999996],[6.6692535,46.155677499999996],[6.6698219,46.1552701]]}}
,
{"type":"Feature","properties":{"type":"lift","liftType":"drag_lift","status":"operating","name":"Boule de Gomme","oneway":null,"ref":null,"description":null,"occupancy":null,"capacity":700,"duration":90,"bubble":null,"heating":null,"color":"hsl(0, 82%, 42%)","skiAreas":[],"sources":[{"type":"openstreetmap","id":"way/147533117"}],"location":null,"websites":[],"id":"ee4833d1464c50b1d357d6c8886d88ded5a47147"},"geometry":{"type":"LineString","coordinates":[[6.669318,46.1572257],[6.6705936,46.1567271],[6.6714885,46.1563716],[6.672583599999999,46.15596]]}}
,
{"type":"Feature","properties":{"type":"lift","liftType":"drag_lift","status":"operating","name":"Mouille au Roy","oneway":null,"ref":null,"description":null,"occupancy":null,"capacity":600,"duration":210,"bubble":null,"heating":null,"color":"hsl(0, 82%, 42%)","skiAreas":[],"sources":[{"type":"openstreetmap","id":"way/147533118"}],"location":null,"websites":[],"id":"cb11a4a7abf8a9e460eb63981f3aa818abbeb4df"},"geometry":{"type":"LineString","coordinates":[[6.687598499999999,46.1503047],[6.6879295999999995,46.15008769999999],[6.688746,46.1495314],[6.6896876,46.1488904],[6.6903226,46.14845890000001],[6.690859199999999,46.1481246],[6.691411199999999,46.147950900000005],[6.692285199999999,46.1477043],[6.692995899999999,46.1475078],[6.693444199999999,46.1473765]]}}
,
{"type":"Feature","properties":{"type":"lift","liftType":"drag_lift","status":"operating","name":"Coqs 2","oneway":null,"ref":null,"description":null,"occupancy":null,"capacity":null,"duration":null,"bubble":null,"heating":null,"color":"hsl(0, 82%, 42%)","skiAreas":[{"type":"Feature","properties":{"type":"skiArea","name":"Châtel","sources":[{"type":"openstreetmap","id":"relation/5763952"}],"activities":[],"generated":false,"status":"operating","websites":[],"runConvention":"north_america","location":null,"id":"cd9575d80e0c47ed91caa814eae2093f13bc9e67"},"geometry":{"type":"Point","coordinates":[360,360,5763952]}}],"sources":[{"type":"openstreetmap","id":"way/149425684"}],"location":null,"websites":[],"id":"ef6dd29c8fdd17a65f0d993085ac6bf8a2f2cfa0"},"geometry":{"type":"LineString","coordinates":[[6.8530656,46.266351400000005],[6.853831799999999,46.26601850000001],[6.8546495,46.265663100000005],[6.8559734,46.2650877],[6.8571171999999985,46.264590600000005],[6.858511399999999,46.2639846],[6.8596859,46.2634741],[6.860216299999999,46.2632436]]}}
,
{"type":"Feature","properties":{"type":"lift","liftType":"drag_lift","status":"operating","name":"La Pointe","oneway":null,"ref":null,"description":null,"occupancy":null,"capacity":600,"duration":150,"bubble":null,"heating":null,"color":"hsl(0, 82%, 42%)","skiAreas":[],"sources":[{"type":"openstreetmap","id":"way/150330000"}],"location":null,"websites":[],"id":"e55687ffd25b6e9b4327d05f6ff20372f926cebe"},"geometry":{"type":"LineString","coordinates":[[6.652306499999999,46.1665836],[6.652121599999999,46.1666624],[6.6512039000000005,46.1670534],[6.6502612,46.167455000000004],[6.649793700000001,46.1676542],[6.649110499999999,46.16794530000001],[6.6484741,46.16821650000001],[6.6478625,46.168477],[6.6476269,46.168577400000004],[6.647188299999999,46.16875020000001]]}}
,
{"type":"Feature","properties":{"type":"lift","liftType":"platter","status":"operating","name":"Petit Covagny","oneway":null,"ref":null,"description":null,"occupancy":null,"capacity":null,"duration":null,"bubble":false,"heating":false,"color":"hsl(0, 82%, 42%)","skiAreas":[],"sources":[{"type":"openstreetmap","id":"way/151490329"}],"location":null,"websites":[],"id":"f31fc5c6105978d9a3b10a61ec7160164f92d0c1"},"geometry":{"type":"LineString","coordinates":[[6.7075651999999995,46.264590000000005],[6.7055587999999995,46.264777300000006]]}}
,
{"type":"Feature","properties":{"type":"lift","liftType":"platter","status":"operating","name":"Grand Frémoux","oneway":null,"ref":null,"description":null,"occupancy":null,"capacity":null,"duration":null,"bubble":false,"heating":false,"color":"hsl(0, 82%, 42%)","skiAreas":[{"type":"Feature","properties":{"type":"skiArea","name":"Abondance","sources":[{"type":"openstreetmap","id":"relation/5763633"}],"activities":[],"generated":false,"status":"operating","websites":[],"runConvention":"north_america","location":null,"id":"d3d69f021189f84fe11396cd2078f905ebd0beb9"},"geometry":{"type":"Point","coordinates":[360,360,5763633]}}],"sources":[{"type":"openstreetmap","id":"way/151490330"}],"location":null,"websites":[],"id":"b54caaa35950a0d2ff0269e16f86dc70706e914c"},"geometry":{"type":"LineString","coordinates":[[6.7042278,46.26435490000001],[6.7003902,46.26514120000001],[6.694244499999999,46.26616810000001],[6.6924094,46.2671694],[6.690505999999999,46.268217500000006]]}}
,
{"type":"Feature","properties":{"type":"lift","liftType":"platter","status":"operating","name":"Petit Frémoux","oneway":null,"ref":null,"description":null,"occupancy":null,"capacity":null,"duration":null,"bubble":false,"heating":false,"color":"hsl(0, 82%, 42%)","skiAreas":[{"type":"Feature","properties":{"type":"skiArea","name":"Abondance","sources":[{"type":"openstreetmap","id":"relation/5763633"}],"activities":[],"generated":false,"status":"operating","websites":[],"runConvention":"north_america","location":null,"id":"d3d69f021189f84fe11396cd2078f905ebd0beb9"},"geometry":{"type":"Point","coordinates":[360,360,5763633]}}],"sources":[{"type":"openstreetmap","id":"way/151490331"}],"location":null,"websites":[],"id":"7731416421611b4a6330429c819f470aa7410c01"},"geometry":{"type":"LineString","coordinates":[[6.704988799999999,46.265147000000006],[6.701166400000001,46.26632580000001],[6.6993801,46.2662436]]}}
,
{"type":"Feature","properties":{"type":"lift","liftType":"platter","status":"operating","name":"Lac","oneway":null,"ref":null,"description":null,"occupancy":null,"capacity":null,"duration":null,"bubble":false,"heating":false,"color":"hsl(0, 82%, 42%)","skiAreas":[{"type":"Feature","properties":{"type":"skiArea","name":"Abondance","sources":[{"type":"openstreetmap","id":"relation/5763633"}],"activities":[],"generated":false,"status":"operating","websites":[],"runConvention":"north_america","location":null,"id":"d3d69f021189f84fe11396cd2078f905ebd0beb9"},"geometry":{"type":"Point","coordinates":[360,360,5763633]}}],"sources":[{"type":"openstreetmap","id":"way/151490332"}],"location":null,"websites":[],"id":"01cd4e014e14ff782b167e78e87712aa19579860"},"geometry":{"type":"LineString","coordinates":[[6.7113215,46.262969700000006],[6.7019397000000005,46.2594828]]}}
,
{"type":"Feature","properties":{"type":"lift","liftType":"platter","status":"operating","name":"Géant","oneway":null,"ref":null,"description":null,"occupancy":null,"capacity":null,"duration":null,"bubble":null,"heating":null,"color":"hsl(0, 82%, 42%)","skiAreas":[],"sources":[{"type":"openstreetmap","id":"way/151647586"}],"location":null,"websites":[],"id":"bc16114ec248115342f884737ac50f2d9b3311ee"},"geometry":{"type":"LineString","coordinates":[[6.8511036,46.237143200000006],[6.8466342,46.237478],[6.8462303,46.2374839],[6.8460366,46.23752280000001]]}}
,
{"type":"Feature","properties":{"type":"lift","liftType":"chair_lift","status":"operating","name":"Télésiège du Parchet","oneway":true,"ref":null,"description":null,"occupancy":4,"capacity":1750,"duration":null,"bubble":null,"heating":null,"color":"hsl(0, 82%, 42%)","skiAreas":[{"type":"Feature","properties":{"type":"skiArea","name":"Thollon-les-Mémises","sources":[{"type":"openstreetmap","id":"relation/5759134"}],"activities":[],"generated":false,"status":"operating","websites":[],"runConvention":"north_america","location":null,"id":"d3c7b897d3dac0b590961eb352677d3070e52fe1"},"geometry":{"type":"Point","coordinates":[360,360,5759134]}}],"sources":[{"type":"openstreetmap","id":"way/164049415"}],"location":null,"websites":[],"id":"460201503339ea22d9f87e94a3d415cbd6bdb81e"},"geometry":{"type":"LineString","coordinates":[[6.7303147999999995,46.379067899999995],[6.731019400000001,46.3786518],[6.7319648,46.3780798],[6.733160900000001,46.377366699999996],[6.7340841,46.3768057],[6.7349198999999995,46.376308900000005],[6.7358574,46.3757467],[6.736962000000001,46.375085999999996],[6.737507,46.374759],[6.7387756,46.3739908],[6.739797200000001,46.373373300000004],[6.7409712,46.3726705],[6.7417156,46.372223],[6.7421444,46.3719709],[6.742393000000001,46.37182139999999]]}}
,
{"type":"Feature","properties":{"type":"lift","liftType":"platter","status":"operating","name":"Sépaya 1","oneway":null,"ref":null,"description":null,"occupancy":null,"capacity":null,"duration":null,"bubble":null,"heating":null,"color":"hsl(0, 82%, 42%)","skiAreas":[],"sources":[{"type":"openstreetmap","id":"way/197938604"}],"location":null,"websites":[],"id":"4c4b5a1334d656e53d553bc3f0a1ff932b0f89c5"},"geometry":{"type":"LineString","coordinates":[[6.8725627000000005,46.212490800000005],[6.863243000000001,46.2096456]]}}
,
{"type":"Feature","properties":{"type":"lift","liftType":"chair_lift","status":"operating","name":"Bochasses","oneway":null,"ref":null,"description":null,"occupancy":6,"capacity":2400,"duration":null,"bubble":null,"heating":null,"color":"hsl(0, 82%, 42%)","skiAreas":[],"sources":[{"type":"openstreetmap","id":"way/198298433"}],"location":null,"websites":[],"id":"1faa8d3829759cadb5da88c10a6a5927833f15d6"},"geometry":{"type":"LineString","coordinates":[[6.8717572,46.21821280000001],[6.8715325,46.2182],[6.870543700000001,46.21814330000001],[6.8690927,46.2180601],[6.867546199999999,46.2179715],[6.8663319,46.2179019],[6.863931899999999,46.2177643],[6.8622663,46.2176689],[6.8614653,46.2176229],[6.859554299999999,46.2175134],[6.857808299999999,46.217413300000004],[6.855572799999999,46.2172852],[6.854330099999999,46.217214],[6.852384899999999,46.2171025],[6.8508987,46.2170173],[6.8507371,46.217008]]}}
,
{"type":"Feature","properties":{"type":"lift","liftType":"drag_lift","status":"operating","name":"Tête des Crêts","oneway":null,"ref":null,"description":null,"occupancy":null,"capacity":900,"duration":420,"bubble":null,"heating":null,"color":"hsl(0, 82%, 42%)","skiAreas":[],"sources":[{"type":"openstreetmap","id":"way/203618751"}],"location":null,"websites":["https://www.youtube.com/watch?v=scigkh_N4tg"],"id":"c7d07cae713c537b5d70fc503a44d0a462e7ca93"},"geometry":{"type":"LineString","coordinates":[[6.6875301999999985,46.150269599999994],[6.6878617,46.1500356],[6.6886769,46.1494771],[6.689628400000001,46.148835000000005],[6.690263100000001,46.1484065],[6.6907653,46.1480638],[6.6914654,46.147604199999996],[6.6921614,46.147125100000004],[6.6929048999999985,46.146613300000006],[6.6941134999999985,46.14579280000001],[6.694528399999999,46.144935600000004],[6.694954499999998,46.1440785],[6.695110899999999,46.1432662],[6.6953024999999995,46.142388700000005],[6.695476899999999,46.141508200000004],[6.695554499999998,46.141116100000005],[6.6956433,46.1406004]]}}
,
{"type":"Feature","properties":{"type":"lift","liftType":"cable_car","status":"operating","name":"Prodains Express","oneway":null,"ref":null,"description":null,"occupancy":35,"capacity":2000,"duration":240,"bubble":null,"heating":null,"color":"hsl(0, 82%, 42%)","skiAreas":[],"sources":[{"type":"openstreetmap","id":"way/225288644"}],"location":null,"websites":[],"id":"e339e2977b7af61a3e41db12f4e6dce6b6df637b"},"geometry":{"type":"LineString","coordinates":[[6.7559531999999995,46.18892830000001],[6.7567003,46.188876300000004],[6.7582662000000004,46.188746900000005],[6.7631767,46.18834090000001],[6.7682067,46.18793],[6.774810899999999,46.187397499999996]]}}
,
{"type":"Feature","properties":{"type":"lift","liftType":"platter","status":"operating","name":"Phébus","oneway":null,"ref":null,"description":null,"occupancy":1,"capacity":900,"duration":null,"bubble":null,"heating":null,"color":"hsl(0, 82%, 42%)","skiAreas":[{"type":"Feature","properties":{"type":"skiArea","name":"Thollon-les-Mémises","sources":[{"type":"openstreetmap","id":"relation/5759134"}],"activities":[],"generated":false,"status":"operating","websites":[],"runConvention":"north_america","location":null,"id":"d3c7b897d3dac0b590961eb352677d3070e52fe1"},"geometry":{"type":"Point","coordinates":[360,360,5759134]}}],"sources":[{"type":"openstreetmap","id":"way/255406998"}],"location":null,"websites":[],"id":"d90cc9b5f71dd305f55e4b90469b23b5ad8ce687"},"geometry":{"type":"LineString","coordinates":[[6.731782700000001,46.37831870000001],[6.7379571,46.375088999999996]]}}
,
{"type":"Feature","properties":{"type":"lift","liftType":"platter","status":"operating","name":"Tétras","oneway":null,"ref":null,"description":null,"occupancy":null,"capacity":680,"duration":null,"bubble":null,"heating":null,"color":"hsl(0, 82%, 42%)","skiAreas":[{"type":"Feature","properties":{"type":"skiArea","name":"Thollon-les-Mémises","sources":[{"type":"openstreetmap","id":"relation/5759134"}],"activities":[],"generated":false,"status":"operating","websites":[],"runConvention":"north_america","location":null,"id":"d3c7b897d3dac0b590961eb352677d3070e52fe1"},"geometry":{"type":"Point","coordinates":[360,360,5759134]}}],"sources":[{"type":"openstreetmap","id":"way/255407019"}],"location":null,"websites":[],"id":"02b658bd6114aba12041636fa183bff99f606cf9"},"geometry":{"type":"LineString","coordinates":[[6.7226704,46.3781541],[6.7211232,46.3733544]]}}
,
{"type":"Feature","properties":{"type":"lift","liftType":"platter","status":"operating","name":"Mottet 1","oneway":null,"ref":null,"description":null,"occupancy":1,"capacity":880,"duration":null,"bubble":null,"heating":null,"color":"hsl(0, 82%, 42%)","skiAreas":[{"type":"Feature","properties":{"type":"skiArea","name":"Thollon-les-Mémises","sources":[{"type":"openstreetmap","id":"relation/5759134"}],"activities":[],"generated":false,"status":"operating","websites":[],"runConvention":"north_america","location":null,"id":"d3c7b897d3dac0b590961eb352677d3070e52fe1"},"geometry":{"type":"Point","coordinates":[360,360,5759134]}}],"sources":[{"type":"openstreetmap","id":"way/255407034"}],"location":null,"websites":[],"id":"21774dc61275478cb6ce5c38e92b1f2b629f37f1"},"geometry":{"type":"LineString","coordinates":[[6.726188199999999,46.378503800000004],[6.727166599999999,46.374754499999995]]}}
,
{"type":"Feature","properties":{"type":"lift","liftType":"platter","status":"operating","name":"Mottet 2","oneway":null,"ref":null,"description":null,"occupancy":1,"capacity":900,"duration":null,"bubble":null,"heating":null,"color":"hsl(0, 82%, 42%)","skiAreas":[{"type":"Feature","properties":{"type":"skiArea","name":"Thollon-les-Mémises","sources":[{"type":"openstreetmap","id":"relation/5759134"}],"activities":[],"generated":false,"status":"operating","websites":[],"runConvention":"north_america","location":null,"id":"d3c7b897d3dac0b590961eb352677d3070e52fe1"},"geometry":{"type":"Point","coordinates":[360,360,5759134]}}],"sources":[{"type":"openstreetmap","id":"way/255407041"}],"location":null,"websites":[],"id":"365cbb6e4bb572ef28dbfbf2ef2e56772a35c327"},"geometry":{"type":"LineString","coordinates":[[6.7261263,46.3784948],[6.726502,46.3770023],[6.7270711,46.374741699999994]]}}
,
{"type":"Feature","properties":{"type":"lift","liftType":"platter","status":"operating","name":"École","oneway":null,"ref":null,"description":null,"occupancy":1,"capacity":585,"duration":null,"bubble":null,"heating":null,"color":"hsl(0, 82%, 42%)","skiAreas":[{"type":"Feature","properties":{"type":"skiArea","name":"Thollon-les-Mémises","sources":[{"type":"openstreetmap","id":"relation/5759134"}],"activities":[],"generated":false,"status":"operating","websites":[],"runConvention":"north_america","location":null,"id":"d3c7b897d3dac0b590961eb352677d3070e52fe1"},"geometry":{"type":"Point","coordinates":[360,360,5759134]}}],"sources":[{"type":"openstreetmap","id":"way/255407052"}],"location":null,"websites":[],"id":"e48456cd9e4121813dceca245e70fda2bda9ecf4"},"geometry":{"type":"LineString","coordinates":[[6.729656100000001,46.37748839999999],[6.7296344999999995,46.375755500000004]]}}
,
{"type":"Feature","properties":{"type":"lift","liftType":"platter","status":"operating","name":"Chevaly 1","oneway":null,"ref":null,"description":null,"occupancy":null,"capacity":700,"duration":null,"bubble":null,"heating":null,"color":"hsl(0, 82%, 42%)","skiAreas":[{"type":"Feature","properties":{"type":"skiArea","name":"Praz de Lys Sommand","sources":[{"type":"openstreetmap","id":"relation/5757942"}],"activities":[],"generated":false,"status":"operating","websites":[],"runConvention":"north_america","location":null,"id":"17a2aed27cfa6b593c5df9770900555623db6adf"},"geometry":{"type":"Point","coordinates":[360,360,5757942]}}],"sources":[{"type":"openstreetmap","id":"way/258169034"}],"location":null,"websites":[],"id":"a524423eebf8f83fb19b36fe56d3de042f281a79"},"geometry":{"type":"LineString","coordinates":[[6.592293700000001,46.147800499999995],[6.5908999,46.14451570000001]]}}
,
{"type":"Feature","properties":{"type":"lift","liftType":"platter","status":"operating","name":"Brésy","oneway":null,"ref":null,"description":null,"occupancy":null,"capacity":900,"duration":null,"bubble":null,"heating":null,"color":"hsl(0, 82%, 42%)","skiAreas":[{"type":"Feature","properties":{"type":"skiArea","name":"Praz de Lys Sommand","sources":[{"type":"openstreetmap","id":"relation/5757942"}],"activities":[],"generated":false,"status":"operating","websites":[],"runConvention":"north_america","location":null,"id":"17a2aed27cfa6b593c5df9770900555623db6adf"},"geometry":{"type":"Point","coordinates":[360,360,5757942]}}],"sources":[{"type":"openstreetmap","id":"way/258351795"}],"location":null,"websites":[],"id":"9ef8aca67f3eb7f6c9644d24cde013ce396097c4"},"geometry":{"type":"LineString","coordinates":[[6.5907826,46.138027],[6.586542400000001,46.1396472],[6.581654100000001,46.140878]]}}
,
{"type":"Feature","properties":{"type":"lift","liftType":"platter","status":"operating","name":"Canevet","oneway":null,"ref":null,"description":null,"occupancy":null,"capacity":700,"duration":null,"bubble":null,"heating":null,"color":"hsl(0, 82%, 42%)","skiAreas":[{"type":"Feature","properties":{"type":"skiArea","name":"Praz de Lys Sommand","sources":[{"type":"openstreetmap","id":"relation/5757942"}],"activities":[],"generated":false,"status":"operating","websites":[],"runConvention":"north_america","location":null,"id":"17a2aed27cfa6b593c5df9770900555623db6adf"},"geometry":{"type":"Point","coordinates":[360,360,5757942]}}],"sources":[{"type":"openstreetmap","id":"way/258351796"}],"location":null,"websites":[],"id":"d3c470ff8d1189205728cb4cb8b5a12e3072e751"},"geometry":{"type":"LineString","coordinates":[[6.592718,46.1390805],[6.591684,46.141447799999995],[6.5918658,46.1426651]]}}
,
{"type":"Feature","properties":{"type":"lift","liftType":"platter","status":"operating","name":"Hôtel","oneway":null,"ref":null,"description":null,"occupancy":null,"capacity":900,"duration":null,"bubble":null,"heating":null,"color":"hsl(0, 82%, 42%)","skiAreas":[{"type":"Feature","properties":{"type":"skiArea","name":"Praz de Lys Sommand","sources":[{"type":"openstreetmap","id":"relation/5757942"}],"activities":[],"generated":false,"status":"operating","websites":[],"runConvention":"north_america","location":null,"id":"17a2aed27cfa6b593c5df9770900555623db6adf"},"geometry":{"type":"Point","coordinates":[360,360,5757942]}}],"sources":[{"type":"openstreetmap","id":"way/258351797"}],"location":null,"websites":[],"id":"cec8a65e5c6a0e2156d9c8e50f01661c8077c68f"},"geometry":{"type":"LineString","coordinates":[[6.597147,46.13537990000001],[6.596368900000001,46.137705800000006],[6.5947511,46.139695100000004],[6.594056499999999,46.1405492],[6.593131499999999,46.14168659999999],[6.592765,46.14213720000001],[6.5921880999999996,46.1427417]]}}
,
{"type":"Feature","properties":{"type":"lift","liftType":"platter","status":"operating","name":"Jora","oneway":null,"ref":null,"description":null,"occupancy":null,"capacity":900,"duration":null,"bubble":null,"heating":null,"color":"hsl(0, 82%, 42%)","skiAreas":[{"type":"Feature","properties":{"type":"skiArea","name":"Praz de Lys Sommand","sources":[{"type":"openstreetmap","id":"relation/5757942"}],"activities":[],"generated":false,"status":"operating","websites":[],"runConvention":"north_america","location":null,"id":"17a2aed27cfa6b593c5df9770900555623db6adf"},"geometry":{"type":"Point","coordinates":[360,360,5757942]}}],"sources":[{"type":"openstreetmap","id":"way/258351798"}],"location":null,"websites":[],"id":"2602b53b815d41446956b54789b95c77de2b9d1e"},"geometry":{"type":"LineString","coordinates":[[6.595556599999999,46.143250300000005],[6.5922952,46.143421499999995]]}}
,
{"type":"Feature","properties":{"type":"lift","liftType":"platter","status":"operating","name":"Planey","oneway":null,"ref":null,"description":null,"occupancy":null,"capacity":500,"duration":null,"bubble":null,"heating":null,"color":"hsl(0, 82%, 42%)","skiAreas":[{"type":"Feature","properties":{"type":"skiArea","name":"Praz de Lys Sommand","sources":[{"type":"openstreetmap","id":"relation/5757942"}],"activities":[],"generated":false,"status":"operating","websites":[],"runConvention":"north_america","location":null,"id":"17a2aed27cfa6b593c5df9770900555623db6adf"},"geometry":{"type":"Point","coordinates":[360,360,5757942]}}],"sources":[{"type":"openstreetmap","id":"way/262662017"}],"location":null,"websites":[],"id":"1a902a84051182c7395c7e6c40b0f25e10b1fcbb"},"geometry":{"type":"LineString","coordinates":[[6.595563100000001,46.13461590000001],[6.595477799999999,46.1343646],[6.5951737999999995,46.133469],[6.594923499999999,46.13273130000001],[6.5946726,46.131992200000006],[6.5945361999999985,46.131590200000005],[6.5941693,46.130509200000006],[6.594034799999998,46.13011300000001],[6.593417799999999,46.129645800000006],[6.592874799999999,46.129234700000005],[6.5924407,46.12914530000001],[6.5927869999999995,46.12935550000001],[6.594034799999998,46.13011300000001]]}}
,
{"type":"Feature","properties":{"type":"lift","liftType":"drag_lift","status":"operating","name":"Télésiège du Bécrêt","oneway":null,"ref":null,"description":null,"occupancy":null,"capacity":900,"duration":110,"bubble":null,"heating":null,"color":"hsl(0, 82%, 42%)","skiAreas":[{"type":"Feature","properties":{"type":"skiArea","name":"Bernex","sources":[{"type":"openstreetmap","id":"relation/5759124"}],"activities":[],"generated":false,"status":"operating","websites":[],"runConvention":"north_america","location":null,"id":"19b6e308caa6766b21cb00e4fb40a82c4ee1f95b"},"geometry":{"type":"Point","coordinates":[360,360,5759124]}}],"sources":[{"type":"openstreetmap","id":"way/266708581"}],"location":null,"websites":[],"id":"a2b344ee4c370d61e1d0cfdd81d9e4e44e5c4727"},"geometry":{"type":"LineString","coordinates":[[6.7033045,46.3523334],[6.700112,46.3507959]]}}
,
{"type":"Feature","properties":{"type":"lift","liftType":"chair_lift","status":"operating","name":"Télésiège du Petit Combet","oneway":true,"ref":null,"description":null,"occupancy":4,"capacity":1450,"duration":404,"bubble":null,"heating":null,"color":"hsl(0, 82%, 42%)","skiAreas":[{"type":"Feature","properties":{"type":"skiArea","name":"Bernex","sources":[{"type":"openstreetmap","id":"relation/5759124"}],"activities":[],"generated":false,"status":"operating","websites":[],"runConvention":"north_america","location":null,"id":"19b6e308caa6766b21cb00e4fb40a82c4ee1f95b"},"geometry":{"type":"Point","coordinates":[360,360,5759124]}}],"sources":[{"type":"openstreetmap","id":"way/266711299"}],"location":null,"websites":[],"id":"1b69aceaab736a45e1072e632eed88986846de7d"},"geometry":{"type":"LineString","coordinates":[[6.7024013,46.346690699999996],[6.702384899999999,46.3465024],[6.7023311,46.34588349999999],[6.7022176,46.344577199999996],[6.702149400000001,46.343793399999996],[6.7020719,46.3429018],[6.7019649,46.341670099999995],[6.7018352,46.3401787],[6.701737700000001,46.339057399999994],[6.701667000000001,46.3382438],[6.701646900000001,46.33801230000001]]}}
,
{"type":"Feature","properties":{"type":"lift","liftType":"platter","status":"operating","name":"Téléski de la Lèche","oneway":null,"ref":null,"description":null,"occupancy":null,"capacity":800,"duration":70,"bubble":null,"heating":null,"color":"hsl(0, 82%, 42%)","skiAreas":[{"type":"Feature","properties":{"type":"skiArea","name":"Bernex","sources":[{"type":"openstreetmap","id":"relation/5759124"}],"activities":[],"generated":false,"status":"operating","websites":[],"runConvention":"north_america","location":null,"id":"19b6e308caa6766b21cb00e4fb40a82c4ee1f95b"},"geometry":{"type":"Point","coordinates":[360,360,5759124]}}],"sources":[{"type":"openstreetmap","id":"way/266712257"}],"location":null,"websites":[],"id":"1e3ce7a7097aa242b1605af2f735f03a1721ceef"},"geometry":{"type":"LineString","coordinates":[[6.700029600000001,46.3459568],[6.6993925,46.3458163],[6.6986555999999995,46.3456557],[6.69829,46.345576]]}}
,
{"type":"Feature","properties":{"type":"lift","liftType":"drag_lift","status":"operating","name":"Téléski de la Mouille","oneway":null,"ref":null,"description":null,"occupancy":null,"capacity":500,"duration":60,"bubble":null,"heating":null,"color":"hsl(0, 82%, 42%)","skiAreas":[{"type":"Feature","properties":{"type":"skiArea","name":"Bernex","sources":[{"type":"openstreetmap","id":"relation/5759124"}],"activities":[],"generated":false,"status":"operating","websites":[],"runConvention":"north_america","location":null,"id":"19b6e308caa6766b21cb00e4fb40a82c4ee1f95b"},"geometry":{"type":"Point","coordinates":[360,360,5759124]}}],"sources":[{"type":"openstreetmap","id":"way/266715812"}],"location":null,"websites":[],"id":"c738382484a4092db1fe6f4eaea778c76bac01f8"},"geometry":{"type":"LineString","coordinates":[[6.689223800000001,46.355964099999994],[6.6893985,46.355587899999996],[6.6895699,46.3552192],[6.689641000000001,46.355066199999996]]}}
,
{"type":"Feature","properties":{"type":"lift","liftType":"platter","status":"operating","name":"Château","oneway":null,"ref":null,"description":null,"occupancy":null,"capacity":900,"duration":120,"bubble":null,"heating":null,"color":"hsl(0, 82%, 42%)","skiAreas":[],"sources":[{"type":"openstreetmap","id":"way/280175705"}],"location":null,"websites":[],"id":"38a74b8fbe90b34208242c16c64a9b49b73be122"},"geometry":{"type":"LineString","coordinates":[[6.658648,46.14904],[6.658805999999999,46.14894590000001],[6.6596215,46.14846],[6.6602083,46.14811040000001],[6.6606727999999995,46.1478337],[6.6613532,46.147469099999995],[6.662163199999999,46.147067799999995],[6.662697199999999,46.1467671],[6.662862499999999,46.146672900000006]]}}
,
{"type":"Feature","properties":{"type":"lift","liftType":"platter","status":"operating","name":"Poireaux 2","oneway":null,"ref":null,"description":null,"occupancy":null,"capacity":null,"duration":null,"bubble":null,"heating":null,"color":"hsl(0, 82%, 42%)","skiAreas":[],"sources":[{"type":"openstreetmap","id":"way/280176510"}],"location":null,"websites":[],"id":"0162ac6eb2dc48d63a896ee4c49676a1bd5a6d17"},"geometry":{"type":"LineString","coordinates":[[6.7125827,46.1569112],[6.713592,46.1547526]]}}
,
{"type":"Feature","properties":{"type":"lift","liftType":"platter","status":"operating","name":"Poireaux 1","oneway":null,"ref":null,"description":null,"occupancy":null,"capacity":null,"duration":null,"bubble":null,"heating":null,"color":"hsl(0, 82%, 42%)","skiAreas":[],"sources":[{"type":"openstreetmap","id":"way/280176511"}],"location":null,"websites":[],"id":"7ab06f2b8d209d48b1c8f17b31982a03951ff680"},"geometry":{"type":"LineString","coordinates":[[6.712614899999999,46.1569178],[6.713679700000001,46.154778900000004]]}}
,
{"type":"Feature","properties":{"type":"lift","liftType":"chair_lift","status":"operating","name":"Nabor","oneway":null,"ref":null,"description":null,"occupancy":4,"capacity":null,"duration":null,"bubble":null,"heating":null,"color":"hsl(0, 82%, 42%)","skiAreas":[],"sources":[{"type":"openstreetmap","id":"way/286275367"}],"location":null,"websites":[],"id":"3c60b0c725bc1ca16bba88fa0bb5ab05d02ef9fa"},"geometry":{"type":"LineString","coordinates":[[6.688813499999999,46.1701862],[6.6890587,46.169905500000006],[6.689500799999999,46.169399500000004],[6.6903597,46.16841630000001],[6.690485699999999,46.16827210000001],[6.6908977,46.1678005],[6.6915783,46.1670215],[6.6920006999999995,46.16653790000001],[6.692197899999999,46.166312200000014]]}}
,
{"type":"Feature","properties":{"type":"lift","liftType":"chair_lift","status":"operating","name":"Chargeau","oneway":null,"ref":null,"description":null,"occupancy":null,"capacity":null,"duration":320,"bubble":null,"heating":null,"color":"hsl(0, 82%, 42%)","skiAreas":[{"type":"Feature","properties":{"type":"skiArea","name":"Roc d'Enfer","sources":[{"type":"openstreetmap","id":"relation/5757156"}],"activities":[],"generated":false,"status":"operating","websites":[],"runConvention":"north_america","location":null,"id":"8f52a4cffc57a788e69b889d7b5c12197a606047"},"geometry":{"type":"Point","coordinates":[360,360,5757156]}}],"sources":[{"type":"openstreetmap","id":"way/288892180"}],"location":null,"websites":[],"id":"b59a1a4d96b2b039f5d67302bf5aceca4b2dacce"},"geometry":{"type":"LineString","coordinates":[[6.6244990999999995,46.2037647],[6.624962099999999,46.204046],[6.625830999999999,46.2045472],[6.627274599999999,46.20542520000001],[6.628124099999999,46.205941900000006],[6.6290093,46.2064804],[6.629416299999999,46.206727900000004],[6.6296275,46.2068564]]}}
,
{"type":"Feature","properties":{"type":"lift","liftType":"chair_lift","status":"operating","name":"Graydon","oneway":null,"ref":null,"description":null,"occupancy":3,"capacity":null,"duration":600,"bubble":null,"heating":null,"color":"hsl(0, 82%, 42%)","skiAreas":[{"type":"Feature","properties":{"type":"skiArea","name":"Roc d'Enfer","sources":[{"type":"openstreetmap","id":"relation/5757156"}],"activities":[],"generated":false,"status":"operating","websites":[],"runConvention":"north_america","location":null,"id":"8f52a4cffc57a788e69b889d7b5c12197a606047"},"geometry":{"type":"Point","coordinates":[360,360,5757156]}}],"sources":[{"type":"openstreetmap","id":"way/288893232"}],"location":null,"websites":[],"id":"ec62ede7ed992946270d86733b827921555ad518"},"geometry":{"type":"LineString","coordinates":[[6.623997599999999,46.2034036],[6.6235846999999985,46.203238600000006],[6.622576999999999,46.20283580000001],[6.6218134,46.20253060000001],[6.620665,46.2020715],[6.6194781,46.2015971],[6.6188681,46.20135330000001],[6.617496199999999,46.2008049],[6.615990999999999,46.200203300000005],[6.6150332999999994,46.1998204],[6.6138629,46.19935260000001],[6.6127685,46.198915100000015],[6.6125981,46.198847]]}}
,
{"type":"Feature","properties":{"type":"lift","liftType":"platter","status":"operating","name":"Bouchet","oneway":null,"ref":null,"description":null,"occupancy":null,"capacity":null,"duration":null,"bubble":null,"heating":null,"color":"hsl(0, 82%, 42%)","skiAreas":[],"sources":[{"type":"openstreetmap","id":"way/295651443"}],"location":null,"websites":[],"id":"a837a7163cd56b5ada3d4eef9b591df5b0b94c2a"},"geometry":{"type":"LineString","coordinates":[[6.7058274,46.176951],[6.7050189,46.176563200000004],[6.7040223,46.176150500000006]]}}
,
{"type":"Feature","properties":{"type":"lift","liftType":"platter","status":"operating","name":"Mas Verjus","oneway":null,"ref":null,"description":null,"occupancy":null,"capacity":null,"duration":null,"bubble":null,"heating":null,"color":"hsl(0, 82%, 42%)","skiAreas":[],"sources":[{"type":"openstreetmap","id":"way/295651444"}],"location":null,"websites":[],"id":"a3e90591365370e91ddbb1664b87dea7dbaef2ef"},"geometry":{"type":"LineString","coordinates":[[6.7044487,46.1782696],[6.703343600000001,46.1776716]]}}
,
{"type":"Feature","properties":{"type":"lift","liftType":"platter","status":"operating","name":"Bray","oneway":null,"ref":null,"description":null,"occupancy":null,"capacity":null,"duration":170,"bubble":null,"heating":null,"color":"hsl(0, 82%, 42%)","skiAreas":[{"type":"Feature","properties":{"type":"skiArea","name":"Roc d'Enfer","sources":[{"type":"openstreetmap","id":"relation/5757156"}],"activities":[],"generated":false,"status":"operating","websites":[],"runConvention":"north_america","location":null,"id":"8f52a4cffc57a788e69b889d7b5c12197a606047"},"geometry":{"type":"Point","coordinates":[360,360,5757156]}}],"sources":[{"type":"openstreetmap","id":"way/297428605"}],"location":null,"websites":[],"id":"9daa73f04fa6bc8e7c9ad218402bff9198da567c"},"geometry":{"type":"LineString","coordinates":[[6.6321726,46.214183999999996],[6.6320881,46.2138392],[6.631924799999999,46.213272200000006],[6.6317361,46.2125864],[6.6315982,46.212050600000005],[6.631510899999999,46.211698]]}}
,
{"type":"Feature","properties":{"type":"lift","liftType":"platter","status":"operating","name":"Esserailloux","oneway":null,"ref":null,"description":null,"occupancy":null,"capacity":null,"duration":360,"bubble":null,"heating":null,"color":"hsl(0, 82%, 42%)","skiAreas":[{"type":"Feature","properties":{"type":"skiArea","name":"Roc d'Enfer","sources":[{"type":"openstreetmap","id":"relation/5757156"}],"activities":[],"generated":false,"status":"operating","websites":[],"runConvention":"north_america","location":null,"id":"8f52a4cffc57a788e69b889d7b5c12197a606047"},"geometry":{"type":"Point","coordinates":[360,360,5757156]}}],"sources":[{"type":"openstreetmap","id":"way/297428606"}],"location":null,"websites":[],"id":"9d38cf5b9e4ebd5896be0a8ea552c6cc1ea7edcf"},"geometry":{"type":"LineString","coordinates":[[6.640535699999999,46.21837590000001],[6.6403092,46.2179266],[6.6399213,46.2172228],[6.6395667000000005,46.2165466],[6.638999,46.21554890000001],[6.6385761,46.2148462],[6.6370211,46.2141942],[6.6364235,46.21394],[6.6354628,46.2135294],[6.6346187,46.2131804],[6.6331701999999995,46.2125617],[6.6327457,46.212391200000006]]}}
,
{"type":"Feature","properties":{"type":"lift","liftType":"chair_lift","status":"operating","name":"Torchon","oneway":null,"ref":null,"description":null,"occupancy":4,"capacity":2000,"duration":600,"bubble":null,"heating":null,"color":"hsl(0, 82%, 42%)","skiAreas":[{"type":"Feature","properties":{"type":"skiArea","name":"Roc d'Enfer","sources":[{"type":"openstreetmap","id":"relation/5757156"}],"activities":[],"generated":false,"status":"operating","websites":[],"runConvention":"north_america","location":null,"id":"8f52a4cffc57a788e69b889d7b5c12197a606047"},"geometry":{"type":"Point","coordinates":[360,360,5757156]}}],"sources":[{"type":"openstreetmap","id":"way/315824148"}],"location":null,"websites":[],"id":"aa3792ed64682758424f3af52529e78bb3e6a462"},"geometry":{"type":"LineString","coordinates":[[6.5765092,46.2094974],[6.5771806999999995,46.20955610000001],[6.5776776,46.2095995],[6.5787355,46.209692000000004],[6.5800028,46.209802800000006],[6.5817637000000015,46.20995680000001],[6.58357,46.210114700000005],[6.584107499999999,46.2101617],[6.584388799999999,46.210186300000004],[6.5854645,46.2102803],[6.5869006,46.210405900000005],[6.587718799999999,46.210477399999995],[6.5878764,46.2104912],[6.5893898,46.2106235],[6.589678100000001,46.2106487]]}}
,
{"type":"Feature","properties":{"type":"lift","liftType":"platter","status":"operating","name":"Follys 1","oneway":null,"ref":null,"description":null,"occupancy":null,"capacity":900,"duration":200,"bubble":null,"heating":null,"color":"hsl(0, 82%, 42%)","skiAreas":[{"type":"Feature","properties":{"type":"skiArea","name":"Roc d'Enfer","sources":[{"type":"openstreetmap","id":"relation/5757156"}],"activities":[],"generated":false,"status":"operating","websites":[],"runConvention":"north_america","location":null,"id":"8f52a4cffc57a788e69b889d7b5c12197a606047"},"geometry":{"type":"Point","coordinates":[360,360,5757156]}}],"sources":[{"type":"openstreetmap","id":"way/315824149"}],"location":null,"websites":[],"id":"faf49841b472ffaa2be97d638ee8235260660283"},"geometry":{"type":"LineString","coordinates":[[6.592156799999999,46.210563900000004],[6.593469600000001,46.2104407],[6.5946886,46.210323300000006],[6.5959525999999995,46.21019690000001],[6.5972267,46.2100823],[6.5985892999999995,46.2099649]]}}
,
{"type":"Feature","properties":{"type":"lift","liftType":"magic_carpet","status":"operating","name":"Ludoffaz","oneway":null,"ref":null,"description":null,"occupancy":null,"capacity":null,"duration":null,"bubble":null,"heating":null,"color":"hsl(0, 82%, 42%)","skiAreas":[{"type":"Feature","properties":{"type":"skiArea","name":"Abondance","sources":[{"type":"openstreetmap","id":"relation/5763633"}],"activities":[],"generated":false,"status":"operating","websites":[],"runConvention":"north_america","location":null,"id":"d3d69f021189f84fe11396cd2078f905ebd0beb9"},"geometry":{"type":"Point","coordinates":[360,360,5763633]}}],"sources":[{"type":"openstreetmap","id":"way/316300475"}],"location":null,"websites":[],"id":"eaa15acebf6a265aa71b772d2149a978b56b7b3a"},"geometry":{"type":"LineString","coordinates":[[6.717832499999999,46.279104600000004],[6.717915499999998,46.278189600000005]]}}
,
{"type":"Feature","properties":{"type":"lift","liftType":"platter","status":"operating","name":"Terchette","oneway":null,"ref":null,"description":null,"occupancy":null,"capacity":null,"duration":null,"bubble":null,"heating":null,"color":"hsl(0, 82%, 42%)","skiAreas":[{"type":"Feature","properties":{"type":"skiArea","name":"Roc d'Enfer","sources":[{"type":"openstreetmap","id":"relation/5757156"}],"activities":[],"generated":false,"status":"operating","websites":[],"runConvention":"north_america","location":null,"id":"8f52a4cffc57a788e69b889d7b5c12197a606047"},"geometry":{"type":"Point","coordinates":[360,360,5757156]}}],"sources":[{"type":"openstreetmap","id":"way/317020631"}],"location":null,"websites":[],"id":"5900211cd9e5d0a14e49c6a964ae3ed8726c6ab1"},"geometry":{"type":"LineString","coordinates":[[6.631342900000001,46.2142762],[6.6303774,46.2126431]]}}
,
{"type":"Feature","properties":{"type":"lift","liftType":"magic_carpet","status":"operating","name":"Platais","oneway":null,"ref":null,"description":null,"occupancy":null,"capacity":null,"duration":null,"bubble":null,"heating":null,"color":"hsl(0, 82%, 42%)","skiAreas":[],"sources":[{"type":"openstreetmap","id":"way/317023889"}],"location":null,"websites":[],"id":"1b66688ee66b26f36146afb7dcc0395cc435473c"},"geometry":{"type":"LineString","coordinates":[[6.6851202999999995,46.1492203],[6.685886199999999,46.148714000000005]]}}
,
{"type":"Feature","properties":{"type":"lift","liftType":"magic_carpet","status":"operating","name":null,"oneway":null,"ref":null,"description":null,"occupancy":null,"capacity":null,"duration":null,"bubble":null,"heating":null,"color":"hsl(0, 82%, 42%)","skiAreas":[],"sources":[{"type":"openstreetmap","id":"way/317023890"}],"location":null,"websites":[],"id":"99436969c547b8702883e85259ef8b8c13660259"},"geometry":{"type":"LineString","coordinates":[[6.685181099999999,46.1476722],[6.686042700000001,46.1473099]]}}
,
{"type":"Feature","properties":{"type":"lift","liftType":"drag_lift","status":"operating","name":"Grand Cry","oneway":null,"ref":null,"description":null,"occupancy":null,"capacity":800,"duration":null,"bubble":null,"heating":null,"color":"hsl(0, 82%, 42%)","skiAreas":[],"sources":[{"type":"openstreetmap","id":"way/317023891"}],"location":null,"websites":[],"id":"1152027bf599a24f7b345aa11b71baddf6887763"},"geometry":{"type":"LineString","coordinates":[[6.686745,46.1456706],[6.6873472,46.1456912],[6.6883466,46.145725500000005],[6.6892548,46.145756600000006],[6.6906622,46.1458048]]}}
,
{"type":"Feature","properties":{"type":"lift","liftType":"platter","status":"operating","name":"Écoles 2","oneway":null,"ref":null,"description":null,"occupancy":null,"capacity":600,"duration":120,"bubble":null,"heating":null,"color":"hsl(0, 82%, 42%)","skiAreas":[],"sources":[{"type":"openstreetmap","id":"way/317027023"}],"location":null,"websites":[],"id":"f5a09aa1b380c672a42462247b7ec454b21f3cec"},"geometry":{"type":"LineString","coordinates":[[6.770221700000001,46.1946043],[6.770742600000001,46.1949206],[6.7711706000000005,46.19519720000001],[6.771638300000001,46.19550560000001],[6.7722778,46.19593010000001],[6.772409700000001,46.19601490000001]]}}
,
{"type":"Feature","properties":{"type":"lift","liftType":"drag_lift","status":"operating","name":"Dromonts 1","oneway":null,"ref":null,"description":null,"occupancy":null,"capacity":null,"duration":null,"bubble":null,"heating":null,"color":"hsl(0, 82%, 42%)","skiAreas":[],"sources":[{"type":"openstreetmap","id":"way/317027129"}],"location":null,"websites":[],"id":"57a4242172c3eef85c9410821585eff7f5086254"},"geometry":{"type":"LineString","coordinates":[[6.7764702,46.1906255],[6.774187199999999,46.192181500000004]]}}
,
{"type":"Feature","properties":{"type":"lift","liftType":"platter","status":"operating","name":"Barmettes","oneway":null,"ref":null,"description":null,"occupancy":null,"capacity":800,"duration":120,"bubble":null,"heating":null,"color":"hsl(0, 82%, 42%)","skiAreas":[],"sources":[{"type":"openstreetmap","id":"way/317027261"}],"location":null,"websites":[],"id":"8e622b536e1add8a933e33dd9ebb7452d78ef0c5"},"geometry":{"type":"LineString","coordinates":[[6.7783758,46.20673600000001],[6.779225000000001,46.20659530000001],[6.7801768,46.20643690000001],[6.7811133,46.2062848],[6.781472400000001,46.2062265]]}}
,
{"type":"Feature","properties":{"type":"lift","liftType":"drag_lift","status":"operating","name":"Arare 1","oneway":null,"ref":null,"description":null,"occupancy":null,"capacity":null,"duration":null,"bubble":null,"heating":null,"color":"hsl(0, 82%, 42%)","skiAreas":[],"sources":[{"type":"openstreetmap","id":"way/317027562"}],"location":null,"websites":[],"id":"40ce962e67eec46e06ea35d862d99802eb4dd637"},"geometry":{"type":"LineString","coordinates":[[6.779485,46.180114200000006],[6.779064000000001,46.1779619],[6.780239100000001,46.17599280000001],[6.781243700000002,46.173109000000004]]}}
,
{"type":"Feature","properties":{"type":"lift","liftType":"platter","status":"operating","name":"Poussinets","oneway":null,"ref":null,"description":null,"occupancy":null,"capacity":null,"duration":null,"bubble":null,"heating":null,"color":"hsl(0, 82%, 42%)","skiAreas":[],"sources":[{"type":"openstreetmap","id":"way/317029538"}],"location":null,"websites":[],"id":"998106cb3d6bb978e8af43636f1991369f8e869f"},"geometry":{"type":"LineString","coordinates":[[6.857943799999999,46.2685474],[6.8583164,46.26863730000001],[6.8587036,46.26873070000001],[6.8589737,46.268795800000014]]}}
,
{"type":"Feature","properties":{"type":"lift","liftType":"drag_lift","status":"operating","name":"Débutants","oneway":null,"ref":null,"description":null,"occupancy":null,"capacity":null,"duration":null,"bubble":null,"heating":null,"color":"hsl(0, 82%, 42%)","skiAreas":[],"sources":[{"type":"openstreetmap","id":"way/317029539"}],"location":null,"websites":[],"id":"613c62fef5b482bb7eaebb047819deca60add6e8"},"geometry":{"type":"LineString","coordinates":[[6.8588396,46.267928100000006],[6.8594208,46.26784],[6.8606394,46.26765530000001],[6.860955899999999,46.2676073]]}}
,
{"type":"Feature","properties":{"type":"lift","liftType":"drag_lift","status":"operating","name":"Poussins","oneway":null,"ref":null,"description":null,"occupancy":null,"capacity":null,"duration":null,"bubble":null,"heating":null,"color":"hsl(0, 82%, 42%)","skiAreas":[],"sources":[{"type":"openstreetmap","id":"way/317029540"}],"location":null,"websites":[],"id":"2f4bf32e2ac727f284c992a28d45713a8f669c08"},"geometry":{"type":"LineString","coordinates":[[6.8581126999999995,46.2678613],[6.858484699999999,46.268023400000004],[6.8588759999999995,46.268193900000014],[6.859368000000001,46.26840830000001]]}}
,
{"type":"Feature","properties":{"type":"lift","liftType":"magic_carpet","status":"operating","name":"Super-Châtel","oneway":true,"ref":null,"description":null,"occupancy":null,"capacity":null,"duration":null,"bubble":null,"heating":null,"color":"hsl(0, 82%, 42%)","skiAreas":[],"sources":[{"type":"openstreetmap","id":"way/317029541"}],"location":null,"websites":[],"id":"4bc0883c25e9a1a60dc47b7a94a6e95a62988a49"},"geometry":{"type":"LineString","coordinates":[[6.8568441,46.26925190000001],[6.8576836,46.2679819]]}}
,
{"type":"Feature","properties":{"type":"lift","liftType":"platter","status":"operating","name":"Coquelets","oneway":null,"ref":null,"description":null,"occupancy":null,"capacity":null,"duration":null,"bubble":null,"heating":null,"color":"hsl(0, 82%, 42%)","skiAreas":[],"sources":[{"type":"openstreetmap","id":"way/317029559"}],"location":null,"websites":[],"id":"753866607d0f799e2f294829d500e2b9b7a158ce"},"geometry":{"type":"LineString","coordinates":[[6.8577322999999994,46.2662616],[6.8580727999999995,46.26614590000001],[6.8587339,46.26592130000001],[6.8595974,46.265627900000005]]}}
,
{"type":"Feature","properties":{"type":"lift","liftType":"magic_carpet","status":"operating","name":"Viking","oneway":null,"ref":null,"description":null,"occupancy":null,"capacity":null,"duration":null,"bubble":null,"heating":null,"color":"hsl(0, 82%, 42%)","skiAreas":[],"sources":[{"type":"openstreetmap","id":"way/317254092"}],"location":null,"websites":[],"id":"204da08d4bb169715068a95e14d37b6126275670"},"geometry":{"type":"LineString","coordinates":[[6.692414599999998,46.168414600000006],[6.6926391,46.1677243]]}}
,
{"type":"Feature","properties":{"type":"lift","liftType":"platter","status":"operating","name":"Pré-la-Vieille","oneway":null,"ref":null,"description":null,"occupancy":null,"capacity":null,"duration":null,"bubble":null,"heating":null,"color":"hsl(0, 82%, 42%)","skiAreas":[],"sources":[{"type":"openstreetmap","id":"way/317312454"}],"location":null,"websites":[],"id":"e7002cb431598675275001e93da83553b9574859"},"geometry":{"type":"LineString","coordinates":[[6.871962100000001,46.272568500000006],[6.8719026,46.27241480000001],[6.871699800000001,46.2718907],[6.8714125,46.271148600000004],[6.8711659,46.27051130000001],[6.8701677000000005,46.26919540000001],[6.869438199999999,46.26823370000001]]}}
,
{"type":"Feature","properties":{"type":"lift","liftType":"drag_lift","status":"operating","name":"Dahu","oneway":null,"ref":null,"description":null,"occupancy":null,"capacity":null,"duration":null,"bubble":null,"heating":null,"color":"hsl(0, 82%, 42%)","skiAreas":[{"type":"Feature","properties":{"type":"skiArea","name":"La Chapelle d'Abondance","sources":[{"type":"openstreetmap","id":"relation/5763676"}],"activities":[],"generated":false,"status":"operating","websites":[],"runConvention":"north_america","location":null,"id":"8ab6f8a4372774042033a0721b21c2fbb8df2c9c"},"geometry":{"type":"Point","coordinates":[360,360,5763676]}}],"sources":[{"type":"openstreetmap","id":"way/317444742"}],"location":null,"websites":[],"id":"d1ff87c28a5026e1f8b6e6ac4b49baad718697fd"},"geometry":{"type":"LineString","coordinates":[[6.781977100000001,46.29255540000001],[6.781283800000001,46.2910418]]}}
,
{"type":"Feature","properties":{"type":"lift","liftType":"platter","status":"operating","name":"Corne 1","oneway":null,"ref":null,"description":null,"occupancy":null,"capacity":null,"duration":null,"bubble":null,"heating":null,"color":"hsl(0, 82%, 42%)","skiAreas":[{"type":"Feature","properties":{"type":"skiArea","name":"Abondance","sources":[{"type":"openstreetmap","id":"relation/5763633"}],"activities":[],"generated":false,"status":"operating","websites":[],"runConvention":"north_america","location":null,"id":"d3d69f021189f84fe11396cd2078f905ebd0beb9"},"geometry":{"type":"Point","coordinates":[360,360,5763633]}}],"sources":[{"type":"openstreetmap","id":"way/317447558"}],"location":null,"websites":[],"id":"7a3965700367730a376970d819679c9a43e5c78a"},"geometry":{"type":"LineString","coordinates":[[6.7051153999999995,46.2636564],[6.7005092,46.26016270000001]]}}
,
{"type":"Feature","properties":{"type":"lift","liftType":"chair_lift","status":"operating","name":"Télésiège des Portes du Soleil","oneway":null,"ref":null,"description":null,"occupancy":6,"capacity":2200,"duration":300,"bubble":false,"heating":false,"color":"hsl(0, 82%, 42%)","skiAreas":[{"type":"Feature","properties":{"type":"skiArea","name":"Châtel","sources":[{"type":"openstreetmap","id":"relation/5763952"}],"activities":[],"generated":false,"status":"operating","websites":[],"runConvention":"north_america","location":null,"id":"cd9575d80e0c47ed91caa814eae2093f13bc9e67"},"geometry":{"type":"Point","coordinates":[360,360,5763952]}}],"sources":[{"type":"openstreetmap","id":"way/325533218"}],"location":null,"websites":[],"id":"ac4eabba096e6b64035870e6e2f6a71d4f9bbacd"},"geometry":{"type":"LineString","coordinates":[[6.843673600000001,46.2550995],[6.8437844,46.2552416],[6.8445089999999995,46.25617090000001],[6.8454651,46.2573972],[6.8459491,46.258017900000006],[6.8469583,46.25931210000001],[6.8472581,46.2596966],[6.847621,46.26016200000001],[6.8484436,46.26121680000001],[6.8504664,46.26381090000001],[6.850634199999999,46.2640261],[6.851131,46.2646631],[6.8518492,46.265584100000005],[6.852129,46.26594280000001],[6.8523057,46.26617350000001]]}}
,
{"type":"Feature","properties":{"type":"lift","liftType":"chair_lift","status":"operating","name":"Gabelou","oneway":false,"ref":null,"description":null,"occupancy":4,"capacity":1800,"duration":210,"bubble":false,"heating":false,"color":"hsl(0, 82%, 42%)","skiAreas":[{"type":"Feature","properties":{"type":"skiArea","name":"Châtel","sources":[{"type":"openstreetmap","id":"relation/5763952"}],"activities":[],"generated":false,"status":"operating","websites":[],"runConvention":"north_america","location":null,"id":"cd9575d80e0c47ed91caa814eae2093f13bc9e67"},"geometry":{"type":"Point","coordinates":[360,360,5763952]}}],"sources":[{"type":"openstreetmap","id":"way/325533365"}],"location":null,"websites":[],"id":"708c968b1179ce07b671ce1f085350aaa0635e1f"},"geometry":{"type":"LineString","coordinates":[[6.8430504,46.25486039999999],[6.842314499999999,46.254712000000005],[6.8414779,46.254543399999996],[6.8400447,46.25425439999999],[6.839822000000001,46.254209499999995],[6.839599300000001,46.254164599999996],[6.8381051,46.2538633],[6.836255700000001,46.2534904],[6.8346932,46.2531754],[6.833241800000001,46.2528828],[6.8320238,46.2526372],[6.8311569,46.2524624]]}}
,
{"type":"Feature","properties":{"type":"lift","liftType":"platter","status":"operating","name":"Truche","oneway":null,"ref":null,"description":null,"occupancy":null,"capacity":null,"duration":null,"bubble":null,"heating":null,"color":"hsl(0, 82%, 42%)","skiAreas":[],"sources":[{"type":"openstreetmap","id":"way/327582926"}],"location":null,"websites":[],"id":"d79699d11e7712eb18c326a8d425bbb8eb556e4f"},"geometry":{"type":"LineString","coordinates":[[6.862010699999999,46.224548600000006],[6.861379,46.22431060000001],[6.860526799999999,46.2239895],[6.8600124,46.22379570000001],[6.859679700000001,46.2236704]]}}
,
{"type":"Feature","properties":{"type":"lift","liftType":"chair_lift","status":"operating","name":"Pointe de l'Au","oneway":null,"ref":null,"description":null,"occupancy":4,"capacity":1874,"duration":null,"bubble":false,"heating":null,"color":"hsl(0, 82%, 42%)","skiAreas":[],"sources":[{"type":"openstreetmap","id":"way/327582927"}],"location":null,"websites":[],"id":"a380c4857474e99daa26cffc38ca9609a8874be9"},"geometry":{"type":"LineString","coordinates":[[6.8524235,46.198332600000015],[6.8522374,46.19834540000001],[6.851524599999999,46.198398200000014],[6.8500312999999995,46.19852130000001],[6.848996499999999,46.198616400000006],[6.8479471,46.19870850000001],[6.846915199999999,46.198804900000006],[6.8453903,46.19893410000001],[6.8444088999999995,46.19901930000001],[6.8433418,46.199118800000015],[6.8417773,46.199258400000005],[6.8413156,46.19930120000001],[6.841017,46.199325400000006]]}}
,
{"type":"Feature","properties":{"type":"lift","liftType":"platter","status":"operating","name":"Gourtet","oneway":null,"ref":null,"description":null,"occupancy":null,"capacity":null,"duration":null,"bubble":null,"heating":null,"color":"hsl(0, 82%, 42%)","skiAreas":[],"sources":[{"type":"openstreetmap","id":"way/327585052"}],"location":null,"websites":[],"id":"a37334de3959725c9f7581b17d960ef5735481b6"},"geometry":{"type":"LineString","coordinates":[[6.863118999999999,46.2248449],[6.862032899999999,46.22523610000001]]}}
,
{"type":"Feature","properties":{"type":"lift","liftType":"platter","status":"operating","name":"Culet 2","oneway":null,"ref":null,"description":null,"occupancy":null,"capacity":null,"duration":null,"bubble":null,"heating":null,"color":"hsl(0, 82%, 42%)","skiAreas":[],"sources":[{"type":"openstreetmap","id":"way/332976755"}],"location":null,"websites":[],"id":"a16fd1ff9b2505cdd125690f0db28aec60470d02"},"geometry":{"type":"LineString","coordinates":[[6.8711473000000005,46.2478521],[6.8706925000000005,46.24881270000001],[6.8701316,46.2499975],[6.8696888,46.25093270000001],[6.8694067,46.2515285],[6.868986999999999,46.25241510000001],[6.8686793,46.2530649],[6.868313,46.2538384],[6.867750599999999,46.2550262],[6.867556399999999,46.2554364]]}}
,
{"type":"Feature","properties":{"type":"lift","liftType":"rope_tow","status":"operating","name":"Snowly","oneway":null,"ref":null,"description":null,"occupancy":null,"capacity":null,"duration":null,"bubble":null,"heating":null,"color":"hsl(0, 82%, 42%)","skiAreas":[],"sources":[{"type":"openstreetmap","id":"way/332978785"}],"location":null,"websites":[],"id":"179e4160dec0127b90be69c3b2dc151a267ddeef"},"geometry":{"type":"LineString","coordinates":[[6.8508743999999995,46.23711080000001],[6.8491738,46.2372314]]}}
,
{"type":"Feature","properties":{"type":"lift","liftType":"platter","status":"operating","name":"Chalet Neuf 2","oneway":null,"ref":null,"description":null,"occupancy":null,"capacity":null,"duration":null,"bubble":null,"heating":null,"color":"hsl(0, 82%, 42%)","skiAreas":[],"sources":[{"type":"openstreetmap","id":"way/332980818"}],"location":null,"websites":[],"id":"1ee10ebdeb53d765f13b4676305f8710264630da"},"geometry":{"type":"LineString","coordinates":[[6.8708261,46.2677714],[6.8707922,46.2668698],[6.8707587000000006,46.26597840000001],[6.870699900000001,46.264414900000006],[6.870672300000001,46.263678600000006],[6.8706185,46.26224820000001],[6.8704432,46.2615645],[6.8703596000000005,46.261238600000006],[6.8701912,46.260581800000004],[6.8700716,46.26011540000001],[6.8697365999999995,46.258809],[6.8693599,46.2573397],[6.8692682000000005,46.2569822],[6.868847,46.255339400000004],[6.8687461999999995,46.2549463]]}}
,
{"type":"Feature","properties":{"type":"lift","liftType":"rope_tow","status":"operating","name":"Chapelle","oneway":null,"ref":null,"description":null,"occupancy":null,"capacity":null,"duration":null,"bubble":null,"heating":null,"color":"hsl(0, 82%, 42%)","skiAreas":[],"sources":[{"type":"openstreetmap","id":"way/333170100"}],"location":null,"websites":[],"id":"01e097eb739f0272f974e29cb6582cf32ab9b7dc"},"geometry":{"type":"LineString","coordinates":[[6.839125,46.1854716],[6.838133999999999,46.1844185]]}}
,
{"type":"Feature","properties":{"type":"lift","liftType":"drag_lift","status":"operating","name":"Loy","oneway":null,"ref":null,"description":null,"occupancy":null,"capacity":null,"duration":null,"bubble":null,"heating":null,"color":"hsl(0, 82%, 42%)","skiAreas":[],"sources":[{"type":"openstreetmap","id":"way/336811984"}],"location":null,"websites":[],"id":"f10cd395e4d3095db14bcb87443c4d8a6f632f83"},"geometry":{"type":"LineString","coordinates":[[6.832137899999999,46.258492700000005],[6.8330348999999995,46.257923999999996]]}}
,
{"type":"Feature","properties":{"type":"lift","liftType":"drag_lift","status":"operating","name":"Prodains","oneway":null,"ref":null,"description":null,"occupancy":null,"capacity":705,"duration":68,"bubble":null,"heating":null,"color":"hsl(0, 82%, 42%)","skiAreas":[],"sources":[{"type":"openstreetmap","id":"way/362159135"}],"location":null,"websites":[],"id":"6d58eaf079d626c12d7c5aa44e93b065c8653480"},"geometry":{"type":"LineString","coordinates":[[6.7526438,46.1894336],[6.7534268,46.188259]]}}
,
{"type":"Feature","properties":{"type":"lift","liftType":"platter","status":"operating","name":"Pêche","oneway":null,"ref":null,"description":null,"occupancy":null,"capacity":620,"duration":null,"bubble":null,"heating":null,"color":"hsl(0, 82%, 42%)","skiAreas":[],"sources":[{"type":"openstreetmap","id":"way/367575571"}],"location":null,"websites":[],"id":"33a6d11d0b7ba4dc8d3df51d1df0d7a083431ea7"},"geometry":{"type":"LineString","coordinates":[[6.7298959,46.26241490000001],[6.730245200000001,46.26201430000001],[6.730893600000001,46.261270800000005]]}}
,
{"type":"Feature","properties":{"type":"lift","liftType":"chair_lift","status":"operating","name":"Têtes","oneway":null,"ref":null,"description":null,"occupancy":4,"capacity":null,"duration":380,"bubble":false,"heating":null,"color":"hsl(0, 82%, 42%)","skiAreas":[{"type":"Feature","properties":{"type":"skiArea","name":"Roc d'Enfer","sources":[{"type":"openstreetmap","id":"relation/5757156"}],"activities":[],"generated":false,"status":"operating","websites":[],"runConvention":"north_america","location":null,"id":"8f52a4cffc57a788e69b889d7b5c12197a606047"},"geometry":{"type":"Point","coordinates":[360,360,5757156]}}],"sources":[{"type":"openstreetmap","id":"way/378209423"}],"location":null,"websites":[],"id":"0e36f04643ea9199fb9e3266bf22f1d2736b80ef"},"geometry":{"type":"LineString","coordinates":[[6.6330406,46.214000399999996],[6.6327305999999995,46.213464599999995],[6.632174499999999,46.21250320000001],[6.631835199999999,46.211886199999995],[6.631265000000001,46.210922700000005],[6.6307215,46.209939000000006],[6.6302288,46.209054200000004],[6.6296475,46.20807560000001],[6.6294237,46.207688999999995],[6.6291633,46.2072609],[6.6290738,46.2070802]]}}
,
{"type":"Feature","properties":{"type":"lift","liftType":"platter","status":"operating","name":"Follys 2","oneway":null,"ref":null,"description":null,"occupancy":null,"capacity":900,"duration":200,"bubble":null,"heating":null,"color":"hsl(0, 82%, 42%)","skiAreas":[{"type":"Feature","properties":{"type":"skiArea","name":"Roc d'Enfer","sources":[{"type":"openstreetmap","id":"relation/5757156"}],"activities":[],"generated":false,"status":"operating","websites":[],"runConvention":"north_america","location":null,"id":"8f52a4cffc57a788e69b889d7b5c12197a606047"},"geometry":{"type":"Point","coordinates":[360,360,5757156]}}],"sources":[{"type":"openstreetmap","id":"way/383430774"}],"location":null,"websites":[],"id":"1b857837eba70182fdb289c93c64fa0900a3f6a3"},"geometry":{"type":"LineString","coordinates":[[6.5921612,46.210602200000004],[6.593485799999999,46.2104897],[6.5946951,46.2103735],[6.5959623,46.2102554],[6.5972463,46.21013430000001],[6.598663600000001,46.2100554]]}}
,
{"type":"Feature","properties":{"type":"lift","liftType":"gondola","status":"operating","name":"Ardent","oneway":null,"ref":null,"description":null,"occupancy":9,"capacity":2200,"duration":240,"bubble":true,"heating":false,"color":"hsl(0, 82%, 42%)","skiAreas":[],"sources":[{"type":"openstreetmap","id":"way/446569623"}],"location":null,"websites":[],"id":"9064c1ef2bb7ad25a1ca35797bb9bf4b35b50a35"},"geometry":{"type":"LineString","coordinates":[[6.760986599999999,46.2137817],[6.7614141,46.2136343],[6.7619466,46.2134466],[6.7633249,46.21297870000001],[6.7650538,46.21238520000001],[6.7684474,46.211224699999995],[6.7690313,46.2110242],[6.771328900000001,46.2102491],[6.7734068,46.209534100000006],[6.775193700000001,46.2089245],[6.776213500000001,46.20857930000001],[6.7774787000000005,46.20814320000001],[6.7777543,46.208048500000004],[6.778129100000001,46.207916600000004]]}}
,
{"type":"Feature","properties":{"type":"lift","liftType":"magic_carpet","status":"operating","name":null,"oneway":null,"ref":null,"description":null,"occupancy":null,"capacity":null,"duration":null,"bubble":null,"heating":null,"color":"hsl(0, 82%, 42%)","skiAreas":[],"sources":[{"type":"openstreetmap","id":"way/593806449"}],"location":null,"websites":[],"id":"00d272d438b4455899ca47104bf5c5c38ccfe4ff"},"geometry":{"type":"LineString","coordinates":[[6.8501637,46.3053887],[6.850156799999999,46.305193700000004]]}}
,
{"type":"Feature","properties":{"type":"lift","liftType":"magic_carpet","status":"operating","name":"Pré la Joux","oneway":null,"ref":null,"description":null,"occupancy":null,"capacity":null,"duration":null,"bubble":null,"heating":null,"color":"hsl(0, 82%, 42%)","skiAreas":[],"sources":[{"type":"openstreetmap","id":"way/677468931"}],"location":null,"websites":[],"id":"02da9d839600ec29eb868ad54a9c9760dec7026d"},"geometry":{"type":"LineString","coordinates":[[6.790232100000001,46.2358777],[6.7885314999999995,46.234283]]}}
,
{"type":"Feature","properties":{"type":"lift","liftType":"drag_lift","status":"operating","name":"Dromonts 1","oneway":null,"ref":null,"description":null,"occupancy":null,"capacity":null,"duration":null,"bubble":null,"heating":null,"color":"hsl(0, 82%, 42%)","skiAreas":[],"sources":[{"type":"openstreetmap","id":"way/704966470"}],"location":null,"websites":[],"id":"7b52709883384d2bd5e19d8b7ce592d87cc373e6"},"geometry":{"type":"LineString","coordinates":[[6.774187199999999,46.192181500000004],[6.773876400000001,46.19239340000001]]}}
,
{"type":"Feature","properties":{"type":"lift","liftType":"platter","status":"operating","name":"Dromonts 2","oneway":null,"ref":null,"description":null,"occupancy":null,"capacity":null,"duration":null,"bubble":null,"heating":null,"color":"hsl(0, 82%, 42%)","skiAreas":[],"sources":[{"type":"openstreetmap","id":"way/704966471"}],"location":null,"websites":[],"id":"abd52c2723b589ed7367e4f320af96ebe21fe52a"},"geometry":{"type":"LineString","coordinates":[[6.7742456,46.19222190000001],[6.7739367,46.19243510000001]]}}
,
{"type":"Feature","properties":{"type":"lift","liftType":"platter","status":"operating","name":"Dromonts 2","oneway":null,"ref":null,"description":null,"occupancy":null,"capacity":null,"duration":null,"bubble":null,"heating":null,"color":"hsl(0, 82%, 42%)","skiAreas":[],"sources":[{"type":"openstreetmap","id":"way/704966472"}],"location":null,"websites":[],"id":"78ca5877b4eb7cebc5e6b0074b724d9d411f8d33"},"geometry":{"type":"LineString","coordinates":[[6.7739367,46.19243510000001],[6.7738722000000005,46.192479600000006],[6.7733362,46.192843700000005],[6.773143100000001,46.193304100000006]]}}
,
{"type":"Feature","properties":{"type":"lift","liftType":"drag_lift","status":"operating","name":"Dromonts 1","oneway":null,"ref":null,"description":null,"occupancy":null,"capacity":null,"duration":null,"bubble":null,"heating":null,"color":"hsl(0, 82%, 42%)","skiAreas":[],"sources":[{"type":"openstreetmap","id":"way/704966473"}],"location":null,"websites":[],"id":"1b5e3d6ea651b7b36ab287baada16fd592e2ab40"},"geometry":{"type":"LineString","coordinates":[[6.773876400000001,46.19239340000001],[6.773815,46.19243520000001],[6.773267600000001,46.19279880000001],[6.7729873,46.193260200000005]]}}
,
{"type":"Feature","properties":{"type":"lift","liftType":"drag_lift","status":"operating","name":"Arare 2","oneway":null,"ref":null,"description":null,"occupancy":null,"capacity":null,"duration":null,"bubble":null,"heating":null,"color":"hsl(0, 82%, 42%)","skiAreas":[],"sources":[{"type":"openstreetmap","id":"way/750062606"}],"location":null,"websites":[],"id":"05f34a4ab21a77998c270d4c6f7afa1528e073a9"},"geometry":{"type":"LineString","coordinates":[[6.7795703000000005,46.1801047],[6.7791362,46.177969399999995],[6.7803329,46.17601220000001],[6.7813671000000015,46.1731205]]}}
,
{"type":"Feature","properties":{"type":"lift","liftType":"chair_lift","status":"operating","name":"Cases","oneway":null,"ref":null,"description":null,"occupancy":6,"capacity":2500,"duration":420,"bubble":null,"heating":null,"color":"hsl(0, 82%, 42%)","skiAreas":[],"sources":[{"type":"openstreetmap","id":"way/750062609"}],"location":null,"websites":[],"id":"0fbe3d83e2e38e8d39942c1caba3d992ea4240de"},"geometry":{"type":"LineString","coordinates":[[6.7944225,46.19549260000001],[6.7953592,46.195076400000005],[6.7968741999999995,46.1944007],[6.7989554,46.19347260000001],[6.8001211999999995,46.19295270000001],[6.8030574999999995,46.1916432],[6.8039696,46.1912364],[6.804615499999999,46.19094830000001],[6.8050616,46.1907494],[6.8056944999999995,46.1904671],[6.807155299999999,46.1898156],[6.807413899999999,46.189700200000004],[6.809115499999999,46.1889413],[6.8108211999999995,46.1881806],[6.812685199999999,46.1873492],[6.8146767,46.186460999999994],[6.815852899999999,46.18593630000001],[6.8162753,46.185745700000005]]}}
,
{"type":"Feature","properties":{"type":"lift","liftType":"chair_lift","status":"operating","name":"Troncs Express","oneway":null,"ref":null,"description":null,"occupancy":null,"capacity":null,"duration":255,"bubble":null,"heating":null,"color":"hsl(0, 82%, 42%)","skiAreas":[],"sources":[{"type":"openstreetmap","id":"way/771016803"}],"location":null,"websites":[],"id":"09e5af6740df7410224d6058591d69ab668ea8ba"},"geometry":{"type":"LineString","coordinates":[[6.7043744,46.1521716],[6.7046307,46.15211280000001],[6.7054352999999995,46.1519286],[6.707116499999999,46.1515548],[6.7088296000000005,46.1511627],[6.7101467999999995,46.1508725],[6.711228600000001,46.150624199999996],[6.713139,46.1501966],[6.7133956,46.150140300000004]]}}
,
{"type":"Feature","properties":{"type":"lift","liftType":"platter","status":"operating","name":"Lac","oneway":null,"ref":null,"description":null,"occupancy":null,"capacity":null,"duration":190,"bubble":null,"heating":null,"color":"hsl(0, 82%, 42%)","skiAreas":[{"type":"Feature","properties":{"type":"skiArea","name":"Roc d'Enfer","sources":[{"type":"openstreetmap","id":"relation/5757156"}],"activities":[],"generated":false,"status":"operating","websites":[],"runConvention":"north_america","location":null,"id":"8f52a4cffc57a788e69b889d7b5c12197a606047"},"geometry":{"type":"Point","coordinates":[360,360,5757156]}}],"sources":[{"type":"openstreetmap","id":"way/776556045"}],"location":null,"websites":[],"id":"7760ed60c050b62af41ed4fdc695629b405f70d3"},"geometry":{"type":"LineString","coordinates":[[6.622064599999999,46.21492739999999],[6.623583799999999,46.2156485],[6.6260514,46.216658100000004],[6.628235199999999,46.2176749]]}}
,
{"type":"Feature","properties":{"type":"lift","liftType":"platter","status":"operating","name":"Douanier","oneway":true,"ref":null,"description":null,"occupancy":null,"capacity":null,"duration":null,"bubble":null,"heating":null,"color":"hsl(0, 82%, 42%)","skiAreas":[],"sources":[{"type":"openstreetmap","id":"way/800472190"}],"location":null,"websites":[],"id":"d98bc5aab8c5540097e572b2744957f6dfccf9a7"},"geometry":{"type":"LineString","coordinates":[[6.8537506,46.29005550000001],[6.8536738,46.29015350000001],[6.853405799999999,46.290496100000006],[6.8527024,46.291394800000006],[6.852338499999999,46.291859800000005],[6.852316299999999,46.291888300000004],[6.8521662999999995,46.29207990000001]]}}
,
{"type":"Feature","properties":{"type":"lift","liftType":"platter","status":"operating","name":"Follys","oneway":null,"ref":null,"description":null,"occupancy":null,"capacity":850,"duration":null,"bubble":null,"heating":null,"color":"hsl(0, 82%, 42%)","skiAreas":[],"sources":[{"type":"openstreetmap","id":"way/889626179"}],"location":null,"websites":[],"id":"09fb83029eb815b5ffd024abd0bfea09855d89df"},"geometry":{"type":"LineString","coordinates":[[6.687330499999999,46.2668054],[6.6907381,46.268739300000014]]}}
,
{"type":"Feature","properties":{"type":"lift","liftType":"platter","status":"operating","name":"Lanches","oneway":null,"ref":null,"description":null,"occupancy":null,"capacity":null,"duration":110,"bubble":null,"heating":null,"color":"hsl(0, 82%, 42%)","skiAreas":[{"type":"Feature","properties":{"type":"skiArea","name":"Roc d'Enfer","sources":[{"type":"openstreetmap","id":"relation/5757156"}],"activities":[],"generated":false,"status":"operating","websites":[],"runConvention":"north_america","location":null,"id":"8f52a4cffc57a788e69b889d7b5c12197a606047"},"geometry":{"type":"Point","coordinates":[360,360,5757156]}}],"sources":[{"type":"openstreetmap","id":"way/904857550"}],"location":null,"websites":[],"id":"5882308c7f35e3243d2770d288982e4f8aa8a5d2"},"geometry":{"type":"LineString","coordinates":[[6.628358799999999,46.211054499999996],[6.6310332,46.212406200000004]]}}
,
{"type":"Feature","properties":{"type":"lift","liftType":"chair_lift","status":"operating","name":"Pierre Longue","oneway":false,"ref":null,"description":null,"occupancy":6,"capacity":3000,"duration":270,"bubble":false,"heating":false,"color":"hsl(0, 82%, 42%)","skiAreas":[],"sources":[{"type":"openstreetmap","id":"way/1009693206"}],"location":null,"websites":[],"id":"6548b06124b4736c11d8d0d24d3b727502fb7701"},"geometry":{"type":"LineString","coordinates":[[6.7924917,46.2184935],[6.792363700000001,46.2188843],[6.792268100000001,46.2191812],[6.7922373,46.219272000000004],[6.7918422000000005,46.22052010000001],[6.791630100000001,46.22117330000001],[6.791243100000002,46.222372100000015],[6.7907443,46.22391260000001],[6.790396100000001,46.224993700000006],[6.7899362,46.22640530000001],[6.789657700000001,46.227278000000005],[6.7892869000000005,46.228424000000004],[6.788869100000001,46.229715700000014],[6.7883817,46.2312212],[6.788273200000001,46.231565100000005],[6.7882553,46.23162],[6.7881808999999995,46.2318407]]}}
,
{"type":"Feature","properties":{"type":"lift","liftType":"gondola","status":"operating","name":"Linga","oneway":true,"ref":null,"description":null,"occupancy":10,"capacity":2230,"duration":null,"bubble":null,"heating":null,"color":"hsl(0, 82%, 42%)","skiAreas":[],"sources":[{"type":"openstreetmap","id":"way/1010800534"}],"location":null,"websites":[],"id":"9795e95a700910ad1e9aea0088d209178f755b0f"},"geometry":{"type":"LineString","coordinates":[[6.821379,46.2542772],[6.821310799999999,46.2539778],[6.821292700000001,46.2538958],[6.8212790000000005,46.253821599999995],[6.8212317,46.2535596],[6.8209427,46.25210510000001],[6.820732799999999,46.251129],[6.8204787,46.249955400000005],[6.820394199999999,46.2495696],[6.820364,46.2494194],[6.820303,46.249103600000005],[6.8199999,46.2476527],[6.8197947,46.246767399999996],[6.819763200000001,46.24661390000001],[6.819517799999999,46.245477300000005],[6.8193897,46.24488699999999],[6.819015499999999,46.2430714],[6.8187097,46.2416658],[6.8183436,46.23991780000001],[6.8183047,46.239724900000006],[6.8182223,46.23933710000001],[6.818122799999999,46.238850500000005]]}}
,
{"type":"Feature","properties":{"type":"lift","liftType":"drag_lift","status":"operating","name":"Lac","oneway":null,"ref":null,"description":null,"occupancy":null,"capacity":null,"duration":null,"bubble":null,"heating":null,"color":"hsl(0, 82%, 42%)","skiAreas":[],"sources":[{"type":"openstreetmap","id":"way/1019585580"}],"location":null,"websites":[],"id":"f91f45f62747ea2f8b5e851b164f5fb36a456486"},"geometry":{"type":"LineString","coordinates":[[6.8598107,46.26641720000001],[6.862186499999998,46.266054700000005]]}}
,
{"type":"Feature","properties":{"type":"lift","liftType":"magic_carpet","status":"operating","name":"Joux","oneway":null,"ref":null,"description":null,"occupancy":null,"capacity":null,"duration":null,"bubble":null,"heating":null,"color":"hsl(0, 82%, 42%)","skiAreas":[],"sources":[{"type":"openstreetmap","id":"way/1031030865"}],"location":null,"websites":[],"id":"5769d1d8eae64d7172f1cf4671d8a9233c669442"},"geometry":{"type":"LineString","coordinates":[[6.6485031,46.2848408],[6.6463977000000005,46.283930000000005]]}}
,
{"type":"Feature","properties":{"type":"lift","liftType":"platter","status":"operating","name":"Chevaly 2","oneway":null,"ref":null,"description":null,"occupancy":null,"capacity":900,"duration":null,"bubble":null,"heating":null,"color":"hsl(0, 82%, 42%)","skiAreas":[],"sources":[{"type":"openstreetmap","id":"way/1032742870"}],"location":null,"websites":[],"id":"c0198a52b71494d8930f112623e6c754bf582cab"},"geometry":{"type":"LineString","coordinates":[[6.5921905999999995,46.147826099999996],[6.5907238,46.14451090000001]]}}
,
{"type":"Feature","properties":{"type":"lift","liftType":"chair_lift","status":"operating","name":"Conches","oneway":true,"ref":null,"description":null,"occupancy":6,"capacity":2000,"duration":null,"bubble":null,"heating":null,"color":"hsl(0, 82%, 42%)","skiAreas":[],"sources":[{"type":"openstreetmap","id":"way/1075520907"}],"location":null,"websites":[],"id":"3e6430fa1862887f9c54819589780322a47d02ce"},"geometry":{"type":"LineString","coordinates":[[6.8468603,46.2704377],[6.847075299999999,46.270430000000005],[6.847171199999999,46.2704265],[6.8483865999999995,46.2703891],[6.8506663,46.27030320000001],[6.8535597,46.2702061],[6.855504999999999,46.270134600000006],[6.8573821,46.27007580000001],[6.8596241000000004,46.2700015],[6.861088199999999,46.269944300000006],[6.8614236,46.269934000000006],[6.8616874,46.269924800000005],[6.8622244,46.269907700000005],[6.862329999999999,46.2699044],[6.862626499999999,46.26989580000001]]}}
,
{"type":"Feature","properties":{"type":"lift","liftType":"chair_lift","status":"operating","name":"Lac-Intrêts","oneway":true,"ref":null,"description":null,"occupancy":6,"capacity":3600,"duration":null,"bubble":null,"heating":null,"color":"hsl(0, 82%, 42%)","skiAreas":[],"sources":[{"type":"openstreetmap","id":"way/1183443459"}],"location":null,"websites":[],"id":"9ea3f9193495b8be713fa0209307f9d0e37c4372"},"geometry":{"type":"LineString","coordinates":[[6.779451100000001,46.1872381],[6.779603800000001,46.186319000000005],[6.7798135,46.185024],[6.7800351,46.1836739],[6.7800829,46.18313690000001],[6.780272200000001,46.1822813],[6.7804749,46.1808984],[6.7807019,46.179480999999996],[6.7808361999999995,46.1787414],[6.781007400000001,46.177658300000004],[6.781295300000001,46.175837300000005],[6.781445300000001,46.17488839999999],[6.7817468000000005,46.1731265],[6.7819242,46.1720686],[6.782052,46.1712628],[6.782134799999999,46.1708982]]}}
,
{"type":"Feature","properties":{"type":"lift","liftType":"rope_tow","status":"operating","name":"Telecorde Mouille au Blé","oneway":null,"ref":null,"description":null,"occupancy":null,"capacity":null,"duration":null,"bubble":null,"heating":null,"color":"hsl(0, 82%, 42%)","skiAreas":[],"sources":[{"type":"openstreetmap","id":"way/1226916177"}],"location":null,"websites":[],"id":"b8ca6f30b962202c21ce79f2f701ea57936bcee4"},"geometry":{"type":"LineString","coordinates":[[6.6862572,46.147344399999994],[6.6864751,46.146772000000006],[6.6867036,46.1461895],[6.6868594,46.145743800000005]]}}
,
{"type":"Feature","properties":{"type":"lift","liftType":"magic_carpet","status":"operating","name":null,"oneway":null,"ref":null,"description":null,"occupancy":null,"capacity":null,"duration":null,"bubble":null,"heating":null,"color":"hsl(0, 82%, 42%)","skiAreas":[],"sources":[{"type":"openstreetmap","id":"way/1308902671"}],"location":null,"websites":[],"id":"f0c6d54b9f2f19d439a2dadd0a8e43d90b422139"},"geometry":{"type":"LineString","coordinates":[[6.711856,46.1579081],[6.7119134,46.1573418]]}}
,
{"type":"Feature","properties":{"type":"lift","liftType":"magic_carpet","status":"operating","name":null,"oneway":null,"ref":null,"description":null,"occupancy":null,"capacity":null,"duration":null,"bubble":null,"heating":null,"color":"hsl(0, 82%, 42%)","skiAreas":[],"sources":[{"type":"openstreetmap","id":"way/1325467177"}],"location":null,"websites":[],"id":"ec3dd8140c7c89409a2e41528c006bb35a0a915a"},"geometry":{"type":"LineString","coordinates":[[6.8327418,46.258825200000004],[6.8326767,46.258500500000004]]}}
,
{"type":"Feature","properties":{"type":"lift","liftType":"gondola","status":"operating","name":"Le Morenza","oneway":null,"ref":null,"description":null,"occupancy":4,"capacity":null,"duration":null,"bubble":null,"heating":null,"color":"hsl(0, 82%, 42%)","skiAreas":[],"sources":[{"type":"openstreetmap","id":"way/1328502136"}],"location":null,"websites":[],"id":"59f7146e38b68185420dfaecd810440957f6ec61"},"geometry":{"type":"LineString","coordinates":[[6.708699100000001,46.184293499999995],[6.709229200000001,46.1844706]]}}
]}
