{"type": "FeatureCollection", "features":[
{"type":"Feature","geometry":{"type":"LineString","coordinates":[[6.8346732,46.1835291],[6.8352369,46.182888999999996],[6.8358327,46.18221230000003],[6.836621100000003,46.181317],[6.837415099999997,46.18041530000002],[6.8384307999999985,46.1792619],[6.839605400000003,46.1779278],[6.8398932000000014,46.177600999999996],[6.840222600000002,46.1772269]]},"properties":{"id":"15d5b5e3dfabfed822bf91a845d6561299d8624d","name_and_type":"Crosets (8p Chairlift)","color":"hsl(0, 82%, 42%)","status":"operating","skiAreas":["047f22907bcc1888d7c1836c647ea56b013f99db"]}}
,
{"type":"Feature","geometry":{"type":"LineString","coordinates":[[6.827533599999995,46.1738081],[6.8271253999999955,46.1741838],[6.8266536,46.174618],[6.825834699999995,46.17537160000001],[6.8257214999999976,46.17547580000002],[6.824936899999994,46.17619780000001],[6.824473199999997,46.176624499999996],[6.8237454,46.1772943],[6.8228192999999955,46.17814650000001],[6.822040499999997,46.1788632],[6.8208731,46.1799374],[6.8204476,46.180329],[6.8203334999999985,46.180434],[6.8202184999999975,46.18053980000001]]},"properties":{"id":"1cd1694f42e4541f041bc4f2b28d1520299a701e","name_and_type":"Pauvre Conche (Quad - 08:00)","color":"hsl(0, 82%, 42%)","status":"operating","skiAreas":["047f22907bcc1888d7c1836c647ea56b013f99db"]}}
,
{"type":"Feature","geometry":{"type":"LineString","coordinates":[[6.8261794999999985,46.17357050000001],[6.8116918,46.17027380000001]]},"properties":{"id":"b3e88ce40de4263866b9a07fb4bfbdb12bb58374","name_and_type":"Ripaille 1 (Platter)","color":"hsl(0, 82%, 42%)","status":"operating","skiAreas":["047f22907bcc1888d7c1836c647ea56b013f99db"]}}
,
{"type":"Feature","geometry":{"type":"LineString","coordinates":[[6.8341134,46.18383520000001],[6.8329091,46.1843716],[6.831682100000003,46.18491810000001],[6.8306902,46.18535980000002],[6.8295337,46.1858749],[6.827192599999996,46.1869176],[6.8261496,46.1873821],[6.825107999999997,46.18784599999999],[6.8238223,46.18841860000001],[6.8230094,46.1887806],[6.821034799999997,46.189659999999996],[6.820527499999997,46.1898859],[6.8187974,46.1906564],[6.818056799999997,46.19098620000001],[6.8163257999999995,46.19175710000001],[6.8157467,46.19201250000003]]},"properties":{"id":"319b5af80075227f15e21a317b724fe346d03f4d","name_and_type":"Mossettes (Quad)","color":"hsl(0, 82%, 42%)","status":"operating","skiAreas":["047f22907bcc1888d7c1836c647ea56b013f99db"]}}
,
{"type":"Feature","geometry":{"type":"LineString","coordinates":[[6.7772866,46.2060084],[6.7774959,46.2047677],[6.777639100000003,46.20395260000002],[6.777885899999997,46.20252970000002],[6.778060200000001,46.2015279],[6.7781822,46.2008946],[6.778442100000003,46.19939260000003],[6.7786878,46.19805400000001],[6.7789209,46.196626],[6.779194100000002,46.19514050000002],[6.779481300000001,46.19339710000001]]},"properties":{"id":"ca38db9932cff09964f3321cd4ac4a4fa1862a42","name_and_type":"Prolays (6p Chairlift - 05:00)","color":"hsl(0, 82%, 42%)","status":"operating","skiAreas":["047f22907bcc1888d7c1836c647ea56b013f99db"]}}
,
{"type":"Feature","geometry":{"type":"LineString","coordinates":[[6.793556,46.21731860000001],[6.794145499999997,46.2170408],[6.7954666,46.21641820000002],[6.7961943,46.21607530000002],[6.796996,46.2156975],[6.798406,46.21503300000001],[6.79841,46.21503110000001],[6.7992874000000025,46.2146136],[6.8003467,46.21411510000002],[6.8006945,46.2139463],[6.8021997,46.2132397],[6.802825499999997,46.212946],[6.804495799999997,46.21216200000001],[6.8050837,46.21188599999999]]},"properties":{"id":"bf634a96d248196a634e17b656a987e9a2f0f9b2","name_and_type":"Chaux des Rosées (6p Chairlift)","color":"hsl(0, 82%, 42%)","status":"operating","skiAreas":["cd9575d80e0c47ed91caa814eae2093f13bc9e67","047f22907bcc1888d7c1836c647ea56b013f99db"]}}
,
{"type":"Feature","geometry":{"type":"LineString","coordinates":[[6.793209800000001,46.21830660000001],[6.793137799999998,46.21804810000001],[6.793090700000001,46.217878999999996],[6.7926766,46.21639260000001],[6.7923938,46.2153774],[6.7921774,46.2146006],[6.7919353,46.2137316],[6.7917103,46.212924],[6.7914375,46.2119447],[6.791338100000003,46.2115878]]},"properties":{"id":"866be09bf324fd6cd0243c5926cf4565694abc24","name_and_type":"Rochassons (6p Chairlift)","color":"hsl(0, 82%, 42%)","status":"operating","skiAreas":["cd9575d80e0c47ed91caa814eae2093f13bc9e67","047f22907bcc1888d7c1836c647ea56b013f99db"]}}
,
{"type":"Feature","geometry":{"type":"LineString","coordinates":[[6.8581239999999974,46.2366924],[6.8582127,46.2363495],[6.8583181999999985,46.23594260000002],[6.858933299999998,46.2336677],[6.8593523,46.23212480000002],[6.8598457999999995,46.23028],[6.8603686,46.22834240000003],[6.860616199999997,46.22743550000001],[6.8606986,46.22713100000002],[6.860888699999997,46.22640810000002],[6.861027,46.22589680000002],[6.8611467999999975,46.22549210000003],[6.861169,46.22541740000001],[6.8612753,46.22502850000002]]},"properties":{"id":"307f7730b689f9162e11b54eefdfd0406582483a","name_and_type":"Morgins-Foilleuse (10p Gondola - 05:00)","color":"hsl(0, 82%, 42%)","status":"operating","skiAreas":["047f22907bcc1888d7c1836c647ea56b013f99db"]}}
,
{"type":"Feature","geometry":{"type":"LineString","coordinates":[[6.871213100000003,46.22054250000002],[6.8702373,46.22079920000002],[6.8687619,46.22118730000001],[6.867902799999997,46.22141330000002],[6.867565699999996,46.22150200000002],[6.866588099999998,46.22175920000002],[6.864431999999995,46.222326300000034],[6.864098699999998,46.22241400000002],[6.862386199999997,46.2228645],[6.861585299999995,46.22307520000003],[6.859974499999997,46.22349890000003],[6.8597433000000025,46.22355980000003],[6.8596076,46.22359540000002],[6.859409700000001,46.2236475]]},"properties":{"id":"cf4637772a776b8d7357a4d2bc8ee560dd91aab2","name_and_type":"Chaux (Quad)","color":"hsl(0, 82%, 42%)","status":"operating","skiAreas":["047f22907bcc1888d7c1836c647ea56b013f99db"]}}
,
{"type":"Feature","geometry":{"type":"LineString","coordinates":[[6.859974799999997,46.2066755],[6.8585299,46.20643390000002],[6.8582715,46.20639070000002],[6.8568625,46.20615520000003],[6.85617,46.2060394],[6.8548937,46.2058261],[6.854783299999997,46.2058076],[6.854655699999998,46.20578630000002],[6.853498,46.20559270000003],[6.853275,46.20555540000002],[6.850906999999997,46.20515960000002],[6.850780299999997,46.20513840000003],[6.850668600000001,46.20511970000003],[6.8491756,46.2048701],[6.8490593,46.2048507],[6.848003700000001,46.2046742]]},"properties":{"id":"7965bf51d911fd20c3056c4ec6ef468b8a601b09","name_and_type":"Aiguille des Champeys (Quad)","color":"hsl(0, 82%, 42%)","status":"operating","skiAreas":["047f22907bcc1888d7c1836c647ea56b013f99db"]}}
,
{"type":"Feature","geometry":{"type":"LineString","coordinates":[[6.871208700000003,46.17497870000001],[6.8554542999999954,46.17509830000002],[6.8464184,46.17521500000002],[6.8457271,46.17522390000001]]},"properties":{"id":"e10314573e6383310eb440006503d29c13bdbeeb","name_and_type":"Champéry - Croix de Culet (125p Cable Car)","color":"hsl(0, 82%, 42%)","status":"operating","skiAreas":["047f22907bcc1888d7c1836c647ea56b013f99db"]}}
,
{"type":"Feature","geometry":{"type":"LineString","coordinates":[[6.844876899999996,46.17851400000002],[6.8402572,46.17763890000001]]},"properties":{"id":"64bd422dcdbac59ebd0941c5cb2518814205dbc3","name_and_type":"Marcheuson (Platter)","color":"hsl(0, 82%, 42%)","status":"operating","skiAreas":["047f22907bcc1888d7c1836c647ea56b013f99db"]}}
,
{"type":"Feature","geometry":{"type":"LineString","coordinates":[[6.8417857,46.16912510000003],[6.8421974999999975,46.1698375],[6.842534999999995,46.1704212],[6.8433595,46.171847299999996],[6.8437453,46.17251480000002],[6.844365,46.1735866],[6.8450732,46.1748115],[6.8452063,46.1750418]]},"properties":{"id":"23e00d74782f5d39d72a3140cc24078b63c21ab5","name_and_type":"Planachaux (6p Chairlift)","color":"hsl(0, 82%, 42%)","status":"operating","skiAreas":["047f22907bcc1888d7c1836c647ea56b013f99db"]}}
,
{"type":"Feature","geometry":{"type":"LineString","coordinates":[[6.8329467999999975,46.1836066],[6.8324974,46.183587599999996],[6.8304821,46.18350230000002],[6.828736299999996,46.1834284],[6.8275453999999955,46.18337810000001],[6.825821899999997,46.18330510000001],[6.824317899999995,46.183241499999994],[6.822598199999997,46.1831687],[6.8212623000000026,46.18311220000003],[6.820986699999995,46.1831005],[6.8190015,46.1830165],[6.817130599999995,46.1829374],[6.8157282,46.182878],[6.8152339,46.1828571],[6.814739499999997,46.18283620000001]]},"properties":{"id":"eecbb196b19a2d54d59f7ac45d53c22fde57b877","name_and_type":"Grand Conche (6p Chairlift)","color":"hsl(0, 82%, 42%)","status":"operating","skiAreas":["047f22907bcc1888d7c1836c647ea56b013f99db"]}}
,
{"type":"Feature","geometry":{"type":"LineString","coordinates":[[6.787980199999997,46.19879540000002],[6.789378400000003,46.19842850000001],[6.789752600000003,46.19833100000003],[6.7911782,46.19794860000001],[6.7933008,46.1973865],[6.7952062,46.19687680000001],[6.796611700000002,46.19650510000003],[6.797686899999998,46.19622870000001],[6.7991702,46.19583860000002],[6.800768400000003,46.19540620000002],[6.8018903,46.19510920000003],[6.803226700000002,46.19475620000002],[6.804585599999995,46.1943946],[6.804855499999997,46.1943215],[6.8068004,46.19381110000001],[6.8074693,46.193629],[6.808880599999997,46.19325840000001],[6.8095821999999995,46.193074],[6.8115274999999995,46.19255230000006],[6.8124031999999985,46.19232180000002],[6.8138932,46.1919273],[6.8146274,46.19173190000002],[6.814688799999997,46.19171490000002],[6.8151578999999955,46.19159680000001]]},"properties":{"id":"d4c5404174260302bfc10959b6be9eb19bc7710d","name_and_type":"Mossettes (Quad - 08:00)","color":"hsl(0, 82%, 42%)","status":"operating","skiAreas":["047f22907bcc1888d7c1836c647ea56b013f99db"]}}
,
{"type":"Feature","geometry":{"type":"LineString","coordinates":[[6.826144599999997,46.17361230000002],[6.811662500000002,46.17032610000001]]},"properties":{"id":"6d9b0d2bb785e5a7ecb8e41b714900949cc3a1e5","name_and_type":"Ripaille 2 (T-bar)","color":"hsl(0, 82%, 42%)","status":"operating","skiAreas":["047f22907bcc1888d7c1836c647ea56b013f99db"]}}
,
{"type":"Feature","geometry":{"type":"LineString","coordinates":[[6.864936699999995,46.20581050000001],[6.864826099999997,46.20581410000001],[6.864758999999997,46.20581630000002],[6.8641703999999955,46.20583560000002],[6.863084099999996,46.20587120000001],[6.8616195,46.20591930000003],[6.8603734,46.20596020000002],[6.8590402,46.20600390000001],[6.858513499999997,46.2060212],[6.857712499999997,46.206047399999996]]},"properties":{"id":"ef761f6d4ab806dfb0636c94cc48db970c618794","name_and_type":"Champeys (T-bar)","color":"hsl(0, 82%, 42%)","status":"operating","skiAreas":["047f22907bcc1888d7c1836c647ea56b013f99db"]}}
,
{"type":"Feature","geometry":{"type":"LineString","coordinates":[[6.6414785,46.22616050000001],[6.6410551,46.22572010000003],[6.640404899999996,46.22495170000001],[6.639954799999997,46.22442870000001],[6.639377100000003,46.22375600000002],[6.6387171999999985,46.222970200000034],[6.6381263,46.22227250000003],[6.6375299,46.22158330000001],[6.6363055,46.220155300000044],[6.6359292,46.2197054],[6.635222300000002,46.2188797],[6.634414699999995,46.21792890000001],[6.633343800000001,46.2166681],[6.6332907000000025,46.2166056],[6.6331736,46.216467699999995],[6.6326443,46.215844499999996],[6.6321723,46.2152887],[6.6320646,46.21516200000002],[6.6318332,46.214886199999995]]},"properties":{"id":"46a5c5ac1087cbb84f07b31bbe5c9bef312bbb77","name_and_type":"Grande Terche (6p Gondola - 05:40)","color":"hsl(0, 82%, 42%)","status":"operating","skiAreas":["8f52a4cffc57a788e69b889d7b5c12197a606047"]}}
,
{"type":"Feature","geometry":{"type":"LineString","coordinates":[[6.8566538,46.2680415],[6.8567057999999985,46.26818880000003],[6.8568706,46.26859670000003],[6.857706599999997,46.27101630000002],[6.858126499999997,46.27221200000003],[6.8587906,46.2740926],[6.859117599999997,46.27501870000003],[6.859468300000001,46.27601170000001],[6.8595294,46.2761846]]},"properties":{"id":"e8be4ce4efe3b56c44804312588fdeed652cf259","name_and_type":"Morclan (Triple)","color":"hsl(0, 82%, 42%)","status":"operating","skiAreas":["cd9575d80e0c47ed91caa814eae2093f13bc9e67","047f22907bcc1888d7c1836c647ea56b013f99db"]}}
,
{"type":"Feature","geometry":{"type":"LineString","coordinates":[[6.8423985,46.26669620000001],[6.842856299999997,46.26672580000003],[6.8433139999999995,46.26675540000002],[6.8457064,46.26691000000003],[6.847570499999997,46.2670175],[6.8480901,46.2670475],[6.8483959,46.26706580000001],[6.8487517,46.26708220000001],[6.850175099999998,46.26717000000002],[6.8512589,46.2672314],[6.854211999999998,46.26741280000003],[6.8553881999999975,46.2674671],[6.856785299999997,46.26755030000003],[6.857217799999997,46.26757210000003]]},"properties":{"id":"e0073a04fe8d3b73bebe500e7de9c5cebc05281f","name_and_type":"Super-Châtel (10p Gondola)","color":"hsl(0, 82%, 42%)","status":"operating","skiAreas":["cd9575d80e0c47ed91caa814eae2093f13bc9e67","047f22907bcc1888d7c1836c647ea56b013f99db"]}}
,
{"type":"Feature","geometry":{"type":"LineString","coordinates":[[6.8530751,46.26643670000002],[6.853477499999999,46.26625130000002],[6.853889,46.26607380000002],[6.854711199999997,46.26571920000004],[6.8560264,46.26515200000004],[6.857152499999997,46.2646663],[6.858584699999995,46.26404870000001],[6.8597517,46.26354530000003],[6.860215699999998,46.26334520000003]]},"properties":{"id":"8371288fb43d776a6dd5461cfcddc3669cb5186b","name_and_type":"Coqs 1 (Drag lift)","color":"hsl(0, 82%, 42%)","status":"operating","skiAreas":["047f22907bcc1888d7c1836c647ea56b013f99db"]}}
,
{"type":"Feature","geometry":{"type":"LineString","coordinates":[[6.8525721,46.26601190000003],[6.852782599999997,46.26574040000001],[6.8533789,46.2649714],[6.853639,46.264636],[6.854998599999996,46.26394560000002],[6.8561086,46.26338190000001],[6.856768100000003,46.263047],[6.8573939999999975,46.26272920000003],[6.858086299999996,46.26237770000002],[6.8591668,46.261829],[6.8596949,46.26156080000001]]},"properties":{"id":"38a61a91490c7ecb2a494e99d9a626364d0920e5","name_and_type":"Bossons (Drag lift)","color":"hsl(0, 82%, 42%)","status":"operating","skiAreas":["cd9575d80e0c47ed91caa814eae2093f13bc9e67","047f22907bcc1888d7c1836c647ea56b013f99db"]}}
,
{"type":"Feature","geometry":{"type":"LineString","coordinates":[[6.842155399999997,46.2826304],[6.842363700000003,46.282807399999996],[6.842571899999997,46.2829845],[6.8434054,46.28369290000001],[6.844455499999997,46.2845856],[6.845196899999998,46.28521580000003],[6.846222800000001,46.286087699999996],[6.8468067,46.2865841],[6.847504399999996,46.2871771],[6.848525899999997,46.28804530000002],[6.8493261000000025,46.28872550000001],[6.8503184,46.28956880000001],[6.8506989,46.28989230000001],[6.8509791999999985,46.29013050000003],[6.8511904999999995,46.290310100000035]]},"properties":{"id":"ea09241766c7e98d7215d9521d17dfa1fdd16960","name_and_type":"Barbossine (Quad)","color":"hsl(0, 82%, 42%)","status":"operating","skiAreas":["cd9575d80e0c47ed91caa814eae2093f13bc9e67","047f22907bcc1888d7c1836c647ea56b013f99db"]}}
,
{"type":"Feature","geometry":{"type":"LineString","coordinates":[[6.8547791999999985,46.28822260000001],[6.862449999999997,46.28873050000002]]},"properties":{"id":"9f1a6837ec1b837107e90bef9f61236bab7bcf80","name_and_type":"Tour de Don (Drag lift)","color":"hsl(0, 82%, 42%)","status":"operating","skiAreas":["cd9575d80e0c47ed91caa814eae2093f13bc9e67","047f22907bcc1888d7c1836c647ea56b013f99db"]}}
,
{"type":"Feature","geometry":{"type":"LineString","coordinates":[[6.871206000000003,46.272696],[6.870541,46.2724011],[6.8696417000000025,46.27200230000003],[6.866731899999998,46.27071180000002],[6.8660402,46.27040500000001],[6.8653929,46.27011800000003],[6.8647674999999975,46.2698406]]},"properties":{"id":"c6581c05e7baf1abcb3693beb1f56812f9cf3842","name_and_type":"Chermeu (Platter)","color":"hsl(0, 82%, 42%)","status":"operating","skiAreas":["047f22907bcc1888d7c1836c647ea56b013f99db"]}}
,
{"type":"Feature","geometry":{"type":"LineString","coordinates":[[6.8586829,46.2678998],[6.8590064,46.26804880000003],[6.860026499999997,46.26851860000004],[6.8612187,46.2690677],[6.8616766,46.26927860000002],[6.862737999999997,46.2697674],[6.862826499999997,46.2698096]]},"properties":{"id":"6206e221fd32dafe47afe770ac8f7f4f31d5cd32","name_and_type":"Chermillon (Platter)","color":"hsl(0, 82%, 42%)","status":"operating","skiAreas":["047f22907bcc1888d7c1836c647ea56b013f99db"]}}
,
{"type":"Feature","geometry":{"type":"LineString","coordinates":[[6.860455699999997,46.2647894],[6.8606402,46.2644262],[6.8609784,46.2637604],[6.8611407999999985,46.2634406],[6.861316599999997,46.2630945],[6.8616827,46.26293490000003],[6.8624421,46.262604],[6.863409999999997,46.262182300000035],[6.8638711999999975,46.2619813]]},"properties":{"id":"707b5ac0210b7dba7b87a29379d0124763148cae","name_and_type":"Corbeau (Platter)","color":"hsl(0, 82%, 42%)","status":"operating","skiAreas":["047f22907bcc1888d7c1836c647ea56b013f99db"]}}
,
{"type":"Feature","geometry":{"type":"LineString","coordinates":[[6.8542416,46.24113690000002],[6.8543927,46.2412485],[6.854481299999995,46.24131110000001],[6.854578199999997,46.24137690000001],[6.854855299999995,46.241589],[6.8553709,46.24195],[6.856157599999998,46.24251800000003],[6.856979999999997,46.24310500000002],[6.8580087999999995,46.24383630000001],[6.8587351,46.2443511],[6.8594726,46.2448802],[6.860125199999997,46.2453477],[6.860924899999995,46.24591600000002],[6.8615677999999996,46.24637360000001],[6.862438999999997,46.24699830000002],[6.8631294,46.2474906],[6.864044199999997,46.24814310000002],[6.864193699999998,46.2482534],[6.864590299999995,46.24853300000002]]},"properties":{"id":"068eac16ef53bbed043c015a19efef1b77ba5c16","name_and_type":"Corbeau (Quad)","color":"hsl(0, 82%, 42%)","status":"operating","skiAreas":["047f22907bcc1888d7c1836c647ea56b013f99db"]}}
,
{"type":"Feature","geometry":{"type":"LineString","coordinates":[[6.871053600000002,46.2476912],[6.870674,46.2478376],[6.8702422000000025,46.24801050000002],[6.8693678,46.24837470000002],[6.868886599999995,46.24856560000001],[6.867743999999997,46.2486865],[6.8669527,46.24876240000001],[6.8662264,46.24883390000002],[6.864875599999995,46.24896820000002],[6.8647366999999955,46.2489812]]},"properties":{"id":"685e9baa7f4b602d8b8cd5ce2b2cfb544af8b1b6","name_and_type":"Écottis (Platter)","color":"hsl(0, 82%, 42%)","status":"operating","skiAreas":["047f22907bcc1888d7c1836c647ea56b013f99db"]}}
,
{"type":"Feature","geometry":{"type":"LineString","coordinates":[[6.871099800000001,46.2478432],[6.8709938,46.24806500000001],[6.870640900000002,46.24880320000001],[6.8700747999999985,46.2499873],[6.8696302,46.2509175],[6.8693449,46.2515142],[6.868921999999998,46.25239880000002],[6.868610299999997,46.2530507],[6.868244,46.253817],[6.8676734,46.2550104],[6.867478599999996,46.25541790000001]]},"properties":{"id":"bdee496a82f5074cac647f9794c3345cde617ea4","name_and_type":"Cutet 1 (Platter)","color":"hsl(0, 82%, 42%)","status":"operating","skiAreas":["047f22907bcc1888d7c1836c647ea56b013f99db"]}}
,
{"type":"Feature","geometry":{"type":"LineString","coordinates":[[6.8707829,46.26777570000002],[6.8707423000000025,46.2668634],[6.8707027000000025,46.26597460000002],[6.8706329,46.2644067],[6.8706005,46.26367690000002],[6.8705371,46.26225310000003],[6.870362000000003,46.2615775],[6.8702769,46.26124890000001],[6.870102,46.26057390000003],[6.869985799999997,46.26012570000003],[6.8696465,46.25881620000001],[6.8692662,46.2573487],[6.8691716,46.2569835],[6.8689604,46.2561684],[6.8687495,46.2553545],[6.8686478,46.2549621]]},"properties":{"id":"affa360051f1b387272ea8e06f34f939b156dca9","name_and_type":"Chalet Neuf 1 (Platter)","color":"hsl(0, 82%, 42%)","status":"operating","skiAreas":["047f22907bcc1888d7c1836c647ea56b013f99db"]}}
,
{"type":"Feature","geometry":{"type":"LineString","coordinates":[[6.8586314,46.209355300000034],[6.850505299999996,46.21538830000002],[6.8501981999999995,46.21561630000002]]},"properties":{"id":"0afafc3684605066d748be3bea5f7650cac43845","name_and_type":"Derrière Pertuis (T-bar)","color":"hsl(0, 82%, 42%)","status":"operating","skiAreas":["047f22907bcc1888d7c1836c647ea56b013f99db"]}}
,
{"type":"Feature","geometry":{"type":"LineString","coordinates":[[6.872593100000001,46.2124456],[6.8573951,46.2078162]]},"properties":{"id":"5b3eab9b51b95707b76bfda1d243ddaeb73ff07f","name_and_type":"Sépaya 2 (T-bar)","color":"hsl(0, 82%, 42%)","status":"operating","skiAreas":["047f22907bcc1888d7c1836c647ea56b013f99db"]}}
,
{"type":"Feature","geometry":{"type":"LineString","coordinates":[[6.8595967999999985,46.1638794],[6.8588496,46.16401060000001],[6.8578651,46.1641835],[6.855807299999998,46.1645448],[6.8537962,46.1648979],[6.8522998,46.16516060000002],[6.851736,46.16525960000001],[6.850836799999997,46.16541750000001],[6.8493530000000025,46.16567800000002],[6.8478464999999975,46.16594250000002],[6.8470287,46.1660861],[6.846449400000003,46.1661878],[6.8459331,46.16660580000001],[6.8446886,46.16761330000001],[6.8437490000000025,46.168373900000034],[6.843315799999997,46.16872470000001],[6.8429411,46.16902800000001]]},"properties":{"id":"9359ae1b536eac750dcf8bb1b2424c766a407f74","name_and_type":"Grand Paradis (Bubble 6p Chairlift - 05:20)","color":"hsl(0, 82%, 42%)","status":"operating","skiAreas":["047f22907bcc1888d7c1836c647ea56b013f99db"]}}
,
{"type":"Feature","geometry":{"type":"LineString","coordinates":[[6.815789899999998,46.174081799999996],[6.815184799999995,46.17404439999999],[6.8149291,46.174026],[6.814479799999997,46.17399370000001],[6.8137564999999976,46.1739496],[6.8126992,46.1738851],[6.811563700000002,46.17381580000002],[6.8103573,46.17374220000002],[6.8091851,46.1736706],[6.808195499999997,46.17361020000001],[6.8065996,46.173512900000034],[6.805663000000003,46.17345570000001],[6.8052891,46.17343290000002],[6.8052188,46.1734286]]},"properties":{"id":"8169f3e33cfbb6b963e2308cd6de86583e3bcb7b","name_and_type":"Chavanette (Quad)","color":"hsl(0, 82%, 42%)","status":"operating","skiAreas":["047f22907bcc1888d7c1836c647ea56b013f99db"]}}
,
{"type":"Feature","geometry":{"type":"LineString","coordinates":[[6.789312400000003,46.17957810000002],[6.7904289,46.17898230000002],[6.7920425,46.17835720000002],[6.793414999999998,46.1778256],[6.7941271,46.1775497],[6.7954912,46.1770213],[6.7964554999999995,46.1766478],[6.7972401000000024,46.17634380000001],[6.7974781,46.1762516],[6.7983047999999995,46.1759314],[6.799148700000003,46.1756044],[6.7999688,46.1752867],[6.800974299999996,46.1748972],[6.801740100000003,46.1746005],[6.802505899999995,46.17430390000001],[6.8032275,46.1740243],[6.803723400000003,46.17383220000002],[6.8046029,46.1734915],[6.8052578,46.1732378]]},"properties":{"id":"b1e2e837e74ed51ef51034cf2d098d390344f570","name_and_type":"Chavanette 2 (Drag lift - 07:00)","color":"hsl(0, 82%, 42%)","status":"operating","skiAreas":["047f22907bcc1888d7c1836c647ea56b013f99db"]}}
,
{"type":"Feature","geometry":{"type":"LineString","coordinates":[[6.789174,46.17931270000003],[6.7901071,46.17876370000001],[6.7914262,46.17798749999998],[6.7930171999999995,46.177051399999996],[6.7943814,46.1762487],[6.7951011,46.17582520000001],[6.7965036,46.1749999],[6.7970041,46.1747054],[6.7980647,46.17408139999999],[6.7988184,46.1736378],[6.800124299999997,46.172869399999996],[6.801744400000001,46.17191610000001],[6.801919,46.17181330000001]]},"properties":{"id":"5b92884c9ece1f959545967d859160745c22d7b4","name_and_type":"Choucas (Quad - 04:15)","color":"hsl(0, 82%, 42%)","status":"operating","skiAreas":["047f22907bcc1888d7c1836c647ea56b013f99db"]}}
,
{"type":"Feature","geometry":{"type":"LineString","coordinates":[[6.7883986000000025,46.1788847],[6.788682000000001,46.1781695],[6.7889412,46.17751530000003],[6.7891956,46.1768731],[6.789644600000003,46.17573990000003],[6.7900777,46.1746467],[6.7904994000000025,46.17358220000001],[6.790742100000003,46.1729696],[6.7909288,46.1724984],[6.7909415,46.1724662],[6.7910883,46.17209570000002],[6.7914331000000026,46.1712255],[6.7918379,46.1702037],[6.7921401999999995,46.1694406],[6.792581299999997,46.16832690000003],[6.792935499999997,46.16743280000002],[6.7937188,46.16545540000001],[6.793793500000001,46.16526690000001]]},"properties":{"id":"e8e1c4245c83eed7b5628a33196c0ffad7cd4f8c","name_and_type":"Fornet (6p Chairlift - 06:00)","color":"hsl(0, 82%, 42%)","status":"operating","skiAreas":["047f22907bcc1888d7c1836c647ea56b013f99db"]}}
,
{"type":"Feature","geometry":{"type":"LineString","coordinates":[[6.7790102,46.1872738],[6.779032400000003,46.1871013],[6.779041700000003,46.187029599999995],[6.779121100000003,46.18641320000001],[6.779246600000003,46.18543830000002],[6.779353300000003,46.1846103],[6.779439500000001,46.1839412],[6.7795018,46.1834578],[6.7795565,46.1830331],[6.779620500000003,46.18253590000003],[6.7798265,46.1809371],[6.7798846,46.1804857]]},"properties":{"id":"158182c6d53d2951f9785e1987c241bbac44e4b6","name_and_type":"Stade (6p Chairlift - 05:00)","color":"hsl(0, 82%, 42%)","status":"operating","skiAreas":["047f22907bcc1888d7c1836c647ea56b013f99db"]}}
,
{"type":"Feature","geometry":{"type":"LineString","coordinates":[[6.7767169,46.20725880000001],[6.776649300000004,46.2070812],[6.776324400000003,46.20615460000001],[6.7759504,46.20508820000001],[6.7757052,46.20438890000001],[6.7756301000000025,46.2041747],[6.7754301,46.2036042],[6.775099300000003,46.20266090000001],[6.775049600000003,46.20251900000003],[6.7747477000000025,46.2016581],[6.7743944,46.2006504],[6.7741537,46.19996380000001],[6.773672800000003,46.19859240000003],[6.773430400000001,46.19790090000002],[6.773219800000002,46.19730030000002],[6.7731903,46.19721610000001],[6.773163000000003,46.19713820000003],[6.7731011000000025,46.1969617]]},"properties":{"id":"156655c66e97fafcf0adef68a0b885f45bcbc0e8","name_and_type":"Lindarets (Quad - 04:00)","color":"hsl(0, 82%, 42%)","status":"operating","skiAreas":["047f22907bcc1888d7c1836c647ea56b013f99db"]}}
,
{"type":"Feature","geometry":{"type":"LineString","coordinates":[[6.751133400000001,46.1956714],[6.7509086,46.19573050000003],[6.750085499999997,46.19594700000001],[6.748134199999997,46.1964601],[6.7464964000000025,46.19689080000001],[6.7448996,46.19731060000002],[6.7430980000000025,46.19776090000001],[6.7419002,46.1980845],[6.7408095,46.19836950000001],[6.739691700000004,46.19866210000002],[6.7390388,46.19883060000002]]},"properties":{"id":"ceca470bce4ef83e365586080eec7204cc4f9fd3","name_and_type":"Séraussaix (6p Chairlift - 03:00)","color":"hsl(0, 82%, 42%)","status":"operating","skiAreas":["047f22907bcc1888d7c1836c647ea56b013f99db"]}}
,
{"type":"Feature","geometry":{"type":"LineString","coordinates":[[6.7522702,46.19519240000003],[6.7525327,46.19520890000003],[6.7535137,46.19527060000002],[6.7552175,46.19536920000002],[6.756668900000003,46.19545760000001],[6.7583323,46.19556120000002],[6.7601037999999996,46.19566430000001],[6.7610151999999974,46.195719800000035],[6.761822700000002,46.195772700000035],[6.7633668,46.19587500000002],[6.7651194,46.19597740000001],[6.767105099999997,46.19611120000003],[6.7685352999999955,46.19619990000003],[6.7698895,46.196269],[6.7713810000000025,46.19635790000003],[6.772628700000003,46.19643880000003],[6.772934999999998,46.19645660000001]]},"properties":{"id":"824ecbd20fab36a8f12157326e958484b9582e0b","name_and_type":"Proclou (6p Chairlift - 05:00)","color":"hsl(0, 82%, 42%)","status":"operating","skiAreas":["047f22907bcc1888d7c1836c647ea56b013f99db"]}}
,
{"type":"Feature","geometry":{"type":"LineString","coordinates":[[6.7663396,46.18673830000002],[6.766475,46.1865493],[6.766525,46.186479399999996],[6.766742700000003,46.1861801],[6.767198799999997,46.18553190000002],[6.7674026,46.1852457],[6.7680534,46.1843318],[6.7684596,46.1837613],[6.7688025,46.1832798],[6.7696367,46.18210830000003],[6.7703545,46.1811002],[6.771309200000003,46.1797594],[6.7723400000000025,46.17831160000002],[6.772882,46.1775505],[6.773738700000003,46.1763472],[6.774403,46.17541420000001],[6.775469000000003,46.17391690000002],[6.776197400000003,46.17289380000001],[6.776520300000001,46.17244020000001],[6.776597400000003,46.17233200000003],[6.776733100000003,46.1721414]]},"properties":{"id":"5959679694c52f9f1083bfaad3f8856e1b6730cd","name_and_type":"Grandes Combes (6p Chairlift - 06:00)","color":"hsl(0, 82%, 42%)","status":"operating","skiAreas":["047f22907bcc1888d7c1836c647ea56b013f99db"]}}
,
{"type":"Feature","geometry":{"type":"LineString","coordinates":[[6.778270000000003,46.207011],[6.779041900000003,46.2073004],[6.7805778,46.2079011],[6.7824181,46.20861480000002],[6.784343400000003,46.20936260000001],[6.7858983,46.2099686],[6.7870127,46.21039230000003],[6.7884197,46.2109441],[6.7898650000000025,46.2115116],[6.7899809,46.2115572],[6.790352700000002,46.211693999999994]]},"properties":{"id":"e2bfa87e10280c86085a89813913657e525e7046","name_and_type":"Chaux Fleurie (6p Chairlift - 04:00)","color":"hsl(0, 82%, 42%)","status":"operating","skiAreas":["047f22907bcc1888d7c1836c647ea56b013f99db"]}}
,
{"type":"Feature","geometry":{"type":"LineString","coordinates":[[6.7991323,46.22907830000003],[6.8002945,46.22900300000001],[6.8021784,46.22888380000001],[6.8034262,46.22880480000001],[6.805674,46.22866260000002],[6.806249400000003,46.22862620000002],[6.8087184,46.22846990000002],[6.810874499999997,46.22833350000003],[6.8122551,46.22824610000002],[6.814308899999997,46.228116100000044],[6.8160877,46.22800350000002],[6.817934299999994,46.2278866],[6.8194905,46.22778820000001],[6.820300799999997,46.22773690000003],[6.8207428,46.22770890000003]]},"properties":{"id":"01cd8d6bd1dc4f29a3028b8341671e77ec2d936b","name_and_type":"Combes (6p Chairlift)","color":"hsl(0, 82%, 42%)","status":"operating","skiAreas":["cd9575d80e0c47ed91caa814eae2093f13bc9e67","047f22907bcc1888d7c1836c647ea56b013f99db"]}}
,
{"type":"Feature","geometry":{"type":"LineString","coordinates":[[6.8380975,46.1840304],[6.8357167999999975,46.1832077]]},"properties":{"id":"2b966dad45df5e4d064a14c5f1647af398de894f","name_and_type":"Hameau (Platter)","color":"hsl(0, 82%, 42%)","status":"operating","skiAreas":["047f22907bcc1888d7c1836c647ea56b013f99db"]}}
,
{"type":"Feature","geometry":{"type":"LineString","coordinates":[[6.8109068999999955,46.1862272],[6.814326599999997,46.1832581]]},"properties":{"id":"d2f41e6601b2ee07e324870546fbf102c73cbbaf","name_and_type":"Cuboré (Drag lift)","color":"hsl(0, 82%, 42%)","status":"operating","skiAreas":["047f22907bcc1888d7c1836c647ea56b013f99db"]}}
,
{"type":"Feature","geometry":{"type":"LineString","coordinates":[[6.8027412,46.17581720000001],[6.8035334999999995,46.1766826],[6.8041239,46.1773395],[6.805112499999997,46.1784395],[6.805329,46.1786804]]},"properties":{"id":"87b1050fa90ff30c0aa10be037f5cee1535f6b27","name_and_type":"Cuboré (Triple - 03:00)","color":"hsl(0, 82%, 42%)","status":"operating","skiAreas":["047f22907bcc1888d7c1836c647ea56b013f99db"]}}
,
{"type":"Feature","geometry":{"type":"LineString","coordinates":[[6.808784999999997,46.1824862],[6.8086928,46.1823847],[6.808362400000003,46.18202090000001],[6.8076561,46.181243099999996],[6.8070425,46.180567399999994],[6.8069287,46.1804421],[6.8061339999999975,46.17956690000001],[6.8056817,46.1790688],[6.805437799999997,46.17880030000001],[6.805329,46.1786804]]},"properties":{"id":"b55d4c7e7101b37325c9ca4790d7e8c0fc958449","name_and_type":"Cuboré (Triple - 04:00)","color":"hsl(0, 82%, 42%)","status":"operating","skiAreas":["047f22907bcc1888d7c1836c647ea56b013f99db"]}}
,
{"type":"Feature","geometry":{"type":"LineString","coordinates":[[6.778462100000003,46.18725439999999],[6.7776289000000025,46.18591300000001]]},"properties":{"id":"cf70d246b5fb24930ed9d52b31deae43be53b106","name_and_type":"Surf (Platter)","color":"hsl(0, 82%, 42%)","status":"operating","skiAreas":["047f22907bcc1888d7c1836c647ea56b013f99db"]}}
,
{"type":"Feature","geometry":{"type":"LineString","coordinates":[[6.7803965,46.18805530000002],[6.7800387,46.1886397],[6.7795002,46.18951920000002],[6.778319400000003,46.1914478],[6.7779989,46.19197120000001],[6.7772258,46.19323370000002],[6.7767744000000025,46.19397100000001],[6.776610700000003,46.19423830000002]]},"properties":{"id":"a7fee3a8656fedf1e9b9023199eafd96b0cdc556","name_and_type":"Tour (6p Chairlift - 03:00)","color":"hsl(0, 82%, 42%)","status":"operating","skiAreas":["047f22907bcc1888d7c1836c647ea56b013f99db"]}}
,
{"type":"Feature","geometry":{"type":"LineString","coordinates":[[6.779204500000001,46.2060945],[6.7799595,46.20557010000003],[6.7806276000000025,46.20511940000002],[6.7819579,46.20416210000001],[6.7830165,46.20337100000001],[6.7839668,46.20267250000001],[6.7850792,46.201859],[6.786760500000002,46.20065390000001],[6.7874423,46.20011340000001],[6.7884936000000025,46.199347],[6.789161800000001,46.1988411],[6.789706100000003,46.19842190000002],[6.7911245,46.19740510000001],[6.7928023,46.19620240000001],[6.7931804,46.195931300000034],[6.7943136,46.195119000000034],[6.7946493000000014,46.19487830000001]]},"properties":{"id":"b84950b9c5192c226480a22f401161f59a6721d6","name_and_type":"Léchère (6p Chairlift - 05:00)","color":"hsl(0, 82%, 42%)","status":"operating","skiAreas":["047f22907bcc1888d7c1836c647ea56b013f99db"]}}
,
{"type":"Feature","geometry":{"type":"LineString","coordinates":[[6.7888396,46.23244910000001],[6.786254000000001,46.23238190000002]]},"properties":{"id":"a90712b88ef5052a88b79157d86bbdbcb72fb0b2","name_and_type":"Rubis (Platter)","color":"hsl(0, 82%, 42%)","status":"operating","skiAreas":["cd9575d80e0c47ed91caa814eae2093f13bc9e67","047f22907bcc1888d7c1836c647ea56b013f99db"]}}
,
{"type":"Feature","geometry":{"type":"LineString","coordinates":[[6.7905539999999975,46.23525980000002],[6.7909134,46.23497080000001],[6.7921387,46.23398580000001],[6.792480999999998,46.23371060000002],[6.793358700000002,46.23300500000001],[6.793429000000002,46.23294840000001],[6.7942834,46.2322616],[6.7954656,46.23131110000001],[6.7956742,46.2311434],[6.7971664,46.22994370000002],[6.7980261,46.22925250000002],[6.798373400000003,46.22897330000004],[6.7991477000000025,46.22835070000004],[6.799699200000003,46.22790720000001],[6.8009792,46.22687810000002],[6.8015716,46.22640180000001],[6.801960100000001,46.2260894],[6.8022591000000014,46.22584900000001]]},"properties":{"id":"72dd25a50be148c8ed8757c7604578e9e473c605","name_and_type":"Pré la Joux (6p Chairlift)","color":"hsl(0, 82%, 42%)","status":"operating","skiAreas":["cd9575d80e0c47ed91caa814eae2093f13bc9e67","047f22907bcc1888d7c1836c647ea56b013f99db"]}}
,
{"type":"Feature","geometry":{"type":"LineString","coordinates":[[6.836778300000002,46.27725520000001],[6.8369187999999985,46.27738210000001],[6.8372315,46.277664599999994],[6.8382533000000025,46.27858780000001],[6.8385771,46.27888030000001],[6.8388672,46.27913950000002],[6.839713300000001,46.27990260000002],[6.8403067,46.2804378],[6.8406662,46.280762],[6.840935099999997,46.2809974],[6.8410781000000025,46.2811262],[6.8423744,46.28229310000001],[6.8426298,46.28252300000001]]},"properties":{"id":"31986c71f9ace9520141f34542b7f1d208eeea97","name_and_type":"Petit Châtel (Chairlift)","color":"hsl(0, 82%, 42%)","status":"operating","skiAreas":["cd9575d80e0c47ed91caa814eae2093f13bc9e67","047f22907bcc1888d7c1836c647ea56b013f99db"]}}
,
{"type":"Feature","geometry":{"type":"LineString","coordinates":[[6.7871834999999985,46.198308100000034],[6.786747000000003,46.19757500000002],[6.785898700000002,46.196150300000035],[6.785246100000003,46.19505420000002],[6.7846909,46.19412190000001],[6.7835507,46.19220670000002],[6.7827565,46.19087290000002]]},"properties":{"id":"4f16ac901903789adb557dc3b01c78750b4bc268","name_and_type":"Brochaux (6p Chairlift - 03:00)","color":"hsl(0, 82%, 42%)","status":"operating","skiAreas":["047f22907bcc1888d7c1836c647ea56b013f99db"]}}
,
{"type":"Feature","geometry":{"type":"LineString","coordinates":[[6.739720800000002,46.19503380000003],[6.7389268,46.19516270000003],[6.737741900000001,46.19535510000004],[6.736764300000003,46.19551380000004],[6.7360339000000025,46.19563240000002],[6.7355312,46.19571400000003],[6.734530899999997,46.1958764]]},"properties":{"id":"70f84885506036abfb37ef7a4e5a202c597eabf3","name_and_type":"Baron (1p Drag lift - 02:15)","color":"hsl(0, 82%, 42%)","status":"operating","skiAreas":["047f22907bcc1888d7c1836c647ea56b013f99db"]}}
,
{"type":"Feature","geometry":{"type":"LineString","coordinates":[[6.7181591,46.19037730000002],[6.7184104,46.1904811],[6.7190298,46.1907415],[6.7203753,46.191307],[6.7209992,46.1915692],[6.722134399999995,46.1920464],[6.7234422,46.19259610000003],[6.7250295,46.19326330000001],[6.7268713,46.1940374],[6.728805799999997,46.1948505],[6.7304141999999985,46.19552660000002],[6.7317886000000025,46.19610420000002],[6.732022300000002,46.19620360000001]]},"properties":{"id":"db34c87029c38af30a6bd4fda4b29c522f4806a1","name_and_type":"Zore (Quad - 04:30)","color":"hsl(0, 82%, 42%)","status":"operating","skiAreas":["047f22907bcc1888d7c1836c647ea56b013f99db"]}}
,
{"type":"Feature","geometry":{"type":"LineString","coordinates":[[6.7703092000000025,46.19451940000001],[6.7708113,46.1948716],[6.771231200000003,46.195152500000034],[6.771697500000003,46.19545730000002],[6.772348100000003,46.19589350000001],[6.772473700000003,46.19596850000001]]},"properties":{"id":"d179abb459ea2db782897ac084ea8c8edeb15517","name_and_type":"Écoles 1 (Platter - 02:00)","color":"hsl(0, 82%, 42%)","status":"operating","skiAreas":["047f22907bcc1888d7c1836c647ea56b013f99db"]}}
,
{"type":"Feature","geometry":{"type":"LineString","coordinates":[[6.768868400000002,46.19623780000001],[6.7699754999999975,46.19636580000003],[6.7709589,46.19663260000002],[6.7720183,46.19692000000001],[6.7727108,46.19710780000001],[6.7728538,46.1971466]]},"properties":{"id":"a128405dbede44a7d9223c23312ef451178a4596","name_and_type":"Chapelle (Platter - 02:00)","color":"hsl(0, 82%, 42%)","status":"operating","skiAreas":["047f22907bcc1888d7c1836c647ea56b013f99db"]}}
,
{"type":"Feature","geometry":{"type":"LineString","coordinates":[[6.7678764,46.19232380000003],[6.768259000000001,46.19214150000001],[6.7687067,46.19192820000002],[6.7691193,46.19173160000001],[6.7696362,46.1914854],[6.7698067,46.19140590000002]]},"properties":{"id":"fd151db8bc55eda00141ced05514d5432853e85d","name_and_type":"Trashers (Platter)","color":"hsl(0, 82%, 42%)","status":"operating","skiAreas":["047f22907bcc1888d7c1836c647ea56b013f99db"]}}
,
{"type":"Feature","geometry":{"type":"LineString","coordinates":[[6.789280100000003,46.17953680000002],[6.790367900000002,46.17893820000003],[6.7910706,46.1786442],[6.7919811,46.17829390000002],[6.7933383,46.1777717],[6.794080299999996,46.1774862],[6.7954456,46.17696090000001],[6.7964169,46.1765872],[6.7971672,46.1762985],[6.798263300000003,46.17587680000001],[6.799108400000002,46.17555170000002],[6.799929100000003,46.17523590000003],[6.800935199999997,46.1748487],[6.8017115,46.17455],[6.802475299999997,46.1742561],[6.803197,46.17397850000001],[6.8036963,46.1737863],[6.8045648999999955,46.17345210000001],[6.805252400000001,46.1731876]]},"properties":{"id":"459375ae6d2c72c8a53c6c73d0489181e036df5e","name_and_type":"Chavanette 1 (Drag lift - 07:00)","color":"hsl(0, 82%, 42%)","status":"operating","skiAreas":["047f22907bcc1888d7c1836c647ea56b013f99db"]}}
,
{"type":"Feature","geometry":{"type":"LineString","coordinates":[[6.7747503,46.1880635],[6.7745054,46.18874580000002],[6.7742375,46.18949230000001],[6.773322300000003,46.19206530000003],[6.7727492000000025,46.19363850000001],[6.772507,46.19433450000001]]},"properties":{"id":"a3acfaeb7b88ba58548fb1ac60826adfb20fdabb","name_and_type":"Plateau (Triple - 06:00)","color":"hsl(0, 82%, 42%)","status":"operating","skiAreas":["047f22907bcc1888d7c1836c647ea56b013f99db"]}}
,
{"type":"Feature","geometry":{"type":"LineString","coordinates":[[6.6912753,46.171423],[6.6914374,46.1707492],[6.6916101,46.17003190000001],[6.6917405,46.16949010000001],[6.692011199999997,46.16836500000002],[6.692214599999995,46.16751980000002],[6.6923639999999995,46.1667876],[6.6926039,46.165902300000035],[6.6926417,46.16574520000003],[6.6927737999999986,46.16519620000003],[6.693038599999998,46.16408290000001],[6.6931924999999985,46.16350160000001],[6.6933061,46.16289300000001]]},"properties":{"id":"3f662dd7397a0ecd13781f78894bffc00dd2cc3f","name_and_type":"Belvédère (6p Chairlift - 03:20)","color":"hsl(0, 82%, 42%)","status":"operating","skiAreas":["047f22907bcc1888d7c1836c647ea56b013f99db"]}}
,
{"type":"Feature","geometry":{"type":"LineString","coordinates":[[6.703659900000003,46.1520395],[6.7035579,46.151865199999996],[6.7033012,46.1513511],[6.70302,46.1508113],[6.7024497000000025,46.1497693],[6.7019029,46.14872210000002],[6.7013822,46.1477251],[6.7008003,46.14661070000001],[6.7002849,46.1456238],[6.6996498,46.14440749999998],[6.699175299999997,46.1434986],[6.6988362999999955,46.142849399999996],[6.6982214,46.1416718],[6.697515699999995,46.14032030000001],[6.6970491999999995,46.1394267],[6.696519599999997,46.13840860000001],[6.6964786,46.13833140000001],[6.696359,46.13810600000002]]},"properties":{"id":"c915535dbb9359f86d7c3653d8dbab39a91c7330","name_and_type":"Charniaz Express (6p Chairlift - 05:48)","color":"hsl(0, 82%, 42%)","status":"operating","skiAreas":["047f22907bcc1888d7c1836c647ea56b013f99db"]}}
,
{"type":"Feature","geometry":{"type":"LineString","coordinates":[[6.7988313,46.22833180000004],[6.7993398,46.22753590000004],[6.8001071,46.22633490000003],[6.8008904,46.225108900000045],[6.8014725,46.22419760000001],[6.8021194,46.22318510000002],[6.802503999999997,46.22258300000002],[6.803095,46.22165790000001],[6.8034334,46.22112810000002],[6.804130499999997,46.22003700000001],[6.804592299999998,46.21931400000001],[6.8046737,46.2191867],[6.805399,46.21805110000001],[6.805924999999997,46.217227699999995],[6.8064283,46.2164398],[6.807032299999998,46.2154942],[6.807824799999997,46.2142535],[6.807981299999995,46.2140097]]},"properties":{"id":"7b18d6e75cc9d603abdc4cd3b9f1e4f1bc64b104","name_and_type":"Cornebois (Quad - 06:06)","color":"hsl(0, 82%, 42%)","status":"operating","skiAreas":["cd9575d80e0c47ed91caa814eae2093f13bc9e67","047f22907bcc1888d7c1836c647ea56b013f99db"]}}
,
{"type":"Feature","geometry":{"type":"LineString","coordinates":[[6.701086,46.18019920000001],[6.7006144999999995,46.1799174],[6.6994326,46.179211],[6.6983086,46.17853930000003],[6.697050699999997,46.17778739999999],[6.6964536,46.1774084],[6.6958565999999955,46.177029399999995],[6.6946224,46.176246],[6.693986099999996,46.175842],[6.693966,46.17582930000001],[6.693113899999997,46.17528830000001],[6.6928434999999995,46.17511670000003]]},"properties":{"id":"8331f0eeabdd18367989db3098a59cab6b7dad49","name_and_type":"Crusaz (Quad - 07:00)","color":"hsl(0, 82%, 42%)","status":"operating","skiAreas":["047f22907bcc1888d7c1836c647ea56b013f99db"]}}
,
{"type":"Feature","geometry":{"type":"LineString","coordinates":[[6.7765153,46.19065930000002],[6.7742456,46.19222190000002]]},"properties":{"id":"fcc2572ee3d386e0b0f11f38cae62f1cc1ef6265","name_and_type":"Dromonts 2 (Platter)","color":"hsl(0, 82%, 42%)","status":"operating","skiAreas":["047f22907bcc1888d7c1836c647ea56b013f99db"]}}
,
{"type":"Feature","geometry":{"type":"LineString","coordinates":[[6.798288700000001,46.22887350000001],[6.7981114,46.22837240000003],[6.797904499999997,46.22759420000001],[6.797724,46.2268644],[6.7975784,46.22629800000002],[6.7974485,46.22576930000003],[6.7973775,46.22539350000003],[6.7973704,46.22523280000004]]},"properties":{"id":"1e6f7737559c385e8f008cc54bbaf643ed61f08d","name_and_type":"Queyset (Platter)","color":"hsl(0, 82%, 42%)","status":"operating","skiAreas":["cd9575d80e0c47ed91caa814eae2093f13bc9e67","047f22907bcc1888d7c1836c647ea56b013f99db"]}}
,
{"type":"Feature","geometry":{"type":"LineString","coordinates":[[6.6832914000000025,46.13596630000002],[6.683243000000003,46.13591200000003],[6.6831774999999976,46.1358411],[6.682835099999997,46.13543540000001],[6.682189999999997,46.134671],[6.6817867,46.13419310000001],[6.6813707,46.13370010000001],[6.680732,46.13294330000002],[6.680018599999998,46.13209790000001],[6.6795907,46.13159090000001],[6.6793435000000025,46.1313095],[6.6788273,46.13072200000001],[6.6784211,46.1302432],[6.678348600000001,46.13016030000002],[6.678193700000001,46.1300165]]},"properties":{"id":"303ec8de4f0ad03b38ac0222f33f6848d6e6aac8","name_and_type":"Rosta (Quad - 07:30)","color":"hsl(0, 82%, 42%)","status":"operating","skiAreas":["047f22907bcc1888d7c1836c647ea56b013f99db"]}}
,
{"type":"Feature","geometry":{"type":"LineString","coordinates":[[6.8195537,46.2444858],[6.8195084,46.2442637],[6.8194591,46.24395480000001],[6.8193092,46.24309030000001],[6.819104199999997,46.24199],[6.8189797,46.241247699999995],[6.818691400000001,46.2396411],[6.8185681,46.23893770000002],[6.8183589,46.237861599999995],[6.818134899999995,46.2366174],[6.818051799999997,46.23613250000003],[6.8178122999999955,46.2348267],[6.817585999999995,46.2335416],[6.817458799999997,46.23285320000002],[6.8172472,46.23165870000001],[6.8170635,46.2306493],[6.8170474,46.2305611],[6.817017899999995,46.23037320000003]]},"properties":{"id":"86992a41591bdd96aee9ecc7e45cd6ddf34954cd","name_and_type":"Écho Alpin (6p Chairlift)","color":"hsl(0, 82%, 42%)","status":"operating","skiAreas":["cd9575d80e0c47ed91caa814eae2093f13bc9e67","047f22907bcc1888d7c1836c647ea56b013f99db"]}}
,
{"type":"Feature","geometry":{"type":"LineString","coordinates":[[6.821506199999997,46.2540506],[6.8212873,46.2477591]]},"properties":{"id":"4efed371a063135c8e0da27ed14e4d96714184e7","name_and_type":"Stade (Platter)","color":"hsl(0, 82%, 42%)","status":"operating","skiAreas":["cd9575d80e0c47ed91caa814eae2093f13bc9e67","047f22907bcc1888d7c1836c647ea56b013f99db"]}}
,
{"type":"Feature","geometry":{"type":"LineString","coordinates":[[6.694286899999995,46.17541770000001],[6.694056499999997,46.174823599999996],[6.693554899999995,46.17353020000002],[6.6933761,46.17307020000001],[6.692817299999995,46.1716326],[6.692635699999997,46.1711654],[6.6922232,46.17011640000001],[6.6921031,46.16981210000002],[6.6919211999999995,46.16935140000001]]},"properties":{"id":"e187acecf5801a96e473d7346da736111d9bd7b9","name_and_type":"Mouilles (Quad - 06:00)","color":"hsl(0, 82%, 42%)","status":"operating","skiAreas":["047f22907bcc1888d7c1836c647ea56b013f99db"]}}
,
{"type":"Feature","geometry":{"type":"LineString","coordinates":[[6.6925854999999945,46.1695975],[6.693504499999997,46.170582],[6.694090499999997,46.1712098],[6.6956811,46.17291380000003],[6.696905499999997,46.1742822],[6.6983215,46.1758636],[6.699138899999998,46.17677490000001],[6.7001965,46.1779576],[6.7014554,46.1793654],[6.7019377,46.1799048]]},"properties":{"id":"ba49603d10cf44508b8592a07e3e2cca4d1cc3b4","name_and_type":"Pléney (10p Gondola - 04:00)","color":"hsl(0, 82%, 42%)","status":"operating","skiAreas":["047f22907bcc1888d7c1836c647ea56b013f99db"]}}
,
{"type":"Feature","geometry":{"type":"LineString","coordinates":[[6.6834595,46.13695600000001],[6.683778100000001,46.136864599999996],[6.685116899999995,46.1364796],[6.686456,46.1360945],[6.688455599999997,46.13550900000001],[6.6899504999999975,46.13507690000002],[6.6913025,46.134686099999996],[6.6931783,46.13414380000001],[6.694391899999997,46.13379310000001],[6.6964635,46.13319420000001],[6.6980137,46.13274610000001],[6.6998673,46.13221030000003],[6.7007307,46.1319427],[6.7021123,46.13155010000001],[6.7039753,46.13101030000002],[6.7042592,46.1309236]]},"properties":{"id":"0803c2b1e91735e3064ac4ebaa20ae14d7650c19","name_and_type":"Ranfoilly Express (6p Chairlift - 06:30)","color":"hsl(0, 82%, 42%)","status":"operating","skiAreas":["047f22907bcc1888d7c1836c647ea56b013f99db"]}}
,
{"type":"Feature","geometry":{"type":"LineString","coordinates":[[6.684019799999997,46.15941630000001],[6.6852447,46.1597595],[6.686866,46.16021370000002],[6.687987999999995,46.16052800000001],[6.689768200000001,46.1610268],[6.6914953,46.16151070000002],[6.693580999999996,46.16209500000002],[6.6939691,46.16220370000001]]},"properties":{"id":"4a887b0c45818b3a6784d85c7a73ba924a60a6fc","name_and_type":"Folliets du Golf (Quad - 04:00)","color":"hsl(0, 82%, 42%)","status":"operating","skiAreas":["047f22907bcc1888d7c1836c647ea56b013f99db"]}}
,
{"type":"Feature","geometry":{"type":"LineString","coordinates":[[6.781140300000002,46.29221020000004],[6.7806505,46.2914447],[6.7801221000000025,46.29061900000002],[6.779549500000003,46.2897284],[6.778753500000001,46.2884838],[6.7778919,46.2871447],[6.777321900000001,46.28625080000001],[6.7769508,46.285666],[6.7764200000000026,46.284850399999996],[6.775725700000002,46.28377320000001],[6.7754249,46.283292],[6.7751899,46.28291580000003]]},"properties":{"id":"4ff72784ca249459a57e30ea3fc17b505d71dfb5","name_and_type":"Crêt Béni (6p Chairlift)","color":"hsl(0, 82%, 42%)","status":"operating","skiAreas":["8ab6f8a4372774042033a0721b21c2fbb8df2c9c"]}}
,
{"type":"Feature","geometry":{"type":"LineString","coordinates":[[6.7743354,46.284663099999996],[6.774384199999997,46.2841365],[6.7744201,46.2835274],[6.7744831,46.28260820000001],[6.7744894,46.28236810000002]]},"properties":{"id":"e38271fb88809324e4c662bd47f8b7bb3c104f30","name_and_type":"Bambi (Platter)","color":"hsl(0, 82%, 42%)","status":"operating","skiAreas":["8ab6f8a4372774042033a0721b21c2fbb8df2c9c"]}}
,
{"type":"Feature","geometry":{"type":"LineString","coordinates":[[6.778043300000003,46.2846343],[6.775364900000001,46.2817794]]},"properties":{"id":"31bd19dce8a1e71d0cfc1015e4df5fde17aa4ab6","name_and_type":"Prés 2 (Platter)","color":"hsl(0, 82%, 42%)","status":"operating","skiAreas":["8ab6f8a4372774042033a0721b21c2fbb8df2c9c"]}}
,
{"type":"Feature","geometry":{"type":"LineString","coordinates":[[6.7781561,46.284629599999995],[6.7751264,46.28139810000001]]},"properties":{"id":"244ff5d3a4910fdbc064bdb7ed7fcfc99872e665","name_and_type":"Prés 1 (Platter)","color":"hsl(0, 82%, 42%)","status":"operating","skiAreas":["8ab6f8a4372774042033a0721b21c2fbb8df2c9c"]}}
,
{"type":"Feature","geometry":{"type":"LineString","coordinates":[[6.771751400000003,46.2845796],[6.7676351,46.2770932],[6.764570799999997,46.2750673],[6.7642332,46.2742806]]},"properties":{"id":"4b7d4cf472bea49e58706b646ad1d269b760103a","name_and_type":"Combe (Platter)","color":"hsl(0, 82%, 42%)","status":"operating","skiAreas":["8ab6f8a4372774042033a0721b21c2fbb8df2c9c"]}}
,
{"type":"Feature","geometry":{"type":"LineString","coordinates":[[6.778645600000003,46.2846731],[6.778543000000003,46.28433370000001],[6.7784012,46.28386439999999],[6.778091400000003,46.282839],[6.7779194999999985,46.28227020000001],[6.7778479,46.2820334],[6.7773847,46.2805005],[6.7771187,46.27962020000001],[6.7770476,46.27938490000001],[6.7767405000000025,46.27822060000001],[6.776695500000002,46.27805010000002],[6.776620600000003,46.27776580000001]]},"properties":{"id":"b03e009fa437df7189a2488153957f4d306b3676","name_and_type":"Fontaines (Triple)","color":"hsl(0, 82%, 42%)","status":"operating","skiAreas":["8ab6f8a4372774042033a0721b21c2fbb8df2c9c"]}}
,
{"type":"Feature","geometry":{"type":"LineString","coordinates":[[6.799793400000003,46.29113790000003],[6.800110599999996,46.29139820000003],[6.8003561,46.29159980000002],[6.802136799999997,46.2930614],[6.8033025,46.29401810000003],[6.8038254,46.2944473],[6.8051534,46.29553730000004],[6.8053104,46.29566610000001],[6.8054673,46.29579490000003],[6.8057394,46.296018200000034],[6.8066257000000014,46.29674570000003],[6.8075423,46.2974979],[6.8077954999999974,46.29770570000002],[6.808288,46.29810990000004],[6.8099124999999985,46.29944320000001],[6.810481199999997,46.299918000000034],[6.8106577,46.3000547],[6.8120723,46.301331499999996]]},"properties":{"id":"1b39472bb65654629be3c5c06aae648ad1859fd0","name_and_type":"Panthiaz (6p Gondola)","color":"hsl(0, 82%, 42%)","status":"operating","skiAreas":["8ab6f8a4372774042033a0721b21c2fbb8df2c9c","047f22907bcc1888d7c1836c647ea56b013f99db"]}}
,
{"type":"Feature","geometry":{"type":"LineString","coordinates":[[6.8328725,46.3092239],[6.832155199999997,46.3092104],[6.831620800000001,46.309200399999995],[6.830297700000003,46.3091756],[6.829069300000001,46.30915260000001],[6.828418999999997,46.3091404],[6.827529199999997,46.3091238],[6.827429199999997,46.3091219],[6.8273445999999955,46.30912030000001],[6.8266367,46.309107]]},"properties":{"id":"fa39455ef6fb6a90e3fdf6891128da5ead2cadbe","name_and_type":"Conche 2000 (T-bar)","color":"hsl(0, 82%, 42%)","status":"operating","skiAreas":["047f22907bcc1888d7c1836c647ea56b013f99db"]}}
,
{"type":"Feature","geometry":{"type":"LineString","coordinates":[[6.8511099999999985,46.30535020000002],[6.8511277999999995,46.3052499],[6.8511371,46.3051974],[6.851215,46.304762499999995],[6.8513554999999995,46.30401439999999],[6.8515776,46.302803999999995],[6.851758400000001,46.301806199999994],[6.8519793,46.3005548],[6.8523193,46.29872930000003],[6.852509899999997,46.29769570000001],[6.8526311,46.2970374],[6.8526821999999985,46.29675730000003],[6.852917799999996,46.29547080000003],[6.853079,46.2946055],[6.853261900000002,46.29359670000002],[6.8533941,46.29289630000003],[6.8534625,46.29250860000003],[6.8534726,46.29245470000002],[6.853502,46.292302600000035]]},"properties":{"id":"0a95e80835b70356bb3408a9dc61abe562c3ed16","name_and_type":"Tronchey (Quad)","color":"hsl(0, 82%, 42%)","status":"operating","skiAreas":["047f22907bcc1888d7c1836c647ea56b013f99db"]}}
,
{"type":"Feature","geometry":{"type":"LineString","coordinates":[[6.8499277,46.30639280000001],[6.8486101,46.30651220000002],[6.847599,46.3066038],[6.8463104999999995,46.3067206],[6.8447717999999975,46.306860099999994],[6.8446663,46.30686969999998],[6.8432776,46.3069955],[6.8415344,46.3071535],[6.840185199999997,46.3072758],[6.8387139,46.307409099999994],[6.8376618,46.30750449999998],[6.8359427,46.307660299999995],[6.8343652,46.307803299999996],[6.834179,46.307820199999995],[6.8340779,46.307829299999995],[6.8339117,46.30784439999997],[6.8323371,46.30798709999998]]},"properties":{"id":"0d60816443bd5b9b6148c4483fe6c301f58657dd","name_and_type":"Djeu des Têtes (T-bar)","color":"hsl(0, 82%, 42%)","status":"operating","skiAreas":["047f22907bcc1888d7c1836c647ea56b013f99db"]}}
,
{"type":"Feature","geometry":{"type":"LineString","coordinates":[[6.8718915,46.2810084],[6.864618799999997,46.2837517]]},"properties":{"id":"4d3c2f253725de051147d51ab6bdb6cc92cb2b1f","name_and_type":"Onnaz (Drag lift)","color":"hsl(0, 82%, 42%)","status":"operating","skiAreas":["047f22907bcc1888d7c1836c647ea56b013f99db"]}}
,
{"type":"Feature","geometry":{"type":"LineString","coordinates":[[6.864190499999997,46.28443530000001],[6.861811599999997,46.28851920000003]]},"properties":{"id":"8ab532fdc13f05e9e6845b2a02b807ff6f1648db","name_and_type":"Chaux Longe (Drag lift)","color":"hsl(0, 82%, 42%)","status":"operating","skiAreas":["047f22907bcc1888d7c1836c647ea56b013f99db"]}}
,
{"type":"Feature","geometry":{"type":"LineString","coordinates":[[6.8541661,46.28832900000001],[6.851263100000004,46.29044090000002]]},"properties":{"id":"3406b59ef9021bb05a0422ba5b7ffd6c7cbf3460","name_and_type":"Contrebandiers (Drag lift)","color":"hsl(0, 82%, 42%)","status":"operating","skiAreas":["047f22907bcc1888d7c1836c647ea56b013f99db"]}}
,
{"type":"Feature","geometry":{"type":"LineString","coordinates":[[6.704086299999997,46.151704499999994],[6.7046599,46.151144499999994],[6.7054553,46.1503717],[6.7061254,46.14971380000002],[6.7065094000000025,46.14933890000003],[6.7076742,46.1482017],[6.7085739,46.1473407],[6.709236700000003,46.1466969],[6.710036899999998,46.14591950000001],[6.7104782,46.1454885],[6.711309000000003,46.1446901],[6.712134099999996,46.1438996],[6.712851899999998,46.14319090000002],[6.7130556,46.14300270000001]]},"properties":{"id":"e83287062bd54f1e609146f077ad56562cd70161","name_and_type":"Têtes (Quad - 10:00)","color":"hsl(0, 82%, 42%)","status":"operating","skiAreas":["047f22907bcc1888d7c1836c647ea56b013f99db"]}}
,
{"type":"Feature","geometry":{"type":"LineString","coordinates":[[6.708348400000003,46.16596260000002],[6.708093900000002,46.165919300000034],[6.706717400000001,46.16565430000002],[6.7059966,46.16547930000002],[6.704920599999998,46.16525260000003],[6.7033747,46.16492290000002],[6.702053400000001,46.164647099999996],[6.7004104999999985,46.16430830000002],[6.698527499999997,46.16390780000001],[6.696931699999998,46.16357800000002],[6.695488699999997,46.16326530000001],[6.694733899999997,46.1630966],[6.694330499999997,46.16301310000002],[6.6942297,46.16299220000003],[6.694128199999997,46.16297120000002],[6.6939287999999975,46.162932900000044]]},"properties":{"id":"60d450f2a56f30aaf09e8cc597bf6fabf46813f5","name_and_type":"Fys (Triple - 10:45)","color":"hsl(0, 82%, 42%)","status":"operating","skiAreas":["047f22907bcc1888d7c1836c647ea56b013f99db"]}}
,
{"type":"Feature","geometry":{"type":"LineString","coordinates":[[6.711978100000001,46.1579006],[6.7120428,46.157333],[6.712194299999997,46.156004599999996],[6.7123253,46.154855399999995],[6.7124602,46.1535515],[6.7125692,46.152497399999994],[6.7126174,46.1521296]]},"properties":{"id":"a963752387c664145df16793095777b6e325ccf6","name_and_type":"Raverettes (Quad)","color":"hsl(0, 82%, 42%)","status":"operating","skiAreas":["047f22907bcc1888d7c1836c647ea56b013f99db"]}}
,
{"type":"Feature","geometry":{"type":"LineString","coordinates":[[6.6832288,46.1363891],[6.6829201,46.1362668],[6.6826788,46.13617030000003],[6.6819973,46.1358979],[6.6805764,46.13532980000002],[6.6797829,46.13501260000003],[6.6776912,46.1341764],[6.6767098,46.133784],[6.676623800000002,46.13374980000001],[6.676329000000003,46.1336291]]},"properties":{"id":"a5ba5b6eec17c3e6b8f517a7e7ce66c2eaf74c3e","name_and_type":"Grains d'Or Express (6p Chairlift - 02:00)","color":"hsl(0, 82%, 42%)","status":"operating","skiAreas":["047f22907bcc1888d7c1836c647ea56b013f99db"]}}
,
{"type":"Feature","geometry":{"type":"LineString","coordinates":[[6.683251,46.13800560000002],[6.6834926,46.13805130000002],[6.684090599999997,46.1381645],[6.6856609,46.1384616],[6.6869537999999995,46.13870620000002],[6.6887884,46.13905330000002],[6.690410499999997,46.13936020000001],[6.6911834,46.1395064],[6.692989099999997,46.139848],[6.694432699999997,46.14013420000001],[6.694824999999995,46.1402099],[6.6951634,46.1402755]]},"properties":{"id":"feea621b539fadbf9db837701baaeada968a1f6d","name_and_type":"Nauchets Express (6p Chairlift - 03:20)","color":"hsl(0, 82%, 42%)","status":"operating","skiAreas":["047f22907bcc1888d7c1836c647ea56b013f99db"]}}
,
{"type":"Feature","geometry":{"type":"LineString","coordinates":[[6.7101666,46.1386845],[6.7104706,46.13859500000003],[6.7110153,46.13842210000002],[6.7127006,46.13793910000001],[6.715014199999997,46.1372525],[6.716509,46.1368062],[6.7166505,46.136764],[6.7179021,46.13638620000001],[6.7188323,46.13611140000001],[6.7203881,46.13565190000001],[6.7207327,46.13555010000003],[6.7211912,46.13541470000001],[6.72279,46.1349424],[6.724258,46.134546],[6.724588499999997,46.134443399999995],[6.724830899999995,46.13437390000002]]},"properties":{"id":"c009b17b1d0384588da51f19155c7fcbbef9c906","name_and_type":"Chamossière Express (6p Chairlift - 06:30)","color":"hsl(0, 82%, 42%)","status":"operating","skiAreas":["047f22907bcc1888d7c1836c647ea56b013f99db"]}}
,
{"type":"Feature","geometry":{"type":"LineString","coordinates":[[6.7155771999999985,46.1669618],[6.7135193,46.157937]]},"properties":{"id":"3314f6d8290c045a0b0db6dff86eb884f4cec8fc","name_and_type":"Nyon (35p Cable Car)","color":"hsl(0, 82%, 42%)","status":"operating","skiAreas":["047f22907bcc1888d7c1836c647ea56b013f99db"]}}
,
{"type":"Feature","geometry":{"type":"LineString","coordinates":[[6.7073659,46.1647655],[6.7077341,46.16393420000002],[6.7080775,46.163158900000035],[6.7082325,46.16280890000002],[6.708499700000003,46.16220570000002],[6.7088077,46.16151030000003],[6.709113,46.16082090000001],[6.709272800000003,46.16046030000001],[6.709441800000001,46.16007850000001],[6.7098036000000025,46.159261699999995],[6.710282400000001,46.1581805],[6.7104881999999995,46.157716],[6.7105839,46.1574998]]},"properties":{"id":"302027f2ca409485d92f9cd46e193e45d984c2e9","name_and_type":"Pré Favre (Quad - 07:30)","color":"hsl(0, 82%, 42%)","status":"operating","skiAreas":["047f22907bcc1888d7c1836c647ea56b013f99db"]}}
,
{"type":"Feature","geometry":{"type":"LineString","coordinates":[[6.8157897999999975,46.29967330000002],[6.815923,46.29981240000002],[6.8161797,46.300080599999994],[6.816534199999997,46.3004511],[6.8177639999999995,46.3017358],[6.817865299999997,46.30184169999997],[6.8184716,46.3024751],[6.8188737999999995,46.3028953],[6.8193783,46.303422399999995],[6.8201627999999985,46.304241899999994],[6.8202737,46.3043577],[6.820864599999997,46.304975],[6.8216518,46.305797399999996],[6.8222987999999996,46.3064733],[6.822973799999997,46.3071784],[6.824323899999998,46.3085888],[6.825436399999996,46.30975090000001],[6.8255699,46.30989039999999],[6.8257365999999955,46.31006449999997]]},"properties":{"id":"7966b325801b549f1df4517a8bf74bfd1be760a6","name_and_type":"Télésiège de Braitaz (Chairlift)","color":"hsl(0, 82%, 42%)","status":"operating","skiAreas":["8ab6f8a4372774042033a0721b21c2fbb8df2c9c","047f22907bcc1888d7c1836c647ea56b013f99db"]}}
,
{"type":"Feature","geometry":{"type":"LineString","coordinates":[[6.8697495,46.3142387],[6.8691037999999995,46.3137709],[6.868014599999995,46.313029799999995],[6.867424199999997,46.3126184],[6.8664224,46.3119203],[6.8661214999999975,46.3117107],[6.8650758999999955,46.310981999999996],[6.8637527999999985,46.310060099999994],[6.8632547,46.30971290000002]]},"properties":{"id":"13de5d60275187c1761914bc6e17394f10822ab3","name_and_type":"Fignards (Drag lift)","color":"hsl(0, 53%, 42%)","status":"disused","skiAreas":[]}}
,
{"type":"Feature","geometry":{"type":"LineString","coordinates":[[6.867326999999998,46.3142223],[6.8672413,46.3141352],[6.8668991,46.31378769999998],[6.8660397999999985,46.31287699999999],[6.864997899999995,46.3117727],[6.864089599999995,46.31081],[6.863998899999998,46.3107139],[6.8632773,46.3099491],[6.8622381,46.30884759999998],[6.86145,46.30801230000002],[6.8602998,46.3067931],[6.859505899999997,46.3059517],[6.8592135,46.305641699999995],[6.8581422,46.3045061],[6.8580771999999985,46.304437199999995],[6.8580444,46.304402399999994],[6.857906099999997,46.304265699999995]]},"properties":{"id":"abcd92e1b4e636b5c6c6614a764da04f973989ed","name_and_type":"Télésiège Jorette (Chairlift)","color":"hsl(0, 53%, 42%)","status":"abandoned","skiAreas":[]}}
,
{"type":"Feature","geometry":{"type":"LineString","coordinates":[[6.850054999999997,46.3055673],[6.850272100000002,46.3055285],[6.8519267999999975,46.30523290000002],[6.8528477,46.305068399999996],[6.853847,46.30488989999998],[6.8554961,46.3045953],[6.8572099,46.30428909999998],[6.8573143999999955,46.304270499999994],[6.857719799999997,46.3041981]]},"properties":{"id":"dd46fef8dd63c1c3b5a332ffcdc02b81d2557a4c","name_and_type":"Télésiège Grands Places (Chairlift)","color":"hsl(0, 53%, 42%)","status":"abandoned","skiAreas":[]}}
,
{"type":"Feature","geometry":{"type":"LineString","coordinates":[[6.9601767,46.22129580000002],[6.9548922,46.21567220000002]]},"properties":{"id":"b4ff72e464e7c7896a08c5fc83d3a6feca3a2702","name_and_type":"Les Cerniers (Drag lift)","color":"hsl(0, 82%, 42%)","status":"operating","skiAreas":["8f07b9ac021ebed390c958a9f1f17fc7c119b682"]}}
,
{"type":"Feature","geometry":{"type":"LineString","coordinates":[[6.9547706,46.2167424],[6.948675700000003,46.21393920000001]]},"properties":{"id":"65bdaba671231488e8d300bc2dd8f8579d2752d9","name_and_type":"Les Cerniers (Drag lift)","color":"hsl(0, 82%, 42%)","status":"operating","skiAreas":["8f07b9ac021ebed390c958a9f1f17fc7c119b682"]}}
,
{"type":"Feature","geometry":{"type":"LineString","coordinates":[[6.837434699999997,46.19305320000002],[6.8379767,46.19331450000002],[6.838499000000001,46.19356620000002],[6.8395096,46.1940534],[6.840107,46.1943414],[6.8404076,46.1944863]]},"properties":{"id":"2d6435dc19567b77c64345491d06c6a3e8366e54","name_and_type":"Gueilly (Platter)","color":"hsl(0, 82%, 42%)","status":"operating","skiAreas":["047f22907bcc1888d7c1836c647ea56b013f99db"]}}
,
{"type":"Feature","geometry":{"type":"LineString","coordinates":[[6.8443661,46.1726577],[6.844814999999995,46.1735405]]},"properties":{"id":"d612c38127a97d439b55366c1466abd475e23654","name_and_type":"Babylift Planachaux (Ropetow)","color":"hsl(0, 82%, 42%)","status":"operating","skiAreas":["047f22907bcc1888d7c1836c647ea56b013f99db"]}}
,
{"type":"Feature","geometry":{"type":"LineString","coordinates":[[6.6687334,46.1569565],[6.6698797999999995,46.1564958],[6.6708943,46.1560881],[6.6722963,46.1555246],[6.674582399999997,46.1546059],[6.6783768,46.1530984],[6.679324400000001,46.152724],[6.6800998,46.1524111],[6.6818618,46.15171570000001],[6.6831641,46.151201799999996],[6.6850657999999985,46.1504433],[6.685488799999997,46.15028439999999]]},"properties":{"id":"2033c084d3bca6ae1d0546376924dbbcb901897f","name_and_type":"Chavannes (6p Gondola - 06:30)","color":"hsl(0, 82%, 42%)","status":"operating","skiAreas":["047f22907bcc1888d7c1836c647ea56b013f99db"]}}
,
{"type":"Feature","geometry":{"type":"LineString","coordinates":[[6.668286099999998,46.1567836],[6.668923899999997,46.1564599],[6.6704476,46.1557892],[6.6717199,46.1551905],[6.6730354,46.1545918],[6.6746006,46.153873399999995],[6.6757435,46.1533548],[6.6770701,46.15275280000002],[6.6782319,46.1522257],[6.6794266,46.151666899999995],[6.6805034999999995,46.1511797],[6.682181799999997,46.1503862],[6.6835734,46.149765],[6.6851497,46.1490613],[6.6870391,46.14821780000001],[6.6885227999999985,46.1475373],[6.6897557999999995,46.14695570000002],[6.689773000000002,46.1469479],[6.691557199999997,46.14613780000001],[6.6932012,46.1453834],[6.693539499999997,46.14522810000001],[6.694025999999996,46.1450049]]},"properties":{"id":"54b8a301052795b58fa00d15b785870ecab6605c","name_and_type":"Chavannes Express (6p Chairlift - 08:00)","color":"hsl(0, 82%, 42%)","status":"operating","skiAreas":["047f22907bcc1888d7c1836c647ea56b013f99db"]}}
,
{"type":"Feature","geometry":{"type":"LineString","coordinates":[[6.632981699999997,46.17077670000001],[6.6331111,46.17075730000001],[6.633296100000003,46.1707295],[6.6333801999999995,46.17071690000002],[6.634064799999997,46.1706145],[6.635798700000001,46.17035500000002],[6.6368086,46.1702038],[6.637801799999997,46.17005520000002],[6.639052400000002,46.169868],[6.6403039,46.16967920000001],[6.64148,46.16949030000002],[6.642648700000001,46.169324],[6.643702400000001,46.16916230000003],[6.644694899999997,46.16900580000002],[6.6456892,46.16886580000001],[6.646693700000003,46.16870100000001],[6.6467838,46.16868630000001],[6.6468912,46.16866860000001],[6.647034699999995,46.16864510000001]]},"properties":{"id":"0dee99259363ac4c40ceb6149a98b32dc06e9ec5","name_and_type":"Chéry Nord (Quad - 08:30)","color":"hsl(0, 82%, 42%)","status":"operating","skiAreas":["047f22907bcc1888d7c1836c647ea56b013f99db"]}}
,
{"type":"Feature","geometry":{"type":"LineString","coordinates":[[6.669761100000001,46.16077380000002],[6.669482299999997,46.1608871],[6.669444299999997,46.16090250000001],[6.668787999999997,46.161194],[6.667684299999995,46.1616649],[6.6664497,46.1621864],[6.6661166999999955,46.16233110000003],[6.664701499999997,46.16290510000003],[6.664057499999996,46.1632014],[6.662929499999997,46.1636784],[6.659911999999997,46.1649635],[6.6590462,46.16532690000003],[6.6586983,46.16546210000001]]},"properties":{"id":"938bcdd926598e8ca5c98cadf8e95e9b6568d9da","name_and_type":"Mont Chéry (6p Gondola - 04:30)","color":"hsl(0, 82%, 42%)","status":"operating","skiAreas":["047f22907bcc1888d7c1836c647ea56b013f99db"]}}
,
{"type":"Feature","geometry":{"type":"LineString","coordinates":[[6.6708793,46.15850730000001],[6.671240700000003,46.158287699999995],[6.6716523000000025,46.157997599999995],[6.6721911,46.1575376]]},"properties":{"id":"10e440f6c8d8d5c8cd66c37247be2be7f86a8948","name_and_type":"Stade (Drag lift - 01:30)","color":"hsl(0, 82%, 42%)","status":"operating","skiAreas":["047f22907bcc1888d7c1836c647ea56b013f99db"]}}
,
{"type":"Feature","geometry":{"type":"LineString","coordinates":[[6.657689599999997,46.16452580000002],[6.6576035,46.16455620000002],[6.657527899999995,46.16458290000001],[6.656535499999997,46.16493320000002],[6.6555721,46.16527330000003],[6.654751099999998,46.16556130000002],[6.6537907,46.16589980000001],[6.652998899999996,46.16617880000003],[6.6523736,46.16639910000002],[6.650926799999997,46.16690900000001],[6.650266400000001,46.1671417],[6.649225400000002,46.16750850000001],[6.6483641,46.16781210000001],[6.647584899999994,46.1680866],[6.6469214999999995,46.16829020000002]]},"properties":{"id":"da300f6e4a42243914832083ea3adb0469eda804","name_and_type":"La Pointe (Quad - 07:00)","color":"hsl(0, 82%, 42%)","status":"operating","skiAreas":["047f22907bcc1888d7c1836c647ea56b013f99db"]}}
,
{"type":"Feature","geometry":{"type":"LineString","coordinates":[[6.6581737,46.165513700000034],[6.657984099999994,46.16558730000001],[6.657094099999997,46.1659744],[6.656405499999997,46.1662705],[6.6561774,46.1663647],[6.655284099999997,46.16673370000002],[6.654414599999994,46.16709290000002],[6.654153399999997,46.1672054],[6.653110599999995,46.1676545],[6.6518492,46.16819770000002],[6.6513741999999985,46.16839100000002],[6.6511777,46.16846190000001]]},"properties":{"id":"fb44a4519df2a6a4d1264884abd3a55a80a661bd","name_and_type":"Super Chéry (Drag lift - 03:00)","color":"hsl(0, 82%, 42%)","status":"operating","skiAreas":["047f22907bcc1888d7c1836c647ea56b013f99db"]}}
,
{"type":"Feature","geometry":{"type":"LineString","coordinates":[[6.6857587,46.14955490000001],[6.6864771,46.1491848],[6.687283999999997,46.1487691],[6.6883544,46.14820390000001],[6.689142100000002,46.147788],[6.6902499,46.1472031],[6.6915764,46.14650270000001],[6.692734599999995,46.1458911],[6.693177599999997,46.1456572],[6.6935291999999995,46.1454716]]},"properties":{"id":"a6fce7c61fb87e0c4dcf3d6303412dc7e8850f00","name_and_type":"Croix (Quad - 06:00)","color":"hsl(0, 82%, 42%)","status":"operating","skiAreas":["047f22907bcc1888d7c1836c647ea56b013f99db"]}}
,
{"type":"Feature","geometry":{"type":"LineString","coordinates":[[6.7035371,46.18354530000001],[6.705574799999997,46.1846102],[6.7064812,46.1850943],[6.706861300000003,46.185295],[6.7088166,46.1863266],[6.7099757,46.18693980000001],[6.7108134,46.1873855],[6.7119235,46.1879725],[6.7129479,46.188501],[6.714524699999997,46.1893426],[6.715994199999997,46.19011970000003],[6.7173269,46.1908271],[6.717916599999995,46.19115080000003]]},"properties":{"id":"321d9addd0c3be86f183639ae1c0ad8e78fd1d17","name_and_type":"Super-Morzine (6p Gondola - 05:30)","color":"hsl(0, 82%, 42%)","status":"operating","skiAreas":["047f22907bcc1888d7c1836c647ea56b013f99db"]}}
,
{"type":"Feature","geometry":{"type":"LineString","coordinates":[[6.661906699999997,46.1724618],[6.661576599999996,46.17236980000001],[6.660204899999996,46.17201580000003],[6.658859,46.17166399999999],[6.657990599999995,46.1714371],[6.657933999999996,46.1714223],[6.655940599999996,46.17090030000002],[6.654644699999998,46.170561],[6.653126499999997,46.17015620000002],[6.6524294999999976,46.16997030000003],[6.652034299999995,46.169865],[6.6510462,46.16959520000003],[6.6508058999999955,46.16952480000001]]},"properties":{"id":"ec37bc79c9e7aee05eec50fca4d9012e03d633fe","name_and_type":"Planeys (Double - 07:30)","color":"hsl(0, 82%, 42%)","status":"operating","skiAreas":["047f22907bcc1888d7c1836c647ea56b013f99db"]}}
,
{"type":"Feature","geometry":{"type":"LineString","coordinates":[[6.657938599999995,46.14892970000001],[6.6582871999999975,46.148648],[6.658966299999997,46.14809920000001],[6.6597739,46.147446499999994],[6.661120199999997,46.14635850000001],[6.6616057999999985,46.1459661],[6.6617413,46.1458566],[6.662370799999997,46.1453478],[6.662920999999995,46.1449032],[6.663744599999997,46.144237499999996],[6.664569299999997,46.1435711],[6.665579199999997,46.14275490000002],[6.666904099999996,46.141687999999995],[6.669317799999997,46.13974290000002],[6.670032,46.139167],[6.671378300000002,46.1380746],[6.6715303,46.1379534],[6.67181,46.13773020000002]]},"properties":{"id":"4aa7bfe83bb3e916606e7ca034ade9b298a45d50","name_and_type":"Perrières Express (6p Chairlift)","color":"hsl(0, 82%, 42%)","status":"operating","skiAreas":["047f22907bcc1888d7c1836c647ea56b013f99db"]}}
,
{"type":"Feature","geometry":{"type":"LineString","coordinates":[[6.664945399999995,46.14845560000001],[6.6650731,46.1483064],[6.6654084,46.1478628],[6.665914599999993,46.1472713],[6.666507699999998,46.1465742],[6.667592399999997,46.14527310000001],[6.6684369999999955,46.1442981],[6.6690457999999975,46.14359],[6.6701039999999985,46.1423477],[6.6708228,46.1415095],[6.6716851,46.140492],[6.6720995,46.13997260000002],[6.6724149999999955,46.13963920000001]]},"properties":{"id":"1da399f2e05d034480634d89d8111978778d4c06","name_and_type":"Turche (Drag lift - 05:00)","color":"hsl(0, 82%, 42%)","status":"operating","skiAreas":["047f22907bcc1888d7c1836c647ea56b013f99db"]}}
,
{"type":"Feature","geometry":{"type":"LineString","coordinates":[[6.6965031999999995,46.34669949999998],[6.6962307,46.347067499999966],[6.6961701,46.3471482],[6.695909199999997,46.3475119],[6.695160799999997,46.3485441],[6.6943981999999975,46.3496003],[6.6936585,46.35062469999997],[6.6934492,46.350914599999996],[6.692765799999997,46.35186099999997],[6.692120099999998,46.3527551],[6.6911467,46.354103099999996],[6.6908621,46.35449719999997],[6.690186499999997,46.3554327],[6.6897249,46.356071899999996]]},"properties":{"id":"924a4f428ce5899eebb634f368104b4d5a6cf25a","name_and_type":"Télésiège du Pré Richard (Quad - 04:00)","color":"hsl(0, 82%, 42%)","status":"operating","skiAreas":["19b6e308caa6766b21cb00e4fb40a82c4ee1f95b"]}}
,
{"type":"Feature","geometry":{"type":"LineString","coordinates":[[6.6968727999999995,46.3455611],[6.697612599999997,46.345227599999994],[6.697726999999998,46.3450587],[6.697689799999997,46.3444789],[6.697654099999997,46.34392149999998],[6.6976074,46.3431938],[6.697571499999997,46.3426347],[6.6975434,46.3421976],[6.697474999999995,46.3411311],[6.697450799999997,46.3407543]]},"properties":{"id":"261738951a2b327a7547ececa8a71ec2c50d4a1b","name_and_type":"Téléski de l'Arête (J-bar - 02:48)","color":"hsl(0, 82%, 42%)","status":"operating","skiAreas":["19b6e308caa6766b21cb00e4fb40a82c4ee1f95b"]}}
,
{"type":"Feature","geometry":{"type":"LineString","coordinates":[[6.6923236,46.346639999999994],[6.693595699999998,46.3461286],[6.6953223,46.345389499999996],[6.696386499999997,46.345207099999996]]},"properties":{"id":"9abd88df8773f20fa07cc72851d837915b86b500","name_and_type":"Téléski des Pellys (Drag lift - 02:40)","color":"hsl(0, 82%, 42%)","status":"operating","skiAreas":["19b6e308caa6766b21cb00e4fb40a82c4ee1f95b"]}}
,
{"type":"Feature","geometry":{"type":"LineString","coordinates":[[6.691955699999997,46.346587299999996],[6.690298100000002,46.346016999999996],[6.689150499999998,46.34606169999998],[6.6878977,46.3461105],[6.6863648,46.3461702],[6.6853521,46.346209599999995]]},"properties":{"id":"e4abd4541fe5af5ac7c843de2e02a52f6d04454f","name_and_type":"Téléski du Mont Baron (Drag lift - 03:30)","color":"hsl(0, 82%, 42%)","status":"operating","skiAreas":["19b6e308caa6766b21cb00e4fb40a82c4ee1f95b"]}}
,
{"type":"Feature","geometry":{"type":"LineString","coordinates":[[6.701659100000003,46.3463116],[6.7012343,46.345245399999996],[6.7009197999999985,46.3444558]]},"properties":{"id":"253702a8aa97e8ee21443860c766e13aab8f71a9","name_and_type":"Téléski du Talot (Drag lift - 01:30)","color":"hsl(0, 82%, 42%)","status":"operating","skiAreas":["19b6e308caa6766b21cb00e4fb40a82c4ee1f95b"]}}
,
{"type":"Feature","geometry":{"type":"LineString","coordinates":[[6.7078041,46.340977499999994],[6.707987099999998,46.3409194],[6.708605400000002,46.3407229],[6.710110699999998,46.34024459999998],[6.7112189,46.3399436],[6.7132875,46.33933430000001],[6.713361400000003,46.33931200000002],[6.7156052,46.338636],[6.7156933000000025,46.3386095],[6.7157685,46.3385868],[6.715910299999996,46.3385441]]},"properties":{"id":"b449e0e58bd28ea9109c2b5681e3b285990b8589","name_and_type":"Télésiège de Pelluaz (Quad - 06:44)","color":"hsl(0, 82%, 42%)","status":"operating","skiAreas":["19b6e308caa6766b21cb00e4fb40a82c4ee1f95b"]}}
,
{"type":"Feature","geometry":{"type":"LineString","coordinates":[[6.7210793,46.2756646],[6.7204824,46.27525780000001],[6.719839700000001,46.2748197],[6.719338000000001,46.2744778],[6.717880999999997,46.2734848],[6.7174739,46.2732073],[6.716639900000001,46.27263880000003],[6.715257400000001,46.2716965],[6.712538499999997,46.26984330000001],[6.7101951999999985,46.26824600000001],[6.707969,46.26672860000002],[6.7072874,46.26626390000001],[6.7053045,46.2649697]]},"properties":{"id":"e4ef6189c0cafe110faed2ee9ca163c3c68d87cb","name_and_type":"Essert (6p Gondola)","color":"hsl(0, 82%, 42%)","status":"operating","skiAreas":["d3d69f021189f84fe11396cd2078f905ebd0beb9"]}}
,
{"type":"Feature","geometry":{"type":"LineString","coordinates":[[6.705184499999997,46.26363110000001],[6.699270700000001,46.2590955],[6.695646,46.2587276]]},"properties":{"id":"a45329473a4fe35b1e25e737ce493e300c4a9060","name_and_type":"Corne 2 (Platter)","color":"hsl(0, 82%, 42%)","status":"operating","skiAreas":["d3d69f021189f84fe11396cd2078f905ebd0beb9"]}}
,
{"type":"Feature","geometry":{"type":"LineString","coordinates":[[6.701446600000002,46.17280030000001],[6.7005716,46.1723836],[6.6993202,46.171787699999996],[6.6987193,46.1715015],[6.697336999999996,46.1708433],[6.695775299999997,46.1700995],[6.694965099999996,46.16971370000003],[6.6947601999999975,46.16961610000001],[6.6930852999999955,46.16881840000001],[6.692933499999997,46.16874610000002]]},"properties":{"id":"6c7270f37939d79d2558df277124f0db9c620f67","name_and_type":"Atray (Triple - 07:10)","color":"hsl(0, 82%, 42%)","status":"operating","skiAreas":["047f22907bcc1888d7c1836c647ea56b013f99db"]}}
,
{"type":"Feature","geometry":{"type":"LineString","coordinates":[[6.712485999999997,46.15794149999998],[6.712895799999997,46.15748859999998],[6.7137744,46.156609399999994],[6.7142218,46.15611190000001],[6.714672100000001,46.155643399999995],[6.7153129,46.154994499999994],[6.7166446,46.1536459],[6.7172741999999985,46.1530082],[6.7186469,46.151675999999995],[6.719233100000003,46.1510727],[6.719303400000003,46.1510007],[6.719366200000001,46.1509364],[6.7204067999999975,46.1498704],[6.7216358,46.1486218],[6.722406799999997,46.14782139999999],[6.7224324,46.1477949],[6.7224629,46.1477631],[6.722539799999997,46.1476833]]},"properties":{"id":"8c1caf570d2c82de2b52e49e58282a0a8c440a63","name_and_type":"Pointe de Nyon (Quad - 10:00)","color":"hsl(0, 82%, 42%)","status":"operating","skiAreas":["047f22907bcc1888d7c1836c647ea56b013f99db"]}}
,
{"type":"Feature","geometry":{"type":"LineString","coordinates":[[6.591393300000003,46.1556918],[6.5912789000000025,46.1557377],[6.590791,46.155946],[6.589747400000003,46.156442],[6.588766400000003,46.1568593],[6.5866393000000025,46.15783139999999],[6.58525,46.1584663],[6.584242400000003,46.1589268],[6.5828571999999985,46.159554],[6.5820764999999986,46.15990030000001],[6.581838100000002,46.16000430000001]]},"properties":{"id":"9fad052729c4b5189266e8ea0022358a9a2485f3","name_and_type":"Praz l'Évèque (Triple)","color":"hsl(0, 82%, 42%)","status":"operating","skiAreas":["17a2aed27cfa6b593c5df9770900555623db6adf"]}}
,
{"type":"Feature","geometry":{"type":"LineString","coordinates":[[6.6600917,46.1662795],[6.659910699999997,46.16634190000001],[6.6593041,46.16655110000002],[6.657723999999997,46.1670964],[6.6568904,46.16739060000001],[6.655805799999997,46.1677744],[6.654499499999997,46.16820980000002],[6.653578499999997,46.168530100000034],[6.652032299999997,46.1690471],[6.651139,46.16935310000002],[6.650851299999997,46.169441]]},"properties":{"id":"bb1d5be01f8cfb1950cedc8f7896e779b4da269b","name_and_type":"Grande Ourse (Double - 06:00)","color":"hsl(0, 82%, 42%)","status":"operating","skiAreas":["047f22907bcc1888d7c1836c647ea56b013f99db"]}}
,
{"type":"Feature","geometry":{"type":"LineString","coordinates":[[6.667888399999995,46.156648],[6.6680486,46.1565391],[6.668511799999996,46.156224099999996],[6.6692535,46.155677499999996],[6.6698219,46.1552701]]},"properties":{"id":"9e9b05eb710fcc9c4a00718c4213123dafc3ea67","name_and_type":"Vieux Chêne (Drag lift - 02:00)","color":"hsl(0, 82%, 42%)","status":"operating","skiAreas":["047f22907bcc1888d7c1836c647ea56b013f99db"]}}
,
{"type":"Feature","geometry":{"type":"LineString","coordinates":[[6.669318,46.1572257],[6.6705936,46.1567271],[6.6714885,46.1563716],[6.672583599999997,46.15596]]},"properties":{"id":"ee4833d1464c50b1d357d6c8886d88ded5a47147","name_and_type":"Boule de Gomme (Drag lift - 01:30)","color":"hsl(0, 82%, 42%)","status":"operating","skiAreas":["047f22907bcc1888d7c1836c647ea56b013f99db"]}}
,
{"type":"Feature","geometry":{"type":"LineString","coordinates":[[6.687598499999997,46.1503047],[6.687929599999998,46.15008769999998],[6.688746,46.1495314],[6.6896876,46.1488904],[6.6903226,46.14845890000002],[6.6908591999999985,46.1481246],[6.6914111999999975,46.14795090000001],[6.692285199999997,46.1477043],[6.692995899999995,46.1475078],[6.693444199999997,46.1473765]]},"properties":{"id":"cb11a4a7abf8a9e460eb63981f3aa818abbeb4df","name_and_type":"Mouille au Roy (Drag lift - 03:30)","color":"hsl(0, 82%, 42%)","status":"operating","skiAreas":["047f22907bcc1888d7c1836c647ea56b013f99db"]}}
,
{"type":"Feature","geometry":{"type":"LineString","coordinates":[[6.8530656,46.26635140000001],[6.853831799999997,46.26601850000002],[6.8546495,46.26566310000001],[6.8559734,46.2650877],[6.857117199999997,46.26459060000001],[6.858511399999997,46.2639846],[6.8596859,46.2634741],[6.860216299999997,46.2632436]]},"properties":{"id":"ef6dd29c8fdd17a65f0d993085ac6bf8a2f2cfa0","name_and_type":"Coqs 2 (Drag lift)","color":"hsl(0, 82%, 42%)","status":"operating","skiAreas":["cd9575d80e0c47ed91caa814eae2093f13bc9e67","047f22907bcc1888d7c1836c647ea56b013f99db"]}}
,
{"type":"Feature","geometry":{"type":"LineString","coordinates":[[6.652306499999997,46.1665836],[6.652121599999996,46.1666624],[6.651203900000001,46.1670534],[6.6502612,46.16745500000001],[6.649793700000003,46.1676542],[6.649110499999997,46.16794530000002],[6.6484741,46.16821650000002],[6.6478625,46.168477],[6.6476269,46.16857740000001],[6.647188299999995,46.168750200000034]]},"properties":{"id":"e55687ffd25b6e9b4327d05f6ff20372f926cebe","name_and_type":"La Pointe (Drag lift - 02:30)","color":"hsl(0, 82%, 42%)","status":"operating","skiAreas":["047f22907bcc1888d7c1836c647ea56b013f99db"]}}
,
{"type":"Feature","geometry":{"type":"LineString","coordinates":[[6.7075651999999995,46.26459000000001],[6.7055587999999995,46.26477730000001]]},"properties":{"id":"f31fc5c6105978d9a3b10a61ec7160164f92d0c1","name_and_type":"Petit Covagny (Platter)","color":"hsl(0, 82%, 42%)","status":"operating","skiAreas":["d3d69f021189f84fe11396cd2078f905ebd0beb9"]}}
,
{"type":"Feature","geometry":{"type":"LineString","coordinates":[[6.7042278,46.26435490000002],[6.7003902,46.26514120000002],[6.694244499999997,46.26616810000002],[6.6924094,46.2671694],[6.690505999999996,46.26821750000001]]},"properties":{"id":"b54caaa35950a0d2ff0269e16f86dc70706e914c","name_and_type":"Grand Frémoux (Platter)","color":"hsl(0, 82%, 42%)","status":"operating","skiAreas":["d3d69f021189f84fe11396cd2078f905ebd0beb9"]}}
,
{"type":"Feature","geometry":{"type":"LineString","coordinates":[[6.704988799999997,46.26514700000001],[6.701166400000003,46.26632580000003],[6.6993801,46.2662436]]},"properties":{"id":"7731416421611b4a6330429c819f470aa7410c01","name_and_type":"Petit Frémoux (Platter)","color":"hsl(0, 82%, 42%)","status":"operating","skiAreas":["d3d69f021189f84fe11396cd2078f905ebd0beb9"]}}
,
{"type":"Feature","geometry":{"type":"LineString","coordinates":[[6.7113215,46.26296970000001],[6.701939700000001,46.2594828]]},"properties":{"id":"01cd4e014e14ff782b167e78e87712aa19579860","name_and_type":"Lac (Platter)","color":"hsl(0, 82%, 42%)","status":"operating","skiAreas":["d3d69f021189f84fe11396cd2078f905ebd0beb9"]}}
,
{"type":"Feature","geometry":{"type":"LineString","coordinates":[[6.8511036,46.23714320000001],[6.8466342,46.237478],[6.8462303,46.2374839],[6.8460366,46.23752280000002]]},"properties":{"id":"bc16114ec248115342f884737ac50f2d9b3311ee","name_and_type":"Géant (Platter)","color":"hsl(0, 82%, 42%)","status":"operating","skiAreas":["047f22907bcc1888d7c1836c647ea56b013f99db"]}}
,
{"type":"Feature","geometry":{"type":"LineString","coordinates":[[6.7303147999999995,46.379067899999995],[6.731019400000003,46.3786518],[6.7319648,46.3780798],[6.7331609000000014,46.377366699999996],[6.7340841,46.3768057],[6.734919899999998,46.37630890000001],[6.7358574,46.3757467],[6.736962000000003,46.375085999999996],[6.737507,46.374759],[6.7387756,46.3739908],[6.739797200000003,46.37337330000001],[6.7409712,46.3726705],[6.7417156,46.372223],[6.7421444,46.3719709],[6.7423930000000025,46.37182139999999]]},"properties":{"id":"460201503339ea22d9f87e94a3d415cbd6bdb81e","name_and_type":"Télésiège du Parchet (Quad)","color":"hsl(0, 82%, 42%)","status":"operating","skiAreas":["d3c7b897d3dac0b590961eb352677d3070e52fe1"]}}
,
{"type":"Feature","geometry":{"type":"LineString","coordinates":[[6.872562700000001,46.21249080000001],[6.863243000000002,46.2096456]]},"properties":{"id":"4c4b5a1334d656e53d553bc3f0a1ff932b0f89c5","name_and_type":"Sépaya 1 (Platter)","color":"hsl(0, 82%, 42%)","status":"operating","skiAreas":["047f22907bcc1888d7c1836c647ea56b013f99db"]}}
,
{"type":"Feature","geometry":{"type":"LineString","coordinates":[[6.8717572,46.21821280000003],[6.8715325,46.2182],[6.8705437000000025,46.21814330000002],[6.8690927,46.2180601],[6.867546199999997,46.2179715],[6.8663319,46.2179019],[6.863931899999995,46.2177643],[6.8622663,46.2176689],[6.8614653,46.2176229],[6.859554299999996,46.2175134],[6.857808299999997,46.21741330000001],[6.855572799999997,46.2172852],[6.854330099999997,46.217214],[6.852384899999995,46.2171025],[6.8508987,46.2170173],[6.8507371,46.217008]]},"properties":{"id":"1faa8d3829759cadb5da88c10a6a5927833f15d6","name_and_type":"Bochasses (6p Chairlift)","color":"hsl(0, 82%, 42%)","status":"operating","skiAreas":["047f22907bcc1888d7c1836c647ea56b013f99db"]}}
,
{"type":"Feature","geometry":{"type":"LineString","coordinates":[[6.687530199999997,46.150269599999994],[6.6878617,46.1500356],[6.6886769,46.1494771],[6.689628400000003,46.14883500000001],[6.690263100000003,46.1484065],[6.6907653,46.1480638],[6.6914654,46.147604199999996],[6.6921614,46.14712510000001],[6.692904899999995,46.14661330000001],[6.694113499999997,46.14579280000003],[6.694528399999997,46.14493560000001],[6.694954499999994,46.1440785],[6.695110899999995,46.1432662],[6.6953024999999995,46.14238870000001],[6.695476899999996,46.14150820000001],[6.695554499999996,46.14111610000001],[6.6956433,46.1406004]]},"properties":{"id":"c7d07cae713c537b5d70fc503a44d0a462e7ca93","name_and_type":"Tête des Crêts (Drag lift - 07:00)","color":"hsl(0, 82%, 42%)","status":"operating","skiAreas":["047f22907bcc1888d7c1836c647ea56b013f99db"]}}
,
{"type":"Feature","geometry":{"type":"LineString","coordinates":[[6.7559531999999995,46.18892830000002],[6.7567003,46.18887630000001],[6.7582662000000004,46.18874690000001],[6.7631767,46.18834090000002],[6.7682067,46.18793],[6.774810899999997,46.187397499999996]]},"properties":{"id":"e339e2977b7af61a3e41db12f4e6dce6b6df637b","name_and_type":"Prodains Express (35p Cable Car - 04:00)","color":"hsl(0, 82%, 42%)","status":"operating","skiAreas":["047f22907bcc1888d7c1836c647ea56b013f99db"]}}
,
{"type":"Feature","geometry":{"type":"LineString","coordinates":[[6.731782700000003,46.37831870000002],[6.7379571,46.375088999999996]]},"properties":{"id":"d90cc9b5f71dd305f55e4b90469b23b5ad8ce687","name_and_type":"Phébus (Platter)","color":"hsl(0, 82%, 42%)","status":"operating","skiAreas":["d3c7b897d3dac0b590961eb352677d3070e52fe1"]}}
,
{"type":"Feature","geometry":{"type":"LineString","coordinates":[[6.7226704,46.3781541],[6.7211232,46.3733544]]},"properties":{"id":"02b658bd6114aba12041636fa183bff99f606cf9","name_and_type":"Tétras (Platter)","color":"hsl(0, 82%, 42%)","status":"operating","skiAreas":["d3c7b897d3dac0b590961eb352677d3070e52fe1"]}}
,
{"type":"Feature","geometry":{"type":"LineString","coordinates":[[6.7261881999999975,46.37850380000001],[6.727166599999997,46.374754499999995]]},"properties":{"id":"21774dc61275478cb6ce5c38e92b1f2b629f37f1","name_and_type":"Mottet 1 (Platter)","color":"hsl(0, 82%, 42%)","status":"operating","skiAreas":["d3c7b897d3dac0b590961eb352677d3070e52fe1"]}}
,
{"type":"Feature","geometry":{"type":"LineString","coordinates":[[6.7261263,46.3784948],[6.726502,46.3770023],[6.7270711,46.374741699999994]]},"properties":{"id":"365cbb6e4bb572ef28dbfbf2ef2e56772a35c327","name_and_type":"Mottet 2 (Platter)","color":"hsl(0, 82%, 42%)","status":"operating","skiAreas":["d3c7b897d3dac0b590961eb352677d3070e52fe1"]}}
,
{"type":"Feature","geometry":{"type":"LineString","coordinates":[[6.729656100000002,46.37748839999999],[6.7296344999999995,46.37575550000001]]},"properties":{"id":"e48456cd9e4121813dceca245e70fda2bda9ecf4","name_and_type":"École (Platter)","color":"hsl(0, 82%, 42%)","status":"operating","skiAreas":["d3c7b897d3dac0b590961eb352677d3070e52fe1"]}}
,
{"type":"Feature","geometry":{"type":"LineString","coordinates":[[6.592293700000003,46.147800499999995],[6.5908999,46.14451570000002]]},"properties":{"id":"a524423eebf8f83fb19b36fe56d3de042f281a79","name_and_type":"Chevaly 1 (Platter)","color":"hsl(0, 82%, 42%)","status":"operating","skiAreas":["17a2aed27cfa6b593c5df9770900555623db6adf"]}}
,
{"type":"Feature","geometry":{"type":"LineString","coordinates":[[6.5907826,46.138027],[6.586542400000003,46.1396472],[6.581654100000002,46.140878]]},"properties":{"id":"9ef8aca67f3eb7f6c9644d24cde013ce396097c4","name_and_type":"Brésy (Platter)","color":"hsl(0, 82%, 42%)","status":"operating","skiAreas":["17a2aed27cfa6b593c5df9770900555623db6adf"]}}
,
{"type":"Feature","geometry":{"type":"LineString","coordinates":[[6.592718,46.1390805],[6.591684,46.141447799999995],[6.5918658,46.1426651]]},"properties":{"id":"d3c470ff8d1189205728cb4cb8b5a12e3072e751","name_and_type":"Canevet (Platter)","color":"hsl(0, 82%, 42%)","status":"operating","skiAreas":["17a2aed27cfa6b593c5df9770900555623db6adf"]}}
,
{"type":"Feature","geometry":{"type":"LineString","coordinates":[[6.597147,46.13537990000003],[6.5963689000000025,46.13770580000001],[6.5947511,46.13969510000001],[6.594056499999997,46.1405492],[6.5931314999999975,46.14168659999998],[6.592765,46.14213720000002],[6.592188099999998,46.1427417]]},"properties":{"id":"cec8a65e5c6a0e2156d9c8e50f01661c8077c68f","name_and_type":"Hôtel (Platter)","color":"hsl(0, 82%, 42%)","status":"operating","skiAreas":["17a2aed27cfa6b593c5df9770900555623db6adf"]}}
,
{"type":"Feature","geometry":{"type":"LineString","coordinates":[[6.595556599999996,46.14325030000001],[6.5922952,46.143421499999995]]},"properties":{"id":"2602b53b815d41446956b54789b95c77de2b9d1e","name_and_type":"Jora (Platter)","color":"hsl(0, 82%, 42%)","status":"operating","skiAreas":["17a2aed27cfa6b593c5df9770900555623db6adf"]}}
,
{"type":"Feature","geometry":{"type":"LineString","coordinates":[[6.595563100000002,46.13461590000002],[6.5954777999999985,46.1343646],[6.5951737999999995,46.133469],[6.5949234999999975,46.13273130000003],[6.5946726,46.13199220000001],[6.594536199999997,46.13159020000001],[6.5941693,46.13050920000001],[6.594034799999996,46.13011300000002],[6.593417799999997,46.12964580000001],[6.592874799999997,46.12923470000001],[6.5924407,46.12914530000003],[6.592786999999998,46.12935550000003],[6.594034799999996,46.13011300000002]]},"properties":{"id":"1a902a84051182c7395c7e6c40b0f25e10b1fcbb","name_and_type":"Planey (Platter)","color":"hsl(0, 82%, 42%)","status":"operating","skiAreas":["17a2aed27cfa6b593c5df9770900555623db6adf"]}}
,
{"type":"Feature","geometry":{"type":"LineString","coordinates":[[6.7033045,46.3523334],[6.700112,46.3507959]]},"properties":{"id":"a2b344ee4c370d61e1d0cfdd81d9e4e44e5c4727","name_and_type":"Télésiège du Bécrêt (Drag lift - 01:50)","color":"hsl(0, 82%, 42%)","status":"operating","skiAreas":["19b6e308caa6766b21cb00e4fb40a82c4ee1f95b"]}}
,
{"type":"Feature","geometry":{"type":"LineString","coordinates":[[6.7024013,46.346690699999996],[6.702384899999997,46.3465024],[6.7023311,46.34588349999998],[6.7022176,46.344577199999996],[6.702149400000002,46.343793399999996],[6.7020719,46.3429018],[6.7019649,46.341670099999995],[6.7018352,46.3401787],[6.7017377000000025,46.339057399999994],[6.701667000000003,46.3382438],[6.701646900000003,46.33801230000003]]},"properties":{"id":"1b69aceaab736a45e1072e632eed88986846de7d","name_and_type":"Télésiège du Petit Combet (Quad - 06:44)","color":"hsl(0, 82%, 42%)","status":"operating","skiAreas":["19b6e308caa6766b21cb00e4fb40a82c4ee1f95b"]}}
,
{"type":"Feature","geometry":{"type":"LineString","coordinates":[[6.700029600000002,46.3459568],[6.6993925,46.3458163],[6.698655599999998,46.3456557],[6.69829,46.345576]]},"properties":{"id":"1e3ce7a7097aa242b1605af2f735f03a1721ceef","name_and_type":"Téléski de la Lèche (Platter - 01:10)","color":"hsl(0, 82%, 42%)","status":"operating","skiAreas":["19b6e308caa6766b21cb00e4fb40a82c4ee1f95b"]}}
,
{"type":"Feature","geometry":{"type":"LineString","coordinates":[[6.689223800000002,46.355964099999994],[6.6893985,46.355587899999996],[6.6895699,46.3552192],[6.689641000000003,46.355066199999996]]},"properties":{"id":"c738382484a4092db1fe6f4eaea778c76bac01f8","name_and_type":"Téléski de la Mouille (Drag lift - 01:00)","color":"hsl(0, 82%, 42%)","status":"operating","skiAreas":["19b6e308caa6766b21cb00e4fb40a82c4ee1f95b"]}}
,
{"type":"Feature","geometry":{"type":"LineString","coordinates":[[6.658648,46.14904],[6.658805999999997,46.14894590000002],[6.6596215,46.14846],[6.6602083,46.14811040000002],[6.6606727999999995,46.1478337],[6.6613532,46.147469099999995],[6.6621631999999975,46.147067799999995],[6.6626971999999975,46.1467671],[6.6628624999999975,46.14667290000001]]},"properties":{"id":"38a74b8fbe90b34208242c16c64a9b49b73be122","name_and_type":"Château (Platter - 02:00)","color":"hsl(0, 82%, 42%)","status":"operating","skiAreas":["047f22907bcc1888d7c1836c647ea56b013f99db"]}}
,
{"type":"Feature","geometry":{"type":"LineString","coordinates":[[6.7125827,46.1569112],[6.713592,46.1547526]]},"properties":{"id":"0162ac6eb2dc48d63a896ee4c49676a1bd5a6d17","name_and_type":"Poireaux 2 (Platter)","color":"hsl(0, 82%, 42%)","status":"operating","skiAreas":["047f22907bcc1888d7c1836c647ea56b013f99db"]}}
,
{"type":"Feature","geometry":{"type":"LineString","coordinates":[[6.712614899999997,46.1569178],[6.713679700000003,46.15477890000001]]},"properties":{"id":"7ab06f2b8d209d48b1c8f17b31982a03951ff680","name_and_type":"Poireaux 1 (Platter)","color":"hsl(0, 82%, 42%)","status":"operating","skiAreas":["047f22907bcc1888d7c1836c647ea56b013f99db"]}}
,
{"type":"Feature","geometry":{"type":"LineString","coordinates":[[6.6888134999999975,46.1701862],[6.6890587,46.16990550000001],[6.6895007999999985,46.16939950000001],[6.6903597,46.16841630000003],[6.6904856999999955,46.16827210000003],[6.6908977,46.1678005],[6.6915783,46.1670215],[6.692000699999998,46.16653790000002],[6.692197899999996,46.16631220000004]]},"properties":{"id":"3c60b0c725bc1ca16bba88fa0bb5ab05d02ef9fa","name_and_type":"Nabor (Quad)","color":"hsl(0, 82%, 42%)","status":"operating","skiAreas":["047f22907bcc1888d7c1836c647ea56b013f99db"]}}
,
{"type":"Feature","geometry":{"type":"LineString","coordinates":[[6.624499099999998,46.2037647],[6.624962099999997,46.204046],[6.625830999999995,46.2045472],[6.627274599999995,46.20542520000002],[6.6281240999999955,46.20594190000001],[6.6290093,46.2064804],[6.6294162999999955,46.20672790000001],[6.6296275,46.2068564]]},"properties":{"id":"b59a1a4d96b2b039f5d67302bf5aceca4b2dacce","name_and_type":"Chargeau (Chairlift - 05:20)","color":"hsl(0, 82%, 42%)","status":"operating","skiAreas":["8f52a4cffc57a788e69b889d7b5c12197a606047"]}}
,
{"type":"Feature","geometry":{"type":"LineString","coordinates":[[6.623997599999996,46.2034036],[6.623584699999995,46.20323860000001],[6.622576999999995,46.20283580000003],[6.6218134,46.20253060000003],[6.620665,46.2020715],[6.6194781,46.2015971],[6.6188681,46.20135330000002],[6.617496199999997,46.2008049],[6.615990999999997,46.20020330000001],[6.615033299999997,46.1998204],[6.6138629,46.19935260000003],[6.6127685,46.19891510000004],[6.6125981,46.198847]]},"properties":{"id":"ec62ede7ed992946270d86733b827921555ad518","name_and_type":"Graydon (Triple - 10:00)","color":"hsl(0, 82%, 42%)","status":"operating","skiAreas":["8f52a4cffc57a788e69b889d7b5c12197a606047"]}}
,
{"type":"Feature","geometry":{"type":"LineString","coordinates":[[6.7058274,46.176951],[6.7050189,46.17656320000001],[6.7040223,46.17615050000001]]},"properties":{"id":"a837a7163cd56b5ada3d4eef9b591df5b0b94c2a","name_and_type":"Bouchet (Platter)","color":"hsl(0, 82%, 42%)","status":"operating","skiAreas":["047f22907bcc1888d7c1836c647ea56b013f99db"]}}
,
{"type":"Feature","geometry":{"type":"LineString","coordinates":[[6.7044487,46.1782696],[6.703343600000003,46.1776716]]},"properties":{"id":"a3e90591365370e91ddbb1664b87dea7dbaef2ef","name_and_type":"Mas Verjus (Platter)","color":"hsl(0, 82%, 42%)","status":"operating","skiAreas":["047f22907bcc1888d7c1836c647ea56b013f99db"]}}
,
{"type":"Feature","geometry":{"type":"LineString","coordinates":[[6.6321726,46.214183999999996],[6.6320881,46.2138392],[6.6319247999999975,46.21327220000001],[6.6317361,46.2125864],[6.6315982,46.21205060000001],[6.631510899999997,46.211698]]},"properties":{"id":"9daa73f04fa6bc8e7c9ad218402bff9198da567c","name_and_type":"Bray (Platter - 02:50)","color":"hsl(0, 82%, 42%)","status":"operating","skiAreas":["8f52a4cffc57a788e69b889d7b5c12197a606047"]}}
,
{"type":"Feature","geometry":{"type":"LineString","coordinates":[[6.640535699999996,46.218375900000034],[6.6403092,46.2179266],[6.6399213,46.2172228],[6.639566700000001,46.2165466],[6.638999,46.21554890000002],[6.6385761,46.2148462],[6.6370211,46.2141942],[6.6364235,46.21394],[6.6354628,46.2135294],[6.6346187,46.2131804],[6.6331701999999995,46.2125617],[6.6327457,46.21239120000001]]},"properties":{"id":"9d38cf5b9e4ebd5896be0a8ea552c6cc1ea7edcf","name_and_type":"Esserailloux (Platter - 06:00)","color":"hsl(0, 82%, 42%)","status":"operating","skiAreas":["8f52a4cffc57a788e69b889d7b5c12197a606047"]}}
,
{"type":"Feature","geometry":{"type":"LineString","coordinates":[[6.5765092,46.2094974],[6.577180699999998,46.20955610000002],[6.5776776,46.2095995],[6.5787355,46.20969200000001],[6.5800028,46.20980280000001],[6.581763700000004,46.20995680000002],[6.58357,46.21011470000001],[6.584107499999997,46.2101617],[6.5843887999999975,46.21018630000001],[6.5854645,46.2102803],[6.5869006,46.21040590000001],[6.5877187999999975,46.210477399999995],[6.5878764,46.2104912],[6.5893898,46.2106235],[6.589678100000003,46.2106487]]},"properties":{"id":"aa3792ed64682758424f3af52529e78bb3e6a462","name_and_type":"Torchon (Quad - 10:00)","color":"hsl(0, 82%, 42%)","status":"operating","skiAreas":["8f52a4cffc57a788e69b889d7b5c12197a606047"]}}
,
{"type":"Feature","geometry":{"type":"LineString","coordinates":[[6.592156799999997,46.21056390000001],[6.593469600000002,46.2104407],[6.5946886,46.21032330000001],[6.595952599999998,46.21019690000002],[6.5972267,46.2100823],[6.598589299999998,46.2099649]]},"properties":{"id":"faf49841b472ffaa2be97d638ee8235260660283","name_and_type":"Follys 1 (Platter - 03:20)","color":"hsl(0, 82%, 42%)","status":"operating","skiAreas":["8f52a4cffc57a788e69b889d7b5c12197a606047"]}}
,
{"type":"Feature","geometry":{"type":"LineString","coordinates":[[6.717832499999997,46.27910460000001],[6.717915499999996,46.27818960000001]]},"properties":{"id":"eaa15acebf6a265aa71b772d2149a978b56b7b3a","name_and_type":"Ludoffaz (Magic Carpet)","color":"hsl(0, 82%, 42%)","status":"operating","skiAreas":["d3d69f021189f84fe11396cd2078f905ebd0beb9"]}}
,
{"type":"Feature","geometry":{"type":"LineString","coordinates":[[6.631342900000003,46.2142762],[6.6303774,46.2126431]]},"properties":{"id":"5900211cd9e5d0a14e49c6a964ae3ed8726c6ab1","name_and_type":"Terchette (Platter)","color":"hsl(0, 82%, 42%)","status":"operating","skiAreas":["8f52a4cffc57a788e69b889d7b5c12197a606047"]}}
,
{"type":"Feature","geometry":{"type":"LineString","coordinates":[[6.685120299999998,46.1492203],[6.685886199999997,46.14871400000001]]},"properties":{"id":"1b66688ee66b26f36146afb7dcc0395cc435473c","name_and_type":"Platais (Magic Carpet)","color":"hsl(0, 82%, 42%)","status":"operating","skiAreas":["047f22907bcc1888d7c1836c647ea56b013f99db"]}}
,
{"type":"Feature","geometry":{"type":"LineString","coordinates":[[6.685181099999997,46.1476722],[6.6860427000000024,46.1473099]]},"properties":{"id":"99436969c547b8702883e85259ef8b8c13660259","name_and_type":"Magic Carpet","color":"hsl(0, 82%, 42%)","status":"operating","skiAreas":["047f22907bcc1888d7c1836c647ea56b013f99db"]}}
,
{"type":"Feature","geometry":{"type":"LineString","coordinates":[[6.686745,46.1456706],[6.6873472,46.1456912],[6.6883466,46.14572550000001],[6.6892548,46.14575660000001],[6.6906622,46.1458048]]},"properties":{"id":"1152027bf599a24f7b345aa11b71baddf6887763","name_and_type":"Grand Cry (Drag lift)","color":"hsl(0, 82%, 42%)","status":"operating","skiAreas":["047f22907bcc1888d7c1836c647ea56b013f99db"]}}
,
{"type":"Feature","geometry":{"type":"LineString","coordinates":[[6.770221700000003,46.1946043],[6.770742600000003,46.1949206],[6.771170600000001,46.19519720000003],[6.771638300000003,46.19550560000003],[6.7722778,46.195930100000034],[6.7724097000000025,46.19601490000002]]},"properties":{"id":"f5a09aa1b380c672a42462247b7ec454b21f3cec","name_and_type":"Écoles 2 (Platter - 02:00)","color":"hsl(0, 82%, 42%)","status":"operating","skiAreas":["047f22907bcc1888d7c1836c647ea56b013f99db"]}}
,
{"type":"Feature","geometry":{"type":"LineString","coordinates":[[6.7764702,46.1906255],[6.774187199999997,46.19218150000001]]},"properties":{"id":"57a4242172c3eef85c9410821585eff7f5086254","name_and_type":"Dromonts 1 (Drag lift)","color":"hsl(0, 82%, 42%)","status":"operating","skiAreas":["047f22907bcc1888d7c1836c647ea56b013f99db"]}}
,
{"type":"Feature","geometry":{"type":"LineString","coordinates":[[6.7783758,46.20673600000002],[6.779225000000003,46.20659530000003],[6.7801768,46.20643690000002],[6.7811133,46.2062848],[6.781472400000003,46.2062265]]},"properties":{"id":"8e622b536e1add8a933e33dd9ebb7452d78ef0c5","name_and_type":"Barmettes (Platter - 02:00)","color":"hsl(0, 82%, 42%)","status":"operating","skiAreas":["047f22907bcc1888d7c1836c647ea56b013f99db"]}}
,
{"type":"Feature","geometry":{"type":"LineString","coordinates":[[6.779485,46.18011420000001],[6.779064000000003,46.1779619],[6.780239100000003,46.17599280000003],[6.781243700000006,46.17310900000001]]},"properties":{"id":"40ce962e67eec46e06ea35d862d99802eb4dd637","name_and_type":"Arare 1 (Drag lift)","color":"hsl(0, 82%, 42%)","status":"operating","skiAreas":["047f22907bcc1888d7c1836c647ea56b013f99db"]}}
,
{"type":"Feature","geometry":{"type":"LineString","coordinates":[[6.8579437999999975,46.2685474],[6.8583164,46.26863730000002],[6.8587036,46.268730700000035],[6.8589737,46.26879580000004]]},"properties":{"id":"998106cb3d6bb978e8af43636f1991369f8e869f","name_and_type":"Poussinets (Platter)","color":"hsl(0, 82%, 42%)","status":"operating","skiAreas":["047f22907bcc1888d7c1836c647ea56b013f99db"]}}
,
{"type":"Feature","geometry":{"type":"LineString","coordinates":[[6.8588396,46.26792810000001],[6.8594208,46.26784],[6.8606394,46.26765530000002],[6.860955899999995,46.2676073]]},"properties":{"id":"613c62fef5b482bb7eaebb047819deca60add6e8","name_and_type":"Débutants (Drag lift)","color":"hsl(0, 82%, 42%)","status":"operating","skiAreas":["047f22907bcc1888d7c1836c647ea56b013f99db"]}}
,
{"type":"Feature","geometry":{"type":"LineString","coordinates":[[6.858112699999998,46.2678613],[6.8584846999999955,46.26802340000001],[6.858875999999998,46.26819390000004],[6.859368000000003,46.26840830000003]]},"properties":{"id":"2f4bf32e2ac727f284c992a28d45713a8f669c08","name_and_type":"Poussins (Drag lift)","color":"hsl(0, 82%, 42%)","status":"operating","skiAreas":["047f22907bcc1888d7c1836c647ea56b013f99db"]}}
,
{"type":"Feature","geometry":{"type":"LineString","coordinates":[[6.8568441,46.26925190000002],[6.8576836,46.2679819]]},"properties":{"id":"4bc0883c25e9a1a60dc47b7a94a6e95a62988a49","name_and_type":"Super-Châtel (Magic Carpet)","color":"hsl(0, 82%, 42%)","status":"operating","skiAreas":["047f22907bcc1888d7c1836c647ea56b013f99db"]}}
,
{"type":"Feature","geometry":{"type":"LineString","coordinates":[[6.857732299999997,46.2662616],[6.8580727999999995,46.26614590000003],[6.8587339,46.26592130000003],[6.8595974,46.26562790000001]]},"properties":{"id":"753866607d0f799e2f294829d500e2b9b7a158ce","name_and_type":"Coquelets (Platter)","color":"hsl(0, 82%, 42%)","status":"operating","skiAreas":["047f22907bcc1888d7c1836c647ea56b013f99db"]}}
,
{"type":"Feature","geometry":{"type":"LineString","coordinates":[[6.692414599999994,46.16841460000001],[6.6926391,46.1677243]]},"properties":{"id":"204da08d4bb169715068a95e14d37b6126275670","name_and_type":"Viking (Magic Carpet)","color":"hsl(0, 82%, 42%)","status":"operating","skiAreas":["047f22907bcc1888d7c1836c647ea56b013f99db"]}}
,
{"type":"Feature","geometry":{"type":"LineString","coordinates":[[6.871962100000003,46.27256850000001],[6.8719026,46.27241480000002],[6.871699800000003,46.2718907],[6.8714125,46.27114860000001],[6.8711659,46.27051130000003],[6.870167700000001,46.26919540000002],[6.8694381999999985,46.26823370000003]]},"properties":{"id":"e7002cb431598675275001e93da83553b9574859","name_and_type":"Pré-la-Vieille (Platter)","color":"hsl(0, 82%, 42%)","status":"operating","skiAreas":["047f22907bcc1888d7c1836c647ea56b013f99db"]}}
,
{"type":"Feature","geometry":{"type":"LineString","coordinates":[[6.781977100000002,46.29255540000003],[6.781283800000002,46.2910418]]},"properties":{"id":"d1ff87c28a5026e1f8b6e6ac4b49baad718697fd","name_and_type":"Dahu (Drag lift)","color":"hsl(0, 82%, 42%)","status":"operating","skiAreas":["8ab6f8a4372774042033a0721b21c2fbb8df2c9c"]}}
,
{"type":"Feature","geometry":{"type":"LineString","coordinates":[[6.705115399999998,46.2636564],[6.7005092,46.26016270000002]]},"properties":{"id":"7a3965700367730a376970d819679c9a43e5c78a","name_and_type":"Corne 1 (Platter)","color":"hsl(0, 82%, 42%)","status":"operating","skiAreas":["d3d69f021189f84fe11396cd2078f905ebd0beb9"]}}
,
{"type":"Feature","geometry":{"type":"LineString","coordinates":[[6.8436736000000025,46.2550995],[6.8437844,46.2552416],[6.844508999999998,46.25617090000002],[6.8454651,46.2573972],[6.8459491,46.25801790000001],[6.8469583,46.25931210000003],[6.8472581,46.2596966],[6.847621,46.26016200000002],[6.8484436,46.26121680000002],[6.8504664,46.26381090000003],[6.850634199999997,46.2640261],[6.851131,46.2646631],[6.8518492,46.26558410000001],[6.852129,46.26594280000003],[6.8523057,46.26617350000002]]},"properties":{"id":"ac4eabba096e6b64035870e6e2f6a71d4f9bbacd","name_and_type":"Télésiège des Portes du Soleil (6p Chairlift - 05:00)","color":"hsl(0, 82%, 42%)","status":"operating","skiAreas":["cd9575d80e0c47ed91caa814eae2093f13bc9e67","047f22907bcc1888d7c1836c647ea56b013f99db"]}}
,
{"type":"Feature","geometry":{"type":"LineString","coordinates":[[6.8430504,46.25486039999999],[6.842314499999997,46.25471200000001],[6.8414779,46.254543399999996],[6.8400447,46.25425439999999],[6.8398220000000025,46.254209499999995],[6.839599300000002,46.254164599999996],[6.8381051,46.2538633],[6.836255700000002,46.2534904],[6.8346932,46.2531754],[6.833241800000002,46.2528828],[6.8320238,46.2526372],[6.8311569,46.2524624]]},"properties":{"id":"708c968b1179ce07b671ce1f085350aaa0635e1f","name_and_type":"Gabelou (Quad - 03:30)","color":"hsl(0, 82%, 42%)","status":"operating","skiAreas":["cd9575d80e0c47ed91caa814eae2093f13bc9e67","047f22907bcc1888d7c1836c647ea56b013f99db"]}}
,
{"type":"Feature","geometry":{"type":"LineString","coordinates":[[6.8620106999999955,46.22454860000001],[6.861379,46.22431060000003],[6.860526799999997,46.2239895],[6.8600124,46.22379570000003],[6.859679700000003,46.2236704]]},"properties":{"id":"d79699d11e7712eb18c326a8d425bbb8eb556e4f","name_and_type":"Truche (Platter)","color":"hsl(0, 82%, 42%)","status":"operating","skiAreas":["047f22907bcc1888d7c1836c647ea56b013f99db"]}}
,
{"type":"Feature","geometry":{"type":"LineString","coordinates":[[6.8524235,46.19833260000004],[6.8522374,46.19834540000002],[6.851524599999997,46.19839820000004],[6.850031299999998,46.19852130000003],[6.8489964999999975,46.19861640000001],[6.8479471,46.19870850000002],[6.846915199999997,46.19880490000001],[6.8453903,46.19893410000003],[6.844408899999998,46.19901930000003],[6.8433418,46.19911880000004],[6.8417773,46.19925840000001],[6.8413156,46.19930120000002],[6.841017,46.19932540000001]]},"properties":{"id":"a380c4857474e99daa26cffc38ca9609a8874be9","name_and_type":"Pointe de l'Au (Quad)","color":"hsl(0, 82%, 42%)","status":"operating","skiAreas":["047f22907bcc1888d7c1836c647ea56b013f99db"]}}
,
{"type":"Feature","geometry":{"type":"LineString","coordinates":[[6.863118999999997,46.2248449],[6.8620328999999955,46.22523610000003]]},"properties":{"id":"a37334de3959725c9f7581b17d960ef5735481b6","name_and_type":"Gourtet (Platter)","color":"hsl(0, 82%, 42%)","status":"operating","skiAreas":["047f22907bcc1888d7c1836c647ea56b013f99db"]}}
,
{"type":"Feature","geometry":{"type":"LineString","coordinates":[[6.871147300000001,46.2478521],[6.870692500000001,46.24881270000002],[6.8701316,46.2499975],[6.8696888,46.25093270000002],[6.8694067,46.2515285],[6.868986999999995,46.25241510000002],[6.8686793,46.2530649],[6.868313,46.2538384],[6.8677505999999955,46.2550262],[6.867556399999995,46.2554364]]},"properties":{"id":"a16fd1ff9b2505cdd125690f0db28aec60470d02","name_and_type":"Culet 2 (Platter)","color":"hsl(0, 82%, 42%)","status":"operating","skiAreas":["047f22907bcc1888d7c1836c647ea56b013f99db"]}}
,
{"type":"Feature","geometry":{"type":"LineString","coordinates":[[6.850874399999998,46.23711080000003],[6.8491738,46.2372314]]},"properties":{"id":"179e4160dec0127b90be69c3b2dc151a267ddeef","name_and_type":"Snowly (Ropetow)","color":"hsl(0, 82%, 42%)","status":"operating","skiAreas":["047f22907bcc1888d7c1836c647ea56b013f99db"]}}
,
{"type":"Feature","geometry":{"type":"LineString","coordinates":[[6.8708261,46.2677714],[6.8707922,46.2668698],[6.870758700000001,46.26597840000002],[6.870699900000003,46.26441490000001],[6.8706723000000025,46.26367860000001],[6.8706185,46.26224820000002],[6.8704432,46.2615645],[6.870359600000001,46.26123860000001],[6.8701912,46.26058180000001],[6.8700716,46.26011540000003],[6.869736599999998,46.258809],[6.8693599,46.2573397],[6.869268200000001,46.2569822],[6.868847,46.25533940000001],[6.8687461999999995,46.2549463]]},"properties":{"id":"1ee10ebdeb53d765f13b4676305f8710264630da","name_and_type":"Chalet Neuf 2 (Platter)","color":"hsl(0, 82%, 42%)","status":"operating","skiAreas":["047f22907bcc1888d7c1836c647ea56b013f99db"]}}
,
{"type":"Feature","geometry":{"type":"LineString","coordinates":[[6.839125,46.1854716],[6.8381339999999975,46.1844185]]},"properties":{"id":"01e097eb739f0272f974e29cb6582cf32ab9b7dc","name_and_type":"Chapelle (Ropetow)","color":"hsl(0, 82%, 42%)","status":"operating","skiAreas":["047f22907bcc1888d7c1836c647ea56b013f99db"]}}
,
{"type":"Feature","geometry":{"type":"LineString","coordinates":[[6.832137899999997,46.25849270000001],[6.833034899999998,46.257923999999996]]},"properties":{"id":"f10cd395e4d3095db14bcb87443c4d8a6f632f83","name_and_type":"Loy (Drag lift)","color":"hsl(0, 82%, 42%)","status":"operating","skiAreas":["cd9575d80e0c47ed91caa814eae2093f13bc9e67","047f22907bcc1888d7c1836c647ea56b013f99db"]}}
,
{"type":"Feature","geometry":{"type":"LineString","coordinates":[[6.7526438,46.1894336],[6.7534268,46.188259]]},"properties":{"id":"6d58eaf079d626c12d7c5aa44e93b065c8653480","name_and_type":"Prodains (Drag lift - 01:08)","color":"hsl(0, 82%, 42%)","status":"operating","skiAreas":["047f22907bcc1888d7c1836c647ea56b013f99db"]}}
,
{"type":"Feature","geometry":{"type":"LineString","coordinates":[[6.7298959,46.26241490000003],[6.730245200000002,46.26201430000003],[6.730893600000003,46.26127080000001]]},"properties":{"id":"33a6d11d0b7ba4dc8d3df51d1df0d7a083431ea7","name_and_type":"Pêche (Platter)","color":"hsl(0, 82%, 42%)","status":"operating","skiAreas":[]}}
,
{"type":"Feature","geometry":{"type":"LineString","coordinates":[[6.6330406,46.214000399999996],[6.632730599999998,46.213464599999995],[6.632174499999997,46.21250320000002],[6.6318351999999985,46.211886199999995],[6.631265000000003,46.21092270000001],[6.6307215,46.20993900000001],[6.6302288,46.20905420000001],[6.6296475,46.20807560000002],[6.6294237,46.207688999999995],[6.6291633,46.2072609],[6.6290738,46.2070802]]},"properties":{"id":"0e36f04643ea9199fb9e3266bf22f1d2736b80ef","name_and_type":"Têtes (Quad - 06:20)","color":"hsl(0, 82%, 42%)","status":"operating","skiAreas":["8f52a4cffc57a788e69b889d7b5c12197a606047"]}}
,
{"type":"Feature","geometry":{"type":"LineString","coordinates":[[6.5921612,46.21060220000001],[6.593485799999997,46.2104897],[6.5946951,46.2103735],[6.5959623,46.2102554],[6.5972463,46.21013430000002],[6.598663600000003,46.2100554]]},"properties":{"id":"1b857837eba70182fdb289c93c64fa0900a3f6a3","name_and_type":"Follys 2 (Platter - 03:20)","color":"hsl(0, 82%, 42%)","status":"operating","skiAreas":["8f52a4cffc57a788e69b889d7b5c12197a606047"]}}
,
{"type":"Feature","geometry":{"type":"LineString","coordinates":[[6.760986599999995,46.2137817],[6.7614141,46.2136343],[6.7619466,46.2134466],[6.7633249,46.21297870000002],[6.7650538,46.21238520000002],[6.7684474,46.211224699999995],[6.7690313,46.2110242],[6.771328900000003,46.2102491],[6.7734068,46.20953410000001],[6.775193700000003,46.2089245],[6.7762135000000026,46.20857930000003],[6.777478700000001,46.20814320000002],[6.7777543,46.20804850000001],[6.778129100000003,46.20791660000001]]},"properties":{"id":"9064c1ef2bb7ad25a1ca35797bb9bf4b35b50a35","name_and_type":"Ardent (9p Gondola - 04:00)","color":"hsl(0, 82%, 42%)","status":"operating","skiAreas":["047f22907bcc1888d7c1836c647ea56b013f99db"]}}
,
{"type":"Feature","geometry":{"type":"LineString","coordinates":[[6.8501637,46.3053887],[6.850156799999997,46.30519370000001]]},"properties":{"id":"00d272d438b4455899ca47104bf5c5c38ccfe4ff","name_and_type":"Magic Carpet","color":"hsl(0, 82%, 42%)","status":"operating","skiAreas":["047f22907bcc1888d7c1836c647ea56b013f99db"]}}
,
{"type":"Feature","geometry":{"type":"LineString","coordinates":[[6.7902321000000025,46.2358777],[6.7885314999999995,46.234283]]},"properties":{"id":"02da9d839600ec29eb868ad54a9c9760dec7026d","name_and_type":"Pré la Joux (Magic Carpet)","color":"hsl(0, 82%, 42%)","status":"operating","skiAreas":["cd9575d80e0c47ed91caa814eae2093f13bc9e67","047f22907bcc1888d7c1836c647ea56b013f99db"]}}
,
{"type":"Feature","geometry":{"type":"LineString","coordinates":[[6.774187199999997,46.19218150000001],[6.7738764000000025,46.19239340000002]]},"properties":{"id":"7b52709883384d2bd5e19d8b7ce592d87cc373e6","name_and_type":"Dromonts 1 (Drag lift)","color":"hsl(0, 82%, 42%)","status":"operating","skiAreas":["047f22907bcc1888d7c1836c647ea56b013f99db"]}}
,
{"type":"Feature","geometry":{"type":"LineString","coordinates":[[6.7742456,46.19222190000002],[6.7739367,46.19243510000003]]},"properties":{"id":"abd52c2723b589ed7367e4f320af96ebe21fe52a","name_and_type":"Dromonts 2 (Platter)","color":"hsl(0, 82%, 42%)","status":"operating","skiAreas":["047f22907bcc1888d7c1836c647ea56b013f99db"]}}
,
{"type":"Feature","geometry":{"type":"LineString","coordinates":[[6.7739367,46.19243510000003],[6.773872200000001,46.19247960000001],[6.7733362,46.19284370000001],[6.773143100000003,46.19330410000001]]},"properties":{"id":"78ca5877b4eb7cebc5e6b0074b724d9d411f8d33","name_and_type":"Dromonts 2 (Platter)","color":"hsl(0, 82%, 42%)","status":"operating","skiAreas":["047f22907bcc1888d7c1836c647ea56b013f99db"]}}
,
{"type":"Feature","geometry":{"type":"LineString","coordinates":[[6.7738764000000025,46.19239340000002],[6.773815,46.192435200000034],[6.773267600000003,46.192798800000034],[6.7729873,46.19326020000001]]},"properties":{"id":"1b5e3d6ea651b7b36ab287baada16fd592e2ab40","name_and_type":"Dromonts 1 (Drag lift)","color":"hsl(0, 82%, 42%)","status":"operating","skiAreas":["047f22907bcc1888d7c1836c647ea56b013f99db"]}}
,
{"type":"Feature","geometry":{"type":"LineString","coordinates":[[6.779570300000001,46.1801047],[6.7791362,46.177969399999995],[6.7803329,46.17601220000003],[6.781367100000004,46.1731205]]},"properties":{"id":"05f34a4ab21a77998c270d4c6f7afa1528e073a9","name_and_type":"Arare 2 (Drag lift)","color":"hsl(0, 82%, 42%)","status":"operating","skiAreas":["047f22907bcc1888d7c1836c647ea56b013f99db"]}}
,
{"type":"Feature","geometry":{"type":"LineString","coordinates":[[6.7944225,46.19549260000002],[6.7953592,46.19507640000001],[6.7968741999999995,46.1944007],[6.7989554,46.19347260000002],[6.8001211999999995,46.192952700000035],[6.8030574999999995,46.1916432],[6.8039696,46.1912364],[6.804615499999997,46.19094830000003],[6.8050616,46.1907494],[6.8056944999999995,46.1904671],[6.807155299999995,46.1898156],[6.807413899999997,46.18970020000001],[6.809115499999997,46.1889413],[6.8108211999999995,46.1881806],[6.812685199999997,46.1873492],[6.8146767,46.186460999999994],[6.815852899999997,46.18593630000002],[6.8162753,46.18574570000001]]},"properties":{"id":"0fbe3d83e2e38e8d39942c1caba3d992ea4240de","name_and_type":"Cases (6p Chairlift - 07:00)","color":"hsl(0, 82%, 42%)","status":"operating","skiAreas":["047f22907bcc1888d7c1836c647ea56b013f99db"]}}
,
{"type":"Feature","geometry":{"type":"LineString","coordinates":[[6.7043744,46.1521716],[6.7046307,46.15211280000003],[6.705435299999998,46.1519286],[6.707116499999997,46.1515548],[6.708829600000001,46.1511627],[6.7101467999999995,46.1508725],[6.711228600000003,46.150624199999996],[6.713139,46.1501966],[6.7133956,46.15014030000001]]},"properties":{"id":"09e5af6740df7410224d6058591d69ab668ea8ba","name_and_type":"Troncs Express (Chairlift - 04:15)","color":"hsl(0, 82%, 42%)","status":"operating","skiAreas":["047f22907bcc1888d7c1836c647ea56b013f99db"]}}
,
{"type":"Feature","geometry":{"type":"LineString","coordinates":[[6.622064599999995,46.21492739999999],[6.623583799999997,46.2156485],[6.6260514,46.21665810000001],[6.628235199999997,46.2176749]]},"properties":{"id":"7760ed60c050b62af41ed4fdc695629b405f70d3","name_and_type":"Lac (Platter - 03:10)","color":"hsl(0, 82%, 42%)","status":"operating","skiAreas":["8f52a4cffc57a788e69b889d7b5c12197a606047"]}}
,
{"type":"Feature","geometry":{"type":"LineString","coordinates":[[6.8537506,46.29005550000002],[6.8536738,46.29015350000003],[6.853405799999997,46.29049610000001],[6.8527024,46.29139480000001],[6.8523384999999974,46.29185980000001],[6.852316299999996,46.29188830000001],[6.852166299999998,46.29207990000003]]},"properties":{"id":"d98bc5aab8c5540097e572b2744957f6dfccf9a7","name_and_type":"Douanier (Platter)","color":"hsl(0, 82%, 42%)","status":"operating","skiAreas":["047f22907bcc1888d7c1836c647ea56b013f99db"]}}
,
{"type":"Feature","geometry":{"type":"LineString","coordinates":[[6.687330499999997,46.2668054],[6.6907381,46.26873930000004]]},"properties":{"id":"09fb83029eb815b5ffd024abd0bfea09855d89df","name_and_type":"Follys (Platter)","color":"hsl(0, 82%, 42%)","status":"operating","skiAreas":["d3d69f021189f84fe11396cd2078f905ebd0beb9"]}}
,
{"type":"Feature","geometry":{"type":"LineString","coordinates":[[6.628358799999997,46.211054499999996],[6.6310332,46.21240620000001]]},"properties":{"id":"5882308c7f35e3243d2770d288982e4f8aa8a5d2","name_and_type":"Lanches (Platter - 01:50)","color":"hsl(0, 82%, 42%)","status":"operating","skiAreas":["8f52a4cffc57a788e69b889d7b5c12197a606047"]}}
,
{"type":"Feature","geometry":{"type":"LineString","coordinates":[[6.7924917,46.2184935],[6.792363700000003,46.2188843],[6.792268100000003,46.2191812],[6.7922373,46.21927200000001],[6.791842200000001,46.22052010000002],[6.791630100000003,46.22117330000003],[6.791243100000005,46.222372100000044],[6.7907443,46.223912600000034],[6.790396100000002,46.22499370000001],[6.7899362,46.22640530000003],[6.789657700000003,46.22727800000001],[6.789286900000001,46.22842400000001],[6.788869100000003,46.22971570000004],[6.7883817,46.2312212],[6.788273200000003,46.23156510000001],[6.7882553,46.23162],[6.788180899999998,46.2318407]]},"properties":{"id":"6548b06124b4736c11d8d0d24d3b727502fb7701","name_and_type":"Pierre Longue (6p Chairlift - 04:30)","color":"hsl(0, 82%, 42%)","status":"operating","skiAreas":["047f22907bcc1888d7c1836c647ea56b013f99db"]}}
,
{"type":"Feature","geometry":{"type":"LineString","coordinates":[[6.821379,46.2542772],[6.821310799999997,46.2539778],[6.8212927000000025,46.2538958],[6.821279000000001,46.253821599999995],[6.8212317,46.2535596],[6.8209427,46.25210510000002],[6.820732799999997,46.251129],[6.8204787,46.24995540000001],[6.820394199999997,46.2495696],[6.820364,46.2494194],[6.820303,46.24910360000001],[6.8199999,46.2476527],[6.8197947,46.246767399999996],[6.819763200000002,46.24661390000002],[6.819517799999997,46.24547730000001],[6.8193897,46.24488699999999],[6.819015499999997,46.2430714],[6.8187097,46.2416658],[6.8183436,46.23991780000002],[6.8183047,46.23972490000001],[6.8182223,46.23933710000002],[6.8181227999999985,46.23885050000001]]},"properties":{"id":"9795e95a700910ad1e9aea0088d209178f755b0f","name_and_type":"Linga (10p Gondola)","color":"hsl(0, 82%, 42%)","status":"operating","skiAreas":["047f22907bcc1888d7c1836c647ea56b013f99db"]}}
,
{"type":"Feature","geometry":{"type":"LineString","coordinates":[[6.8598107,46.26641720000002],[6.862186499999995,46.26605470000001]]},"properties":{"id":"f91f45f62747ea2f8b5e851b164f5fb36a456486","name_and_type":"Lac (Drag lift)","color":"hsl(0, 82%, 42%)","status":"operating","skiAreas":["047f22907bcc1888d7c1836c647ea56b013f99db"]}}
,
{"type":"Feature","geometry":{"type":"LineString","coordinates":[[6.6485031,46.2848408],[6.646397700000001,46.28393000000001]]},"properties":{"id":"5769d1d8eae64d7172f1cf4671d8a9233c669442","name_and_type":"Joux (Magic Carpet)","color":"hsl(0, 82%, 42%)","status":"operating","skiAreas":["311a9a46ab4f52c89ec5d37896d3b2b1a95aa44c"]}}
,
{"type":"Feature","geometry":{"type":"LineString","coordinates":[[6.592190599999998,46.147826099999996],[6.5907238,46.14451090000002]]},"properties":{"id":"c0198a52b71494d8930f112623e6c754bf582cab","name_and_type":"Chevaly 2 (Platter)","color":"hsl(0, 82%, 42%)","status":"operating","skiAreas":["17a2aed27cfa6b593c5df9770900555623db6adf"]}}
,
{"type":"Feature","geometry":{"type":"LineString","coordinates":[[6.8468603,46.2704377],[6.847075299999997,46.27043000000001],[6.847171199999997,46.2704265],[6.848386599999998,46.2703891],[6.8506663,46.27030320000002],[6.8535597,46.2702061],[6.8555049999999955,46.27013460000001],[6.8573821,46.27007580000002],[6.8596241000000004,46.2700015],[6.8610881999999975,46.26994430000001],[6.8614236,46.26993400000001],[6.8616874,46.26992480000001],[6.8622244,46.26990770000001],[6.862329999999997,46.2699044],[6.8626264999999975,46.26989580000002]]},"properties":{"id":"3e6430fa1862887f9c54819589780322a47d02ce","name_and_type":"Conches (6p Chairlift)","color":"hsl(0, 82%, 42%)","status":"operating","skiAreas":["047f22907bcc1888d7c1836c647ea56b013f99db"]}}
,
{"type":"Feature","geometry":{"type":"LineString","coordinates":[[6.779451100000003,46.1872381],[6.779603800000003,46.18631900000001],[6.7798135,46.185024],[6.7800351,46.1836739],[6.7800829,46.18313690000002],[6.780272200000002,46.1822813],[6.7804749,46.1808984],[6.7807019,46.179480999999996],[6.7808361999999995,46.1787414],[6.781007400000003,46.17765830000001],[6.781295300000003,46.17583730000001],[6.781445300000002,46.17488839999999],[6.781746800000001,46.1731265],[6.7819242,46.1720686],[6.782052,46.1712628],[6.782134799999997,46.1708982]]},"properties":{"id":"9ea3f9193495b8be713fa0209307f9d0e37c4372","name_and_type":"Lac-Intrêts (6p Chairlift)","color":"hsl(0, 82%, 42%)","status":"operating","skiAreas":["047f22907bcc1888d7c1836c647ea56b013f99db"]}}
,
{"type":"Feature","geometry":{"type":"LineString","coordinates":[[6.6862572,46.147344399999994],[6.6864751,46.14677200000001],[6.6867036,46.1461895],[6.6868594,46.14574380000001]]},"properties":{"id":"b8ca6f30b962202c21ce79f2f701ea57936bcee4","name_and_type":"Telecorde Mouille au Blé (Ropetow)","color":"hsl(0, 82%, 42%)","status":"operating","skiAreas":["047f22907bcc1888d7c1836c647ea56b013f99db"]}}
,
{"type":"Feature","geometry":{"type":"LineString","coordinates":[[6.711856,46.1579081],[6.7119134,46.1573418]]},"properties":{"id":"f0c6d54b9f2f19d439a2dadd0a8e43d90b422139","name_and_type":"Magic Carpet","color":"hsl(0, 82%, 42%)","status":"operating","skiAreas":["047f22907bcc1888d7c1836c647ea56b013f99db"]}}
,
{"type":"Feature","geometry":{"type":"LineString","coordinates":[[6.8327418,46.25882520000001],[6.8326767,46.25850050000001]]},"properties":{"id":"ec3dd8140c7c89409a2e41528c006bb35a0a915a","name_and_type":"Magic Carpet","color":"hsl(0, 82%, 42%)","status":"operating","skiAreas":["cd9575d80e0c47ed91caa814eae2093f13bc9e67","047f22907bcc1888d7c1836c647ea56b013f99db"]}}
,
{"type":"Feature","geometry":{"type":"LineString","coordinates":[[6.708699100000003,46.184293499999995],[6.709229200000003,46.1844706]]},"properties":{"id":"59f7146e38b68185420dfaecd810440957f6ec61","name_and_type":"Le Morenza (4p Gondola)","color":"hsl(0, 82%, 42%)","status":"operating","skiAreas":["047f22907bcc1888d7c1836c647ea56b013f99db"]}}
]}
