{"type": "FeatureCollection", "features":[
{"type":"Feature","properties":{"type":"run","id":"9bc19b88db7cae37d898a4781d70c5593c2d5d3c","uses":["hike"],"name":"guineu","ref":null,"description":"Snowshoe trail","difficulty":null,"convention":"europe","status":"operating","oneway":null,"lit":null,"gladed":null,"patrolled":null,"grooming":null,"color":"hsl(0, 0%, 35%)","colorName":"grey","skiAreas":[],"elevationProfile":{"heights":[2075.076943014408,2074.0084755235243,2074.5585790984846,2072.749825549553,2069.168389664021,2065.621676304187,2059.883667537337,2051.8552848450704,2048.4653506983286,2045.9883153932522,2041.816321102542,2037.5274303708711,2032.6516598654966,2029.0784868737644,2027.7422614885957,2025.0727538712772,2022.2112613784807,2019.5729676932197,2015.9468115614702,2013.3902928507157,2008.6516637694613,2005.3127699602935,2003.3363001211346,2001.6635211334437,1996.6622202649373,1990.8748803533394,1986.4140521026566,1982.989041399594,1985.4757832569626,1984.8886343043375,1979.3656042956325,1970.4937508209496,1965.2722148789326,1965.185443588417,1966.8713886061207,1965.6303988290135,1963.859921962425,1962.4872282224662,1960.3091450163154,1955.1575742128393,1950.7512510814088,1948.4326543203163,1948.1900438115613,1946.5107476602795,1943.3014362139354,1940.9977454826121,1938.9180137376018,1937.1800298427652,1935.8226683995406,1933.8851294175627,1930.5977569006293,1927.3975330825501,1923.9994100264387,1922.8603719836742,1922.3394616102014,1921.928682968,1920.8570632124834,1920.453179325044,1918.397468106189,1914.5331750834778,1911.4701791331163,1909.112576860467,1904.6011448369904,1903.2624004543345],"resolution":25},"sources":[{"type":"openstreetmap","id":"relation/17072271"}],"location":null,"websites":[]},"geometry":{"type":"LineString","coordinates":[[1.4747228,42.5303034,2075.076943014408],[1.4748796999999998,42.5304547,2073.629138804802],[1.47494,42.5305565,2075.219400000011],[1.4750755,42.530692800000004,2074.403661888023],[1.4751439,42.5307462,2073.807202425622],[1.4753275999999997,42.5308371,2072.5710478784135],[1.4756467999999998,42.5309448,2068.328695091193],[1.4760061999999998,42.5310832,2061.81181857286],[1.4763293999999998,42.5311712,2053.369091635113],[1.4767223999999999,42.531223499999996,2048.333477888084],[1.4772802999999999,42.531353,2041.910707455959],[1.4776516999999998,42.5314321,2036.5077199998875],[1.4782216999999997,42.5315408,2028.8549999999939],[1.4785114,42.531656399999996,2027.3959200000156],[1.4793683999999998,42.5318165,2019.0274261440752],[1.4798457999999999,42.5319104,2013.8065510143595],[1.4809333999999998,42.532167300000005,2002.4639333470218],[1.4820586,42.53243220000001,1984.8623871163418],[1.4832401,42.5326545,1975.8629318720136],[1.4843935,42.53293120000001,1966.9537045118639],[1.4849607999999999,42.533124,1963.1431521279987],[1.4852919999999998,42.533456,1959.1336396799807],[1.4856607999999998,42.5338543,1949.4810655871786],[1.4860282999999999,42.5341517,1948.3980681167998],[1.4863393999999999,42.53426339999999,1945.5898302464666],[1.4870837,42.5345174,1938.9235333696306],[1.4874672999999998,42.5346093,1936.8388866032033],[1.4881311,42.5346587,1932.3506081871972],[1.4888151,42.5346982,1924.8198925471984],[1.4893421999999998,42.5347605,1922.4915157279918],[1.4898114999999998,42.5347881,1921.831520000002],[1.4903802,42.5349433,1920.4271600000072],[1.4907541999999998,42.535122400000006,1916.407190476732],[1.4911661999999997,42.53532320000001,1911.180029286296],[1.4913229,42.535408800000006,1909.7104676991291],[1.4915710999999998,42.53570620000001,1903.2624004543345]]}}
,
{"type":"Feature","properties":{"type":"run","id":"d4e95cf3da00994e88d161a499f1ed5804dad46b","uses":["downhill"],"name":"Cami Inferior","ref":null,"description":null,"difficulty":"easy","convention":"europe","status":"operating","oneway":true,"lit":null,"gladed":null,"patrolled":null,"grooming":null,"color":"hsl(208, 100%, 33%)","colorName":"blue","skiAreas":[{"type":"Feature","properties":{"type":"skiArea","name":"Pal-Arinsal","sources":[{"type":"openstreetmap","id":"relation/4638280"}],"activities":[],"generated":false,"status":"operating","websites":[],"runConvention":"north_america","location":null,"id":"5ecb06388006e4740e7ce8234e26d036ce85edb7"},"geometry":{"type":"Point","coordinates":[360,360,4638280]}}],"elevationProfile":{"heights":[2201.884559999936,2198.7310776165777,2193.3417981118732,2189.1981501386854,2186.7435685057794,2186.4447952574988],"resolution":25},"sources":[{"type":"openstreetmap","id":"relation/18502128"},{"type":"openstreetmap","id":"way/1348519493"}],"location":null,"websites":[]},"geometry":{"type":"LineString","coordinates":[[1.4592915999999996,42.530239800000004,2201.884559999936],[1.4595721,42.53015280000001,2198.745034764631],[1.4598344999999997,42.530133500000005,2193.8623414799235],[1.4601262999999998,42.5300272,2189.3721622656176],[1.4602705999999999,42.52991120000001,2187.476121062288],[1.4603642999999997,42.52981080000001,2186.4447952574988]]}}
,
{"type":"Feature","properties":{"type":"run","id":"d2e518ea451ec26049d419208aa05a78d2379b8d","uses":["downhill"],"name":"Cami Inferior","ref":null,"description":null,"difficulty":"easy","convention":"europe","status":"operating","oneway":true,"lit":null,"gladed":null,"patrolled":null,"grooming":null,"color":"hsl(208, 100%, 33%)","colorName":"blue","skiAreas":[{"type":"Feature","properties":{"type":"skiArea","name":"Pal-Arinsal","sources":[{"type":"openstreetmap","id":"relation/4638280"}],"activities":[],"generated":false,"status":"operating","websites":[],"runConvention":"north_america","location":null,"id":"5ecb06388006e4740e7ce8234e26d036ce85edb7"},"geometry":{"type":"Point","coordinates":[360,360,4638280]}}],"elevationProfile":{"heights":[2308.0212275199983,2310.453484147568,2311.48564909999,2313.0023675807765,2312.9866291337894,2311.014264282546,2307.851961088937,2307.0652962032486,2306.5535234419704,2304.2204994357317,2300.200603998583,2300.558025393827,2300.730048285285,2298.37654988605,2292.184173847942,2287.334312915792,2284.1971216069073,2280.2311464087907,2277.63330800252,2274.184437211351,2269.60374623679,2264.1239080137934,2259.8219283577832,2256.625912359589,2249.998819340532,2242.2419177065763,2235.0827954857255,2229.838497632251,2226.2897390870135,2219.3682356857285,2212.888586120046,2206.8366590624423,2204.525364159941,2202.871433231648,2199.4001498524967,2193.7678807102925,2186.5767094362564,2183.342647588528,2185.152328593475,2184.9375928920435,2182.1840723251285,2178.6295337880047,2174.9545133876436,2171.728287518278,2168.7769754317046,2166.3303677795975,2164.1971019185253,2160.398767849963,2156.3103892364165,2152.865420539724,2150.1627282134696,2148.2988239725373,2146.784132984892,2145.979802133888,2141.3355508511704,2133.9238874749776,2132.4308656679286,2131.5650955300675,2128.263341664505,2126.5319599998893],"resolution":25},"sources":[{"type":"openstreetmap","id":"relation/18502128"},{"type":"openstreetmap","id":"way/152826439"}],"location":null,"websites":[]},"geometry":{"type":"LineString","coordinates":[[1.4529364999999999,42.534928,2308.0212275199983],[1.4528191,42.534386,2312.123280000016],[1.4528335999999997,42.5338668,2311.8780799999813],[1.452882,42.533205,2306.980169599996],[1.4534846999999997,42.532411200000006,2301.004599999962],[1.4535679999999997,42.53234580000001,2300.5758399999395],[1.4539805,42.532021900000004,2291.5202757040424],[1.454003,42.532004300000004,2290.953162448043],[1.4554924999999999,42.53168439999999,2272.8367883203305],[1.4562836,42.5314154,2259.5775667327966],[1.4568947999999997,42.5312218,2246.9553109632348],[1.4576018999999998,42.5307748,2229.064798950355],[1.4580925999999998,42.53063230000001,2218.4770752991453],[1.4586009999999998,42.530475100000004,2207.1237199999623],[1.4592915999999996,42.530239800000004,2201.884559999936],[1.4598075,42.5302236,2192.9980372800114],[1.4600973,42.53030590000001,2185.559137652694],[1.4602826,42.53017820000001,2183.2950399998726],[1.4603642999999997,42.52981080000001,2186.4447952574988],[1.4607089999999998,42.529614300000006,2182.067458447848],[1.462175,42.529154000000005,2165.536191999778],[1.4625864,42.5290248,2161.6122113023353],[1.4633042999999997,42.528767800000004,2151.6093576414737],[1.4637343999999997,42.528589700000005,2148.329017625483],[1.4642429000000001,42.528335900000016,2146.00753582515],[1.4645428,42.52821510000001,2140.543997554973],[1.4650179,42.52814220000001,2132.3761599999134],[1.4654613999999997,42.52810470000001,2131.207128803134],[1.4658586999999998,42.528026700000005,2126.5319599998893]]}}
,
{"type":"Feature","properties":{"type":"run","id":"fea5daec0b373e599af713de1af852708da5ddd6","uses":["downhill"],"name":"El Planell","ref":null,"description":null,"difficulty":"novice","convention":"europe","status":"operating","oneway":true,"lit":null,"gladed":null,"patrolled":null,"grooming":null,"color":"hsl(125, 100%, 33%)","colorName":"green","skiAreas":[{"type":"Feature","properties":{"type":"skiArea","name":"Pal-Arinsal","sources":[{"type":"openstreetmap","id":"relation/4638280"}],"activities":[],"generated":false,"status":"operating","websites":[],"runConvention":"north_america","location":null,"id":"5ecb06388006e4740e7ce8234e26d036ce85edb7"},"geometry":{"type":"Point","coordinates":[360,360,4638280]}}],"elevationProfile":{"heights":[1920.9981999999125,1922.1329831807386,1923.7242202295856,1922.1676548522253,1917.9489815130141,1910.997170740694,1905.7147068021159,1902.6778353014415,1901.9844206998866,1901.89562152136,1901.6126922495887],"resolution":25},"sources":[{"type":"openstreetmap","id":"way/52112648"}],"location":null,"websites":[]},"geometry":{"type":"LineString","coordinates":[[1.4888793999999999,42.535000100000005,1920.9981999999125],[1.4892665999999997,42.534998,1922.718949183998],[1.4894290999999997,42.53501030000001,1923.813311700721],[1.4898302999999997,42.53522530000001,1920.7885999999203],[1.49011,42.535494,null],[1.4902559000000002,42.53575380000001,1904.796679999804],[1.4902559000000002,42.536076300000005,1902.135190203181],[1.4902476,42.5364238,1901.6126922495887]]}}
,
{"type":"Feature","properties":{"type":"run","id":"7ef32a04f9cf9445b8b305b64f05cda73f3253c8","uses":["downhill"],"name":"el Besurt II","ref":null,"description":null,"difficulty":"easy","convention":"europe","status":"operating","oneway":true,"lit":null,"gladed":null,"patrolled":null,"grooming":null,"color":"hsl(208, 100%, 33%)","colorName":"blue","skiAreas":[{"type":"Feature","properties":{"type":"skiArea","name":"Pal-Arinsal","sources":[{"type":"openstreetmap","id":"relation/4638280"}],"activities":[],"generated":false,"status":"operating","websites":[],"runConvention":"north_america","location":null,"id":"5ecb06388006e4740e7ce8234e26d036ce85edb7"},"geometry":{"type":"Point","coordinates":[360,360,4638280]}}],"elevationProfile":{"heights":[2077.352356700772,2075.5434427098317,2074.58460061188,2073.1713191383246,2066.3258189493176,2058.901721765933,2051.2852012280714,2043.573587725837,2037.0912360222467,2033.2175414605401,2029.1504871146606,2023.1358537229216,2014.2553640594335,2003.9740960219365,1997.2010970453755,1994.4240228830088,1991.9591775923886,1986.1560113070661,1978.9849689107632,1972.6898730641935,1965.7623668287924,1958.1327605494942,1951.7108909838403,1948.2594912054474,1946.2196784546882,1942.3179845544807,1938.2757867211574,1933.9406841932507,1932.0764305239936,1932.7453884825102,1930.990818994637,1926.6710179375107,1920.9321577705157,1913.834747006613,1910.0407189407051,1906.3190121120556,1902.29268042273,1897.7591033146966,1891.6312035282415,1884.0202504588283,1874.5459592824325,1865.1373873208631,1858.8204837579603,1851.4113373486553,1841.9642188933708,1832.544788071176,1822.9911773037768,1812.3756363039593,1803.4372353938988,1797.6985877657482,1793.7036768587966,1789.9704828319914],"resolution":25},"sources":[{"type":"openstreetmap","id":"way/52112651"}],"location":null,"websites":[]},"geometry":{"type":"LineString","coordinates":[[1.4741051,42.5306099,2077.352356700772],[1.4749234999999998,42.531130600000004,2069.9069917437905],[1.4754526,42.531407699999995,2053.8107205186257],[1.4760836,42.5317248,2036.2155200000245],[1.4771113999999999,42.532141700000004,2014.0465494750226],[1.4789091999999997,42.532802200000006,1974.7774912893137],[1.4810630999999999,42.533459,1937.1964399999792],[1.4826485,42.5340968,1919.8352329599813],[1.4837280999999998,42.5347347,1899.7433585071417],[1.4840782,42.535222100000006,1882.78688386852],[1.4843796999999999,42.5357667,1860.515591230282],[1.4843991999999997,42.5360964,1849.6794922496586],[1.4840685,42.53641890000001,1832.2224586637274],[1.4838739999999997,42.5367271,1816.7965199999799],[1.4839225999999996,42.5370998,1801.683051558392],[1.4842629999999999,42.5376659,1789.9704828319914]]}}
,
{"type":"Feature","properties":{"type":"run","id":"797439cbe2b22241da7c8ef0932af5cb4080b2d1","uses":["downhill"],"name":"la Capa","ref":null,"description":null,"difficulty":"advanced","convention":"europe","status":"operating","oneway":true,"lit":null,"gladed":null,"patrolled":null,"grooming":"classic","color":"hsl(0, 0%, 0%)","colorName":"black","skiAreas":[{"type":"Feature","properties":{"type":"skiArea","name":"Pal-Arinsal","sources":[{"type":"openstreetmap","id":"relation/4638280"}],"activities":[],"generated":false,"status":"operating","websites":[],"runConvention":"north_america","location":null,"id":"5ecb06388006e4740e7ce8234e26d036ce85edb7"},"geometry":{"type":"Point","coordinates":[360,360,4638280]}}],"elevationProfile":{"heights":[2534.5657064320576,2529.243741760039,2518.5486007840404,2509.4147046026446,2496.1280769295363,2482.9665391229105,2471.3436645244474,2461.476801435377,2456.045988396028,2450.838675951234,2445.45763219836,2436.4821850461726,2423.8125373591884,2413.936074024336,2399.750328006978,2385.783414314195,2375.981111043583,2364.9838633593586,2351.553508833254,2337.044148874702,2321.466591012896,2310.8975165877323,2300.020120997689,2286.9094868426387,2268.2725354405206,2259.460096134469,2252.3254690912836,2248.3384400038794,2245.278719202129,2243.45878323198],"resolution":25},"sources":[{"type":"openstreetmap","id":"way/52122469"}],"location":null,"websites":[]},"geometry":{"type":"LineString","coordinates":[[1.4533577,42.563449,2534.5657064320576],[1.4536926999999997,42.5638224,2518.622289638442],[1.4541545999999999,42.56399270000001,2501.418863189742],[1.4545833,42.5642606,2478.4057617377944],[1.4544785999999998,42.5644802,2464.0433051776827],[1.4541971999999999,42.564667299999996,2456.7242266177927],[1.4535139,42.564875300000004,2443.912527870187],[1.4529003999999999,42.565402500000005,2410.7363206396694],[1.4529061999999997,42.5657842,2385.646659353416],[1.4530717999999998,42.56595810000001,2376.377065615621],[1.4531003999999998,42.566050700000005,2372.5431498557987],[1.4536623999999998,42.566579600000004,2331.642647807742],[1.4539872999999999,42.566974200000004,2307.1165218941337],[1.4542017999999999,42.56734590000001,2282.59782186505],[1.4542699,42.567685399999995,2262.010385196982],[1.4543488,42.5678118,2256.453519999978],[1.4545290999999998,42.568100400000006,2248.969199091147],[1.454672,42.5685264,2243.45878323198]]}}
,
{"type":"Feature","properties":{"type":"run","id":"63c5017c1b285442cd97013854c27a5d926919cf","uses":["downhill"],"name":"les Marrades","ref":null,"description":null,"difficulty":"easy","convention":"europe","status":"operating","oneway":true,"lit":null,"gladed":null,"patrolled":null,"grooming":"classic","color":"hsl(208, 100%, 33%)","colorName":"blue","skiAreas":[{"type":"Feature","properties":{"type":"skiArea","name":"Pal-Arinsal","sources":[{"type":"openstreetmap","id":"relation/4638280"}],"activities":[],"generated":false,"status":"operating","websites":[],"runConvention":"north_america","location":null,"id":"5ecb06388006e4740e7ce8234e26d036ce85edb7"},"geometry":{"type":"Point","coordinates":[360,360,4638280]}}],"elevationProfile":{"heights":[1919.6270386623519,1917.2257766474986,1915.6245708009913,1912.5474333010718,1903.6833425725529,1897.2144787684301,1892.7348295019926,1890.7106551052802,1883.6109515380251,1878.333673089967,1877.6781465718896,1874.2289440636512,1873.0543805183493,1868.8393043769433,1860.971255426007,1855.0991339807238,1851.3821217662148,1847.9238885491122,1844.817442098889,1840.9161634615723,1835.2013372482222,1829.0729461987241,1825.616088789273,1815.9521898527964,1812.7957361683266,1805.18800431503,1798.3011942241155,1792.7090734886149,1783.0067324778684,1776.7694651280988,1775.3727319855493,1775.7327257779205,1772.9736499524795,1763.5444024444944,1754.4533304082936,1755.620040356806,1745.4573278351415,1732.8157749054003,1728.7000565794115,1730.6293605430092,1733.3869613804254,1721.0159512311502,1708.9241953236058,1701.4290549293949,1695.7850830606912,1693.558597692824,1681.5598197201348,1673.67725863809,1671.0740377186312,1668.8355000791387,1662.2269938880088,1658.5167122849728,1648.924164962822,1641.6301184538838,1643.5003755444254,1646.4018176475968,1643.055577370244,1635.487212038568,null,1625.0912618299105,1617.8673431996042,1612.032564158287,1608.7012670940144,1606.1982307930775,1600.3448593120693,1598.1832072147054,1602.8240554250715,1598.3279323872305,1588.2976314723326,1578.0358648930371,1578.7452534343715,1579.9815737839108,1571.8674670782627,1562.4009467133392,1558.24874316815],"resolution":25},"sources":[{"type":"openstreetmap","id":"way/52123917"}],"location":null,"websites":[]},"geometry":{"type":"LineString","coordinates":[[1.4702237999999999,42.574924599999996,1919.6270386623519],[1.4705775,42.575391,1915.8929992001006],[1.4707208999999999,42.5754698,1913.0414049856179],[1.4708235999999997,42.5754287,1908.1566758656963],[1.4708501,42.575200300000006,1902.2816580560545],[1.4709905999999997,42.5749921,1895.1001327230913],[1.4713409,42.5748828,1892.929174496097],[1.4719349999999998,42.574875999999996,1880.4020000000735],[1.4719559,42.574969499999995,1878.269376304098],[1.4716576,42.575145000000006,1877.4723142397552],[1.4715489999999998,42.575371000000004,1874.5754398399697],[1.4715635999999996,42.575645,1872.5972800000095],[1.4717175,42.5756409,1868.2967750799978],[1.4722144,42.575411700000004,1855.311383500749],[1.4727099,42.5753004,1849.6118786431487],[1.4728712999999998,42.5753217,1846.6841199999528],[1.4728952999999998,42.575431,1844.6781999999769],[1.4725994999999998,42.57574590000001,1839.3289621917008],[1.4725855,42.576030900000006,1831.8868016398476],[1.4726772,42.576301,1826.826722112009],[1.4728476,42.57631070000001,1820.1990009407812],[1.4732405999999998,42.5762335,1813.4490998079755],[1.4738618999999997,42.5761834,1799.1030049184826],[1.4743673,42.5760791,1787.8975955471592],[1.4746031,42.576137,1779.9738721119356],[1.4746161999999998,42.5762621,1776.8212540191798],[1.4742625,42.576638700000004,1775.634494599903],[1.474008,42.5767816,1772.876418560174],[1.4738155999999998,42.5771473,1755.3874195264063],[1.4735716999999997,42.577428,1755.5905352961086],[1.4736085999999997,42.5775449,1749.1761061280374],[1.4737946999999996,42.57753520000001,1738.494975346978],[1.4742851000000001,42.577307,1729.3261847841422],[1.4748090999999999,42.577111800000004,1732.402490130841],[1.4750035999999997,42.577104399999996,1724.2822744323921],[1.475017,42.5772201,1712.530742160176],[1.4747340999999998,42.5775166,1701.5111646622427],[1.4745795999999998,42.577708900000005,1695.863159999726],[1.474355,42.57793,1693.879191999899],[1.4743776,42.5780479,1686.9391357311374],[1.4745466999999999,42.5780571,1677.1234332526699],[1.4748488,42.5779221,1672.883085503892],[1.4752236999999997,42.5777426,1669.0316399999772],[1.4758421,42.5775135,1657.90581381587],[1.4759757999999998,42.577513700000004,1654.547375241333],[1.4759898999999999,42.577623599999995,1647.2960372546927],[1.4757166999999998,42.5778639,1642.2489191904947],[1.475453,42.5780824,1646.4432030720202],[1.4752252999999997,42.5783271,1642.2672387294638],[1.4752851,42.5784036,1638.558531974352],[1.4753965999999996,42.57841520000001,1635.654890572501],[1.4757892999999997,42.5782218,1629.4594889503724],[1.476202,42.57807030000001,1618.3207277757972],[1.4767929,42.5779004,1608.6387600001394],[1.4769838,42.5778196,1607.1143140224988],[1.4771651,42.5777036,1602.9743823168183],[1.4773151,42.5775938,1599.2862399999294],[1.4774976999999998,42.5774357,1598.728959999843],[1.4776782999999998,42.5773007,1602.837519687881],[1.4778130999999999,42.577240399999994,1602.247118649942],[1.4781338,42.57726399999999,1592.8191646724308],[1.4783795999999998,42.5772558,1584.1624564094532],[1.4785494,42.5772157,1578.2428947326084],[1.4787166999999999,42.5771248,1577.5507329408022],[1.4788795,42.576978100000005,1579.7506343757575],[1.4790046999999997,42.57690530000001,1579.995687633259],[1.4791316999999997,42.5768656,1578.6068097793093],[1.4792862999999998,42.57688949999999,1572.3545259842913],[1.4797451999999998,42.57706449999999,1558.24874316815]]}}
,
{"type":"Feature","properties":{"type":"run","id":"c9f70b2fe85f105565062c3b50d882af71bedc16","uses":["downhill"],"name":"Tub del Coll","ref":null,"description":null,"difficulty":"advanced","convention":"europe","status":"operating","oneway":true,"lit":null,"gladed":null,"patrolled":null,"grooming":"backcountry","color":"hsl(0, 0%, 0%)","colorName":"black","skiAreas":[{"type":"Feature","properties":{"type":"skiArea","name":"Pal-Arinsal","sources":[{"type":"openstreetmap","id":"relation/4638280"}],"activities":[],"generated":false,"status":"operating","websites":[],"runConvention":"north_america","location":null,"id":"5ecb06388006e4740e7ce8234e26d036ce85edb7"},"geometry":{"type":"Point","coordinates":[360,360,4638280]}}],"elevationProfile":{"heights":[2469.4375142880535,2465.1799162013567,2458.0334265199285,2446.992308894303,2434.3408907399835,2425.5514915595672,2412.513666949099,2399.3580488179796,2388.8353885097536,2378.3803449081324,2371.4038101301703,2363.3134952968976,2352.9412385247347,2339.6545627675373,2328.0257083153756,2320.547544219893,2316.6369320980093,2313.5278583183576,2312.423956601606],"resolution":25},"sources":[{"type":"openstreetmap","id":"way/52268017"}],"location":null,"websites":[]},"geometry":{"type":"LineString","coordinates":[[1.4462909,42.565811000000004,2469.4375142880535],[1.446632,42.5660265,2461.884943680007],[1.4468811999999998,42.5662165,2451.14528716791],[1.4471135,42.56631900000001,2440.6510950396832],[1.4473994999999997,42.566465,2428.351933199986],[1.4478202999999996,42.566603300000004,2409.895281219047],[1.4487025999999998,42.5667017,2377.6454799999706],[1.4491243999999996,42.566701900000005,2367.5770599743355],[1.4493361999999996,42.566737700000004,2361.534844847897],[1.4495342999999996,42.56691910000001,2350.0869258909397],[1.4497866999999998,42.5671095,2334.527342887967],[1.4500981999999998,42.5672366,2322.628879999979],[1.4504715,42.5673631,2316.895959847959],[1.4508617999999998,42.5674639,2312.423956601606]]}}
,
{"type":"Feature","properties":{"type":"run","id":"4ba3b77c70d99e46b72fb583e2cbb30a816aaf85","uses":["downhill"],"name":"Bony Vaques","ref":null,"description":null,"difficulty":"advanced","convention":"europe","status":"operating","oneway":true,"lit":null,"gladed":null,"patrolled":null,"grooming":null,"color":"hsl(0, 0%, 0%)","colorName":"black","skiAreas":[{"type":"Feature","properties":{"type":"skiArea","name":"Pal-Arinsal","sources":[{"type":"openstreetmap","id":"relation/4638280"}],"activities":[],"generated":false,"status":"operating","websites":[],"runConvention":"north_america","location":null,"id":"5ecb06388006e4740e7ce8234e26d036ce85edb7"},"geometry":{"type":"Point","coordinates":[360,360,4638280]}}],"elevationProfile":{"heights":[2452.359544428751,2442.3229218044685,2432.785274192657,2426.501493669153,2420.4763335614593,2413.276300124689,2406.632568113872,2393.22584885325,2378.473707417972,2369.056479020718,2355.847439333909,2343.346546098099,2328.899860375795,2314.286187308344,2304.0319414668043,2301.4477884343564,2300.1334257942544,2299.011937088031],"resolution":25},"sources":[{"type":"openstreetmap","id":"way/52692955"}],"location":null,"websites":[]},"geometry":{"type":"LineString","coordinates":[[1.4460145999999998,42.5680806,2452.359544428751],[1.4463791999999998,42.56819170000001,2439.3370338431046],[1.4467438,42.5682472,2429.2154169856103],[1.4472591999999997,42.56830280000001,2418.972872550444],[1.4477997999999996,42.56841390000001,2405.775908742276],[1.4482272999999999,42.5686176,2382.67568906238],[1.4488055999999998,42.5688213,2358.365851724754],[1.4490318999999998,42.56893240000001,2346.7953909245034],[1.4493588,42.568997200000005,2331.375859327853],[1.4496353999999998,42.5690435,2317.801498208021],[1.4500251,42.56905280000001,2303.9461203712594],[1.450718,42.5690073,2299.011937088031]]}}
,
{"type":"Feature","properties":{"type":"run","id":"821d17a1504b0c4baf6b34dd9fb972a456192238","uses":["downhill"],"name":"les Fonts","ref":null,"description":null,"difficulty":"easy","convention":"europe","status":"operating","oneway":true,"lit":null,"gladed":null,"patrolled":null,"grooming":null,"color":"hsl(208, 100%, 33%)","colorName":"blue","skiAreas":[{"type":"Feature","properties":{"type":"skiArea","name":"Pal-Arinsal","sources":[{"type":"openstreetmap","id":"relation/4638280"}],"activities":[],"generated":false,"status":"operating","websites":[],"runConvention":"north_america","location":null,"id":"5ecb06388006e4740e7ce8234e26d036ce85edb7"},"geometry":{"type":"Point","coordinates":[360,360,4638280]}}],"elevationProfile":{"heights":[2491.027359168031,2489.524132303445,2486.773576694271,2481.463790142474,2476.6101405517597,2474.6731861232784,2472.571849201883,2466.5276309617975,2456.1137986044914,2449.5728908378182,2442.507554308227,2436.0909276241764,2431.111618959015,2423.837120538499,2416.0354753868896,2407.7167472964943,2400.420280831515,2396.3048197535386,2390.509521126652,2381.750561989007,2369.6094428441234,2361.309510343291,2347.158403271739,2331.2796868421055,2320.4264397256607,2311.9062444015085,2305.1602233517087,2302.9654115488497,2303.138947704997,2303.763932132932,2304.957730587017,2303.1867871104546,2298.228896421121,2294.9321595115875,2291.002202684,2287.704209951752,2284.034778281086,2279.1493467038777,2273.924146616303,2270.3848651563276,2267.512199171902,2265.0603619630206,2260.007553996328,2255.294250329395,2248.7113603900225,2242.345057308985,2236.459228251018,2230.6317001292405,2226.155161429717,2221.759557816892,2215.990567064959,2210.5786220587925,2206.7747080753693,2201.4069804494648,2193.790504279698,2186.869920124587,2179.045881455436,2169.1976316507325,2161.597000702885,2156.7278790449254,2151.471603549192,2145.367239129237,2134.1993757679647,2125.078254101477,2116.9884359074167,2111.5064091355366,2106.0699308244502,2102.3988923470097,2099.8212098739436,2097.534573915219,2092.04700770574,2083.043453557375,2078.16691918311,2076.650095365446,2072.6975550873976,2062.457931759986,2051.0133638812054,2043.2989536551302,2038.8362088411477,2034.7916188380077,2025.3465191480582,2019.2936897910904,2019.0083795869716,2013.7109263856437,2006.424751274543,1999.3863404270187,1992.7485112001173,1985.3972427351314,1977.7626514454264,1970.0513265235415,1959.86189260943,1953.4908307847236,1946.651803495696,1941.02541051727,1937.0331192801984,1933.5926486502299,1931.7245506655984,1930.2594907168254,1930.0255200000006],"resolution":25},"sources":[{"type":"openstreetmap","id":"way/52692956"}],"location":null,"websites":[]},"geometry":{"type":"LineString","coordinates":[[1.4455355999999997,42.5662285,2491.027359168031],[1.4456829,42.5664094,2489.920166371196],[1.4457662999999996,42.566479,2487.0823326240134],[1.4457882999999998,42.5672935,2474.703959983993],[1.4459013999999997,42.5676917,2468.0262410144383],[1.4460145999999998,42.56795090000001,2456.1465534494114],[1.4460145999999998,42.5680806,2452.359544428751],[1.4460145999999998,42.568219500000005,2448.3380627358597],[1.4460899999999999,42.5684046,2442.1560214399733],[1.4460774,42.56859910000001,2436.5938876061887],[1.4460774,42.568784300000004,2432.5018399999053],[1.4461209,42.5688619,2430.3852156735643],[1.4461655,42.5689417,2427.721705495928],[1.4464671999999998,42.5690898,2418.722211609594],[1.4467311999999997,42.569191700000005,2410.432736678464],[1.4472591999999997,42.5692657,2398.0174601728368],[1.4477369999999998,42.569349100000004,2390.29542183996],[1.4481266999999998,42.56937680000001,2378.0943896575063],[1.4487176,42.5693861,2357.7065143936343],[1.4489439,42.56941390000001,2347.1705223921717],[1.4492833999999999,42.5694046,2329.8510776768],[1.4496227999999998,42.5694046,2318.7383602687905],[1.4501884,42.5693016,2304.578858137634],[1.4505024,42.56932390000001,2302.782674828838],[1.4507668999999999,42.569636100000004,2303.689960000014],[1.4513451999999998,42.56985830000001,2303.3145600000016],[1.4518606999999997,42.56997870000001,2295.690189945676],[1.4524263999999998,42.570099,2288.9871365119775],[1.4530801999999998,42.5701638,2280.2731235904357],[1.4537338999999998,42.5702564,2270.442999999982],[1.4541613999999998,42.5702935,2266.5662799999436],[1.4544631,42.5702935,2263.8762387439706],[1.4549497999999998,42.570334,2255.3666577280314],[1.4551294999999997,42.570349,2251.6253336800078],[1.4558083999999998,42.5704231,2237.495758841604],[1.4563725,42.5705364,2227.3698513599866],[1.4566381,42.5705897,2223.546921092798],[1.4572165,42.57071010000001,2212.1236000000017],[1.4578451,42.57086749999999,2202.825409159933],[1.4583102,42.5709416,2191.1787231487706],[1.4588005999999998,42.571108200000005,2178.1221819264993],[1.4592029,42.5711916,2164.7118111167624],[1.4597685999999996,42.571293399999995,2154.8782858302925],[1.4604852,42.5714138,2136.5774400000482],[1.4612522,42.571552600000004,2114.8710399999877],[1.4615539,42.571654499999994,2108.531597904048],[1.4618681999999996,42.5717378,2103.96152419202],[1.4622792999999998,42.5718913,2099.706977300807],[1.4627873,42.5720595,2092.915007343986],[1.4630784,42.57211310000001,2083.7814528381173],[1.4634047999999997,42.57217320000001,2078.1899552253863],[1.4640177,42.572274,2072.3811599999963],[1.4642311,42.5722812,2065.841089747211],[1.4644074,42.5722919,2058.3160279775843],[1.4645625,42.57231240000001,2052.712387999957],[1.4647185999999999,42.572327300000005,2047.3657327711699],[1.4648676999999999,42.572346,2044.256830367973],[1.4649997999999997,42.5723605,2041.5105584159828],[1.4651987999999998,42.57239250000001,2039.0139599999316],[1.4654610999999997,42.5724234,2035.483418860815],[1.4656976999999998,42.57241810000001,2029.4793910495564],[1.4659548999999998,42.57241080000001,2022.618589913503],[1.4661858,42.57243880000001,2019.4297196414561],[1.4664525000000002,42.5724901,2018.5268399999306],[1.4667742999999998,42.57258230000001,2011.9886399998097],[1.4671473,42.57271370000001,2002.1318209901665],[1.4675244999999997,42.572811800000004,1993.2547435838176],[1.4679033999999997,42.572901300000005,1983.4409462492738],[1.4682431999999999,42.572954900000006,1976.0254657277917],[1.4685195,42.5730026,1966.3883392159662],[1.4689063999999998,42.5730859,1956.3677859583897],[1.4691805999999998,42.5730534,1949.6574184832082],[1.4695473,42.57291590000001,1941.7281140815192],[1.4698539,42.5726802,1936.7301961439898],[1.4701501000000001,42.572617900000004,1932.9887407967842],[1.4702486,42.5726015,1932.2383567680026],[1.4703994999999999,42.5725764,1931.5618000000004],[1.4706909,42.57257220000001,1930.0255200000006]]}}
,
{"type":"Feature","properties":{"type":"run","id":"a4e19ac6280ab0e24f9b39aa5529296e51bcd63c","uses":["downhill"],"name":"la Solana","ref":null,"description":null,"difficulty":"easy","convention":"europe","status":"operating","oneway":true,"lit":null,"gladed":null,"patrolled":null,"grooming":null,"color":"hsl(208, 100%, 33%)","colorName":"blue","skiAreas":[{"type":"Feature","properties":{"type":"skiArea","name":"Pal-Arinsal","sources":[{"type":"openstreetmap","id":"relation/4638280"}],"activities":[],"generated":false,"status":"operating","websites":[],"runConvention":"north_america","location":null,"id":"5ecb06388006e4740e7ce8234e26d036ce85edb7"},"geometry":{"type":"Point","coordinates":[360,360,4638280]}}],"elevationProfile":{"heights":[2430.3852156735643,2426.561631126616,2425.132339431735,2423.0128666599903,2419.0866023291683,2413.2684112878387,2407.4964262609974,2402.2263898208835,2397.427214734805,2390.067373173675,2383.0642164963047,2378.6152255742268,2376.9508634393615,2371.733729022963,2367.036562158399,2362.5461526015615,2359.2745946724913,2357.4239987915744,2351.4833808627877,2345.65699006747,2341.0415893747668,2338.1496901529745,2332.8670302162727,2322.4732159260293,2315.4919475068455,2314.774085339408,2313.2799012428704,2309.4777857121107,2305.748523900063,2300.628123198055,2294.07947506129,2290.013150213343,2287.928554656683,2282.6342965057693,2274.766199828154,2269.0622823135895,2263.324785572673,2258.0611470000854,2255.3666577280314],"resolution":25},"sources":[{"type":"openstreetmap","id":"way/52692957"}],"location":null,"websites":[]},"geometry":{"type":"LineString","coordinates":[[1.4461209,42.5688619,2430.3852156735643],[1.4460145,42.5692524,2425.6316550079955],[1.4461292999999997,42.5694535,2423.9358146480395],[1.4468125,42.569526800000006,2413.244708000129],[1.4479745999999996,42.5698743,2389.1054848576837],[1.4485297999999998,42.5700462,2378.370834809612],[1.4490930999999998,42.570218000000004,2371.077652864135],[1.4495355999999997,42.5704017,2363.6439587391524],[1.4499298999999997,42.5705617,2358.801719999956],[1.4502115,42.5706802,2356.7421599999166],[1.4506217999999997,42.570781,2346.7490318398604],[1.4511851,42.5708461,2339.092794282934],[1.4519091999999996,42.570911300000006,2322.9933980355668],[1.4528264999999998,42.5709647,2313.398570503901],[1.4533576,42.5710061,2306.681705574318],[1.4537920999999998,42.5710595,2299.390599391901],[1.4542024,42.5711365,2291.465357696063],[1.4544759999999999,42.571178,2288.621290240153],[1.4547978,42.5712669,2286.1120866527153],[1.4548864,42.5712669,2283.7004811263173],[1.4549909999999997,42.5712609,2280.6366713759576],[1.4550151,42.5711898,2277.3435599999684],[1.4549829,42.571095,2274.8437790399885],[1.4548541999999998,42.5708343,2267.662853164858],[1.4548059,42.5706091,2262.035879999963],[1.4548381,42.5704965,2259.1524882159656],[1.4548782999999998,42.5704017,2257.286294094376],[1.4549497999999998,42.570334,2255.3666577280314]]}}
,
{"type":"Feature","properties":{"type":"run","id":"599e31cbd20ebda44c867dad6b2d1bf8068deb78","uses":["downhill"],"name":"Tub Estadi","ref":null,"description":null,"difficulty":"intermediate","convention":"europe","status":"operating","oneway":true,"lit":null,"gladed":null,"patrolled":null,"grooming":null,"color":"hsl(359, 94%, 53%)","colorName":"red","skiAreas":[{"type":"Feature","properties":{"type":"skiArea","name":"Pal-Arinsal","sources":[{"type":"openstreetmap","id":"relation/4638280"}],"activities":[],"generated":false,"status":"operating","websites":[],"runConvention":"north_america","location":null,"id":"5ecb06388006e4740e7ce8234e26d036ce85edb7"},"geometry":{"type":"Point","coordinates":[360,360,4638280]}}],"elevationProfile":{"heights":[2489.920166371196,2480.0712786126733,2468.828129557035,2456.5412554507466,2442.8898936667742,2430.689676839544,2422.084872115208,2411.7510071844076,2401.4944969198314,2391.698991121873,2381.7024364085855,2370.6258370892197,2357.8018852001464,2345.6101826001172,2333.2378486003813,2320.945406793359,2314.6461092447485,2309.5831226749,2303.1341057641803,2297.710040644696,2292.077652217039,2286.690084676133,2282.3970485205546,2280.0548810174623,2279.4327202687864],"resolution":25},"sources":[{"type":"openstreetmap","id":"way/52692959"}],"location":null,"websites":[]},"geometry":{"type":"LineString","coordinates":[[1.4456829,42.5664094,2489.920166371196],[1.4459179,42.5664624,2481.977571993609],[1.4461462999999999,42.56656230000001,2472.611799999856],[1.4463960999999999,42.5666097,2462.729192246392],[1.4467216999999997,42.5666918,2448.0445941024],[1.4470471999999999,42.566799800000005,2432.4362857727288],[1.4475961999999996,42.5670236,2413.112000000038],[1.4479068999999998,42.567247599999995,null],[1.4482308,42.5674286,2385.333038604812],[1.4486221,42.5676284,2368.256627571264],[1.4489989999999997,42.5678212,2349.3269600000303],[1.4493154,42.567889799999996,2336.096448972802],[1.4499298999999997,42.5678418,2315.781135731219],[1.4504108,42.5678933,2307.158803385582],[1.4510321999999998,42.5680864,2294.2778157568105],[1.4514761999999997,42.56811400000001,2286.416398784004],[1.4518696999999996,42.5680914,2281.418968332803],[1.4521161999999999,42.5679778,2279.4327202687864]]}}
,
{"type":"Feature","properties":{"type":"run","id":"d7cd8d7911f0c08da164a71d52cd4d05559511b1","uses":["downhill"],"name":"la Pala","ref":null,"description":null,"difficulty":"intermediate","convention":"europe","status":"operating","oneway":true,"lit":null,"gladed":null,"patrolled":null,"grooming":null,"color":"hsl(359, 94%, 53%)","colorName":"red","skiAreas":[{"type":"Feature","properties":{"type":"skiArea","name":"Pal-Arinsal","sources":[{"type":"openstreetmap","id":"relation/4638280"}],"activities":[],"generated":false,"status":"operating","websites":[],"runConvention":"north_america","location":null,"id":"5ecb06388006e4740e7ce8234e26d036ce85edb7"},"geometry":{"type":"Point","coordinates":[360,360,4638280]}}],"elevationProfile":{"heights":[2488.6681338801227,2482.316849858788,2474.5425284389307,2468.268589926763,2463.7859071696575,2463.0318015172284,2462.624482487824,2459.994443982714,2451.9764251465444,2442.5046800081177,2430.4322650743416,2419.3198175519324,2410.282763458673,2402.878832793788,2394.324863498543,2385.9681947348254,2379.1007286957147,2369.889353720056,2359.1386155785276,2347.600355580947,2333.557298018179,2324.177848343076,2316.8937831209573,2310.941661350166,2302.9291553487415,2292.3460535272225,2285.808584731661,2282.2070542187694,2279.4327202687864],"resolution":25},"sources":[{"type":"openstreetmap","id":"way/52692960"}],"location":null,"websites":[]},"geometry":{"type":"LineString","coordinates":[[1.4456114999999998,42.56619310000001,2488.6681338801227],[1.4457938999999997,42.56610320000001,2484.39696000017],[1.4462478,42.565833600000005,2470.542022809643],[1.4462909,42.565811000000004,2469.4375142880535],[1.4464577,42.56572370000001,2465.8706703888524],[1.4466375,42.565649900000004,2463.3169866000044],[1.4467695999999997,42.565586800000005,2462.8332776447714],[1.44681,42.5655696,2462.8956441599744],[1.4470718999999999,42.5654577,2462.757880310379],[1.4472232999999997,42.56541690000001,2462.4877702223],[1.4474113999999998,42.565453600000005,2460.126866764711],[1.4476231999999996,42.56555420000001,2453.9376262653545],[1.4478818999999998,42.565625100000005,2445.3100301150125],[1.4483654,42.5657446,2425.835999999934],[1.4487664999999998,42.5657665,2413.093974919918],[1.4490667999999998,42.56579390000001,2405.4101974588007],[1.4492899,42.565843,2399.0249599999697],[1.4494913999999997,42.565890700000004,2393.2612098590666],[1.4497259999999996,42.56597020000001,2386.0593980156573],[1.4499344999999997,42.5660895,2380.368509520133],[1.4500640999999999,42.5661976,2374.969821132701],[1.4502291999999997,42.5664613,2361.434596844791],[1.4503285,42.56677690000001,2344.343868951511],[1.4504246999999997,42.567030900000006,2329.5895810605316],[1.4505921999999998,42.567252700000004,2319.777628524659],[1.4508617999999998,42.5674639,2312.423956601606],[1.4512591,42.5678084,2294.194377312051],[1.4516836999999998,42.567966,2283.8247904320183],[1.4521161999999999,42.5679778,2279.4327202687864]]}}
,
{"type":"Feature","properties":{"type":"run","id":"3dcaa6be7b8f34c320a7b5be4821fab81bd922e6","uses":["downhill"],"name":"la Tossa","ref":null,"description":null,"difficulty":"intermediate","convention":"europe","status":"operating","oneway":true,"lit":null,"gladed":null,"patrolled":null,"grooming":null,"color":"hsl(359, 94%, 53%)","colorName":"red","skiAreas":[{"type":"Feature","properties":{"type":"skiArea","name":"Pal-Arinsal","sources":[{"type":"openstreetmap","id":"relation/4638280"}],"activities":[],"generated":false,"status":"operating","websites":[],"runConvention":"north_america","location":null,"id":"5ecb06388006e4740e7ce8234e26d036ce85edb7"},"geometry":{"type":"Point","coordinates":[360,360,4638280]}}],"elevationProfile":{"heights":[2185.67234000956,2181.666625482108,2175.357161254152,2172.3683021890492,2169.359522514349,2165.0007229116627,2157.339702008667,2151.6799408546926,2145.3771604097838,2137.002257012103,2134.964688124663,2134.589971463792,2131.4150281557186,2124.407137890755,2117.339343895828,2109.275483882439,2102.4094014221264,2100.0776197592763,2098.408093764461,2096.1944142959733,2090.8539953800905,2084.596523005413,2080.124683213029,2076.466261983464,2067.8865349262264,2058.471818081587,2055.5212267996526,2048.937348672556,2035.5769776675813,2026.6166034832092,2022.2171740293372,2018.8227423598994,2012.4188971629396,2004.9239273883668,1993.198301889589,1982.1513947140895,1973.820609381558,1962.1241526155682,1946.8676913324648,1936.3411572527466,1932.5835345886705,1932.5767631039882],"resolution":25},"sources":[{"type":"openstreetmap","id":"way/52692962"}],"location":null,"websites":[]},"geometry":{"type":"LineString","coordinates":[[1.4591641999999996,42.5690747,2185.67234000956],[1.4600357,42.56925520000001,2172.4680799998887],[1.4606165,42.569357100000005,2165.531752543899],[1.4611387999999998,42.56951690000001,2152.5397968125876],[1.4615161999999997,42.56963590000001,2144.411615046034],[1.4618539999999998,42.5697747,2135.471552351968],[1.4622631,42.5699637,2134.7192560814924],[1.4626504,42.5701646,2128.2479015680615],[1.4631608999999999,42.570409,2113.3246000000636],[1.4637705999999997,42.5707641,2100.000430915238],[1.4642298999999999,42.5709473,2096.8467031647974],[1.4643544,42.5709811,2095.454800921659],[1.4647865,42.5710984,2085.840926592138],[1.4651291999999996,42.571128900000005,2080.840627430185],[1.4658775,42.571195700000004,2065.0388213198075],[1.4666096999999998,42.571338000000004,2050.4008106557662],[1.4674223999999998,42.5715098,null],[1.4681787,42.571705300000005,2011.2950061086215],[1.4686535,42.5718239,1995.0738268881014],[1.4692021,42.5719947,1976.0866781553002],[1.4695095999999996,42.572134600000005,1962.6551199998034],[1.4699882999999998,42.572292700000006,1938.4270666271273],[1.4702194,42.57253550000001,1932.5767631039882]]}}
,
{"type":"Feature","properties":{"type":"run","id":"bf27c8afe048affefe93040441961bf669310565","uses":["downhill"],"name":"Estadi","ref":null,"description":null,"difficulty":"intermediate","convention":"europe","status":"operating","oneway":true,"lit":null,"gladed":null,"patrolled":null,"grooming":null,"color":"hsl(359, 94%, 53%)","colorName":"red","skiAreas":[{"type":"Feature","properties":{"type":"skiArea","name":"Pal-Arinsal","sources":[{"type":"openstreetmap","id":"relation/4638280"}],"activities":[],"generated":false,"status":"operating","websites":[],"runConvention":"north_america","location":null,"id":"5ecb06388006e4740e7ce8234e26d036ce85edb7"},"geometry":{"type":"Point","coordinates":[360,360,4638280]}}],"elevationProfile":{"heights":[2094.4955955807895,2087.0973074432427,2078.99410288184,2070.0993756168373,2061.1025210706985,2053.393122134871,2046.1746309639257,2039.706389190349,2033.3727678785585,2025.6584901088886,2018.8150893326022,2013.713116341518,2007.801834635286,2004.7312435292572,1995.8506101305602,1981.1063955879,1972.0770622701373,1965.0694198051654,1956.0243819272823,1943.7587862343673,1934.307933660544,1933.2083510783932],"resolution":25},"sources":[{"type":"openstreetmap","id":"way/52692963"}],"location":null,"websites":[]},"geometry":{"type":"LineString","coordinates":[[1.4643346999999998,42.5710361,2094.4955955807895],[1.4648792999999998,42.5712921,2077.9857475535746],[1.4652963999999997,42.5714506,2064.0137736064667],[1.4657434999999999,42.5715851,2051.8028863520003],[1.4663844,42.5717161,2037.7998841663182],[1.4669221,42.571802,2024.0486992640374],[1.4676273999999998,42.5719091,2010.5764294144233],[1.4682705999999999,42.572031800000005,1998.5525773054624],[1.4686891,42.57212690000001,1979.3370143980744],[1.4689075999999999,42.572176600000006,1972.548263206166],[1.4691376999999999,42.5722447,1966.7528833248364],[1.4694301999999997,42.57230190000001,1959.417418310174],[1.4696862999999998,42.572402200000006,1947.329163942262],[1.4701516,42.5725472,1933.2083510783932]]}}
,
{"type":"Feature","properties":{"type":"run","id":"2143c119b138a7ad51e42649f8ba86f39f1c0eef","uses":["snow_park"],"name":"Planelles","ref":null,"description":null,"difficulty":"easy","convention":"europe","status":"operating","oneway":null,"lit":null,"gladed":null,"patrolled":null,"grooming":null,"color":"hsl(208, 100%, 33%)","colorName":"blue","skiAreas":[{"type":"Feature","properties":{"type":"skiArea","name":"Pal-Arinsal","sources":[{"type":"openstreetmap","id":"relation/4638280"}],"activities":[],"generated":false,"status":"operating","websites":[],"runConvention":"north_america","location":null,"id":"5ecb06388006e4740e7ce8234e26d036ce85edb7"},"geometry":{"type":"Point","coordinates":[360,360,4638280]}}],"elevationProfile":{"heights":[2301.0023017856547,2299.5088967533275,2297.7528882520696,2294.1412269288935,2289.042073964148,2281.5775074308754,2275.089765191991,2272.2364317066713,2268.935754608097,2264.6016393493833,2259.6647398027794,2256.3811575959244,2252.6792510605455,2247.8904661287725,2241.9744071353393,2236.952494183325,2234.2992172456993,2231.136103490051,2228.6087713928937,2228.8976708134437,2229.251755712055],"resolution":25},"sources":[{"type":"openstreetmap","id":"way/52692964"}],"location":null,"websites":[]},"geometry":{"type":"LineString","coordinates":[[1.4508095999999997,42.569248300000005,2301.0023017856547],[1.4513703999999998,42.56913610000001,2297.928897049901],[1.4519612999999996,42.569117600000006,2290.215712576163],[1.452351,42.5690805,2280.472234879994],[1.4529795999999997,42.56910830000001,2271.705409574424],[1.4537464999999998,42.569200900000006,2260.869547176053],[1.4544757,42.569349100000004,2251.71229863523],[1.4548276999999998,42.569432400000004,2245.5586706816543],[1.4550665999999997,42.56945090000001,2240.6599720225095],[1.4554185999999998,42.5695435,2235.790545808045],[1.4556448999999998,42.5695805,2233.9469185440244],[1.4559591999999997,42.5695898,2229.9672000001096],[1.4561604,42.5696639,2228.5181353024677],[1.4563595999999999,42.5699114,2229.251755712055]]}}
,
{"type":"Feature","properties":{"type":"run","id":"896946d5f8e0780e56ef6dbd3e6dc62ca0ae243e","uses":["downhill"],"name":"Port Vell","ref":null,"description":null,"difficulty":"easy","convention":"europe","status":"operating","oneway":true,"lit":null,"gladed":null,"patrolled":null,"grooming":null,"color":"hsl(208, 100%, 33%)","colorName":"blue","skiAreas":[{"type":"Feature","properties":{"type":"skiArea","name":"Pal-Arinsal","sources":[{"type":"openstreetmap","id":"relation/4638280"}],"activities":[],"generated":false,"status":"operating","websites":[],"runConvention":"north_america","location":null,"id":"5ecb06388006e4740e7ce8234e26d036ce85edb7"},"geometry":{"type":"Point","coordinates":[360,360,4638280]}}],"elevationProfile":{"heights":[2301.76376065281,2298.9693994574604,2294.8269794969706,2290.6563274405526,2288.100665506912,2285.1708712694785,2280.0110638368214,2274.766725802698,2269.7577305195937,2267.356772455417,2264.3030955718377,2260.39356866209,2256.8729169941807,2252.3443795999315,2248.9190408183126,2244.5204012214517,2239.8421056296515,2235.9733864850377,2229.7781592985457,2223.908346554519,2218.2234807712257,2214.091836686112,2211.1674341845005,2204.503996300955,2198.5193162636683,2191.9555931727637,2188.067459919224,2185.874683931379,2185.0418901634334,2182.2380883528617,2178.1059942517504,2174.612833016532,2171.783379729374,2167.7309740031847,2163.9991989780824,2160.1287828663408,2155.7703100539766,2148.987592111117,2142.8471433631184],"resolution":25},"sources":[{"type":"openstreetmap","id":"way/52692966"},{"type":"openstreetmap","id":"way/1355803589"}],"location":null,"websites":[]},"geometry":{"type":"LineString","coordinates":[[1.4506285999999997,42.5692194,2301.76376065281],[1.450718,42.5690073,2299.011937088031],[1.4507417999999999,42.56895090000001,2298.0639159105394],[1.4509097999999998,42.568814100000004,2294.561563612838],[1.4510996999999997,42.56866230000001,2290.7095897776776],[1.4513933999999997,42.56850810000001,2287.5762448832365],[1.4517611999999995,42.568360600000005,2282.926731622404],[1.4522054,42.568299700000004,2274.6587073951546],[1.4525611999999997,42.5682879,2269.3771599999773],[1.4529896999999998,42.56830720000001,2265.729233459136],[1.4535107999999999,42.56834370000001,2259.640344991946],[1.4536775,42.568369000000004,2257.5303999999414],[1.4541948999999998,42.5684476,2250.283720000006],[1.454672,42.5685264,2243.45878323198],[1.4547546999999998,42.56854010000001,2242.1033788575455],[1.4549497999999998,42.568571500000004,2239.2417386559437],[1.4553855,42.56872920000001,2231.7705384638634],[1.4561893,42.568940100000006,2215.919306347173],[1.4569398999999998,42.569173400000004,2203.0266296991613],[1.4574940999999997,42.56932830000001,2191.036518262174],[1.4575721,42.5693405,2190.100279999932],[1.4579833999999998,42.5694046,2186.263840000038],[1.4587834,42.5694637,2181.0829900736],[1.4592029,42.569608300000006,2174.813167894301],[1.4597065999999996,42.5696492,2169.2616956287948],[1.460502,42.569929900000005,2158.348205023912],[1.4612341999999996,42.56999510000001,2142.8471433631184]]}}
,
{"type":"Feature","properties":{"type":"run","id":"edfa561206121f469881bcce4a067358edf77d14","uses":["downhill"],"name":"Salador","ref":null,"description":null,"difficulty":"easy","convention":"europe","status":"operating","oneway":true,"lit":null,"gladed":null,"patrolled":null,"grooming":null,"color":"hsl(208, 100%, 33%)","colorName":"blue","skiAreas":[{"type":"Feature","properties":{"type":"skiArea","name":"Pal-Arinsal","sources":[{"type":"openstreetmap","id":"relation/4638280"}],"activities":[],"generated":false,"status":"operating","websites":[],"runConvention":"north_america","location":null,"id":"5ecb06388006e4740e7ce8234e26d036ce85edb7"},"geometry":{"type":"Point","coordinates":[360,360,4638280]}}],"elevationProfile":{"heights":[2174.813167894301,2171.0756243375017,2164.716268762288,2159.428802527303,2155.0858875941235,2152.9973986940627,2148.3422817750734,2144.4004185917456,2137.4836477003655,2125.2625927548224,2117.5176728931656,2113.0977629405356,2110.9186149011066,2109.1914496726604,2106.065601499796,2102.2350083200113],"resolution":25},"sources":[{"type":"openstreetmap","id":"way/52692967"}],"location":null,"websites":[]},"geometry":{"type":"LineString","coordinates":[[1.4592029,42.569608300000006,2174.813167894301],[1.4596504,42.569862,2165.3645030399866],[1.4604359,42.570246399999995,2153.118397299288],[1.461013,42.570638,2141.244859519929],[1.4615131999999997,42.5709212,2120.5481599999866],[1.4629585,42.571326,2102.2350083200113]]}}
,
{"type":"Feature","properties":{"type":"run","id":"f3e8c1ca1b0e3c6c0df2c1068339e01a838dd22d","uses":["downhill"],"name":"Margarida","ref":null,"description":null,"difficulty":"easy","convention":"europe","status":"operating","oneway":true,"lit":null,"gladed":null,"patrolled":null,"grooming":null,"color":"hsl(208, 100%, 33%)","colorName":"blue","skiAreas":[{"type":"Feature","properties":{"type":"skiArea","name":"Pal-Arinsal","sources":[{"type":"openstreetmap","id":"relation/4638280"}],"activities":[],"generated":false,"status":"operating","websites":[],"runConvention":"north_america","location":null,"id":"5ecb06388006e4740e7ce8234e26d036ce85edb7"},"geometry":{"type":"Point","coordinates":[360,360,4638280]}}],"elevationProfile":{"heights":[2239.2417386559437,2236.9120794919586,2232.0439693714698,2226.5348519198187,2222.052094559923,2220.5977490214623,2217.993142205702,2214.247384982581,2209.4299461384026,2203.33143560125,2197.6398013187395,2193.6677654368013,2190.691058613727,2187.0348559036997,2182.70059388103,2178.8619765176045,2173.7258672857074,2170.211490979102,2167.025180111937,2162.5741101642775,2156.1044212136476,2148.864711715933,2141.972134709811,2137.5652520396943,2134.504486746963,2131.786231981489,2126.4167674978517,2119.1598784606986,2112.85303403491,2107.0942010077833,2100.0081438643347,2098.021080653956,2098.244871248841,2096.296355452921,2095.2900601986803,2094.8534227471564,2094.413617485408,2087.470468523305,2083.7814528381173],"resolution":25},"sources":[{"type":"openstreetmap","id":"way/52692969"}],"location":null,"websites":[]},"geometry":{"type":"LineString","coordinates":[[1.4549497999999998,42.568571500000004,2239.2417386559437],[1.4558431999999997,42.568563700000006,2226.8941251070814],[1.4565375,42.568662,2220.0974119999105],[1.4573806999999999,42.56885510000001,2208.6387980525974],[1.4584910999999998,42.569092100000006,2190.8902168174836],[1.4585685,42.56910880000001,2190.2269562878278],[1.4589105,42.569182500000004,2185.4815999999328],[1.4594808,42.569305500000006,2177.477627647881],[1.4595796999999997,42.56933380000001,2175.5412600510294],[1.4599152999999998,42.5694299,2170.81927999996],[1.4601969,42.5695484,2167.3506362815747],[1.4606232999999997,42.5697677,2158.921768033607],[1.4610899999999998,42.569963200000004,2146.051851519952],[1.4612341999999996,42.56999510000001,2142.8471433631184],[1.4614118999999999,42.5700343,2139.7921200000133],[1.4617014999999998,42.570087699999995,2135.8933025759793],[1.4623693999999998,42.5703365,2127.12946364793],[1.4629405999999998,42.5706506,2111.770479494399],[1.4634878,42.5709647,2098.701944060812],[1.4636313999999997,42.57106039999999,2098.073039999999],[1.4638256999999997,42.5711898,2098.2704005344044],[1.4638256999999997,42.57128459999999,2097.665474908855],[1.4638176999999999,42.571415,2096.3443612799556],[1.4637130999999999,42.5714742,2095.320471283253],[1.4635842999999997,42.5714979,2095.4302400000415],[1.4633992999999996,42.5715394,2094.832640000015],[1.4631900999999998,42.571652,2095.7349484159995],[1.4630612999999997,42.5717764,2094.3412400000893],[1.4630555,42.571958,2088.6106585599364],[1.4630784,42.57211310000001,2083.7814528381173]]}}
,
{"type":"Feature","properties":{"type":"run","id":"09bf31f5c86c21294b4912a92712822d10df5c1e","uses":["downhill"],"name":"el Cortalet","ref":null,"description":null,"difficulty":"novice","convention":"europe","status":"operating","oneway":true,"lit":null,"gladed":null,"patrolled":null,"grooming":null,"color":"hsl(125, 100%, 33%)","colorName":"green","skiAreas":[{"type":"Feature","properties":{"type":"skiArea","name":"Pal-Arinsal","sources":[{"type":"openstreetmap","id":"relation/4638280"}],"activities":[],"generated":false,"status":"operating","websites":[],"runConvention":"north_america","location":null,"id":"5ecb06388006e4740e7ce8234e26d036ce85edb7"},"geometry":{"type":"Point","coordinates":[360,360,4638280]}}],"elevationProfile":{"heights":[2024.5721917184464,2017.5490473112372,2011.981279151974,2006.0924859896363,1999.9219829267147,1986.9827186561174,1976.016631076799,1965.642110713757,1961.946464474296,1959.9614539995202,1957.2255819189497,1954.1869957114388,1947.6273120411986,1940.7719877066643,1936.8504567364398,1932.3364849067452,1928.5565151950411,1924.1688026123097,1918.773814192058],"resolution":25},"sources":[{"type":"openstreetmap","id":"way/52692970"}],"location":null,"websites":[]},"geometry":{"type":"LineString","coordinates":[[1.4658590999999999,42.57267280000001,2024.5721917184464],[1.4667866999999999,42.57297930000001,2004.2509744175095],[1.4672016999999997,42.57311000000001,1989.146001439919],[1.4676235999999996,42.573222300000005,1972.9485588222453],[1.4681144,42.5733645,1961.9412546559843],[1.4685408,42.57344739999999,1958.6554188032073],[1.4689752999999999,42.57356,1954.375077440003],[1.4693371999999998,42.5736795,1945.4061342080327],[1.469442,42.573714100000004,1942.3223546239751],[1.4699810999999998,42.573927399999995,1934.1335200000194],[1.4700857,42.5739925,1931.8909579599915],[1.4702627,42.574176200000004,1928.1684399999613],[1.4704076,42.5744073,1923.1268553792374],[1.4703994999999999,42.5745673,1918.773814192058]]}}
,
{"type":"Feature","properties":{"type":"run","id":"2688891977fbef63c21075808b65320a20622f45","uses":["downhill"],"name":null,"ref":null,"description":null,"difficulty":"novice","convention":"europe","status":"operating","oneway":true,"lit":null,"gladed":null,"patrolled":null,"grooming":null,"color":"hsl(125, 100%, 33%)","colorName":"green","skiAreas":[{"type":"Feature","properties":{"type":"skiArea","name":"Pal-Arinsal","sources":[{"type":"openstreetmap","id":"relation/4638280"}],"activities":[],"generated":false,"status":"operating","websites":[],"runConvention":"north_america","location":null,"id":"5ecb06388006e4740e7ce8234e26d036ce85edb7"},"geometry":{"type":"Point","coordinates":[360,360,4638280]}}],"elevationProfile":{"heights":[2027.6874303872355,2023.5864229626968,2020.2092597302185,2015.9649939841534,2011.610212060055,2006.3769627644092,1998.9994954765943,1992.53755205571,1985.217257725228,1976.8359844371298,1971.437500938772,1966.4300011839543,1957.3363837615668,1954.9801504759196,1950.2436837541163,1944.2820907158032,1939.232950626539,1935.8993547651964,1942.1265795749375,1935.1138590777057,1926.4570122524938,1919.727935461699,1915.318770006592],"resolution":25},"sources":[{"type":"openstreetmap","id":"way/52692971"}],"location":null,"websites":[]},"geometry":{"type":"LineString","coordinates":[[1.4657691999999996,42.5728154,2027.6874303872355],[1.4662141999999998,42.57319390000001,2019.4633273953443],[1.4664363999999999,42.57335690000001,2015.2800179330636],[1.4667515,42.5735042,2009.4074447040568],[1.4671807,42.5736622,1998.7138581920503],[1.4678361999999996,42.5738931,1981.7673884511723],[1.468382,42.5739996,1969.8164860160196],[1.4686811,42.5741242,1962.611477158402],[1.4688948999999998,42.5742533,1955.2170655008986],[1.4689994999999998,42.5743718,1955.173303584057],[1.4693273999999998,42.574680699999995,1946.9267804287358],[1.4695983999999997,42.5748683,1939.6412399999822],[1.4698776999999998,42.575076900000006,1935.8407271155272],[1.4699591999999997,42.5752996,1943.8854777856648],[1.4700737,42.57531380000001,null],[1.4700158,42.5749517,1926.3414091167958],[1.4701474,42.574863699999995,1921.4830766943446],[1.4702627,42.574786499999995,1916.4849988239303],[1.4703271,42.574697699999994,1915.318770006592]]}}
,
{"type":"Feature","properties":{"type":"run","id":"36c627bf5b1e1d283a7564a94a318f4bc1e47864","uses":["downhill"],"name":"Cami Superior","ref":null,"description":null,"difficulty":"easy","convention":"europe","status":"operating","oneway":true,"lit":null,"gladed":null,"patrolled":null,"grooming":null,"color":"hsl(208, 100%, 33%)","colorName":"blue","skiAreas":[{"type":"Feature","properties":{"type":"skiArea","name":"Pal-Arinsal","sources":[{"type":"openstreetmap","id":"relation/4638280"}],"activities":[],"generated":false,"status":"operating","websites":[],"runConvention":"north_america","location":null,"id":"5ecb06388006e4740e7ce8234e26d036ce85edb7"},"geometry":{"type":"Point","coordinates":[360,360,4638280]}}],"elevationProfile":{"heights":[2292.6958529759904,2291.032417699411,2290.7316771371425,2291.3686303474965,2290.5166541723547,2288.763604070855,2285.573978908809,2282.2155382797428,2281.0201917164595,2278.2040836745036,2274.2007702827577,2270.272598207419,2265.4783736684494,2260.961877596318,2257.689167234069,2254.2125909559063,2249.199300826367,2245.4769141359066,2241.223928556101,2236.2508342103497,2232.531574830322,2229.9892614761434,2226.950277946856,2223.506204295838,2217.791609402734,2211.578528872478,2206.8385807392074,2201.90689011488,2198.693973464283,2194.1104780755013,2185.974218636796,2178.23822452458,2171.3339883076505,2165.9985930818566,2162.649952595791,2156.841592668004,2147.542549976827,2139.113057121338,2136.607523195019,2134.134291586477,2128.6106826863515,2125.5177849342354,2122.7821048427936,2121.0594690174944,2120.0673230610278,2112.9475107971875,2105.433407462972,2102.2346153634003,2103.9926879523337,2104.0659108335117,2103.304707035517,2102.6121330523124,2102.664856153419,2101.16269846937,2099.989305459292,2098.389381602227,2095.0552205780946,2090.901990531475,2085.349182893802,2082.866921966651,2082.0936372011406,2078.878889377373,2075.031305828531,2073.5206056580755,2073,2072.5347511115224,2071.425208454417],"resolution":25},"sources":[{"type":"openstreetmap","id":"way/152826437"},{"type":"openstreetmap","id":"way/269525356"}],"location":null,"websites":[]},"geometry":{"type":"LineString","coordinates":[[1.4546181,42.530674499999996,2292.6958529759904],[1.4548213999999997,42.5307294,2291.4195100864035],[1.4550709,42.5306315,2290.587034768009],[1.4553405,42.53051260000001,2291.3215999998447],[1.4556625999999997,42.530374200000004,2290.589193836722],[1.4562642999999997,42.5299831,2283.7917761295903],[1.4566184,42.52975300000001,2281.0057852158907],[1.4571281999999997,42.529459,2273.411176351953],[1.4574139999999998,42.52930210000001,2268.888051423825],[1.4578895999999997,42.529090000000004,2260.3900799999046],[1.4584040999999999,42.52887330000001,2253.8642799998033],[1.4593890999999999,42.52877210000001,2239.0111030684357],[1.4607491,42.5284934,2223.480799999919],[1.4615723999999999,42.528279500000004,2207.475503903951],[1.4621640999999999,42.528126500000006,2198.91495989594],[1.4626310999999999,42.52803720000001,2190.325292883166],[1.4631511999999998,42.528020000000005,2176.6779059199926],[1.4639156999999998,42.5278719,2163.517064836782],[1.4644281999999997,42.5278154,2152.790639999981],[1.4654617999999997,42.52786939999999,2134.5818724033124],[1.4657320999999999,42.5280034,2128.811905491147],[1.4659358999999998,42.528029100000005,2126.2021999998974],[1.4659675999999997,42.52803320000001,2125.999519999783],[1.4665960999999998,42.52811360000001,2121.4344883964836],[1.4671617999999997,42.528244,2114.555245567972],[1.4678537999999999,42.52838570000001,2102.398211692575],[1.4686405,42.528429800000005,2103.874479999841],[1.4692123,42.52855340000001,2103.164269186979],[1.4698518999999999,42.528807300000004,2099.9354399999274],[1.4703385,42.52897660000001,2095.6516297278094],[1.4704423,42.52901270000001,2094.351977916512],[1.4709508,42.52914570000001,2085.5499979644887],[1.4714919999999998,42.529278600000005,2082.541957503926],[1.4720385999999999,42.5295074,2075.3483494720012],[1.472632,42.52977430000001,2073],[1.4729998999999998,42.52990290000001,2072.1614335248905],[1.4730051999999998,42.5298219,2071.425208454417]]}}
,
{"type":"Feature","properties":{"type":"run","id":"55f79f4f05107e7a24ad9077b2daaa98acb3fef3","uses":["downhill"],"name":"Coll de la Botella","ref":null,"description":null,"difficulty":"easy","convention":"europe","status":"operating","oneway":true,"lit":null,"gladed":null,"patrolled":null,"grooming":null,"color":"hsl(208, 100%, 33%)","colorName":"blue","skiAreas":[{"type":"Feature","properties":{"type":"skiArea","name":"Pal-Arinsal","sources":[{"type":"openstreetmap","id":"relation/4638280"}],"activities":[],"generated":false,"status":"operating","websites":[],"runConvention":"north_america","location":null,"id":"5ecb06388006e4740e7ce8234e26d036ce85edb7"},"geometry":{"type":"Point","coordinates":[360,360,4638280]}}],"elevationProfile":{"heights":[2312.8036201823584,2309.7688151400916,2308.157697076427,2309.082501538723,2309.5618691929967,2309.2937340337508,2308.049118436192,2305.591292531329,2301.447716587864,2298.976570080491,2296.7267076354683,2294.03946730777,2288.5792964354278,2283.4191953303193,2276.242346923344,2269.9466122132235,2266.2505275002663,2261.624054342671,2260.459035907572,2260.496945714229,2261.1993738904416,2260.7125530866315,2254.810880928268,2248.700374855924,2241.673405359857,2229.9808623201525,2220.931445925563,2216.7087174915723,2211.470245530865,2202.9173375616942,2191.375698400045,2182.6597955326715,2173.9624458805206,2166.341672593726,2160.000032844467,2152.8523990400413,2146.8055168790597,2141.4400293648932,2134.5954619203244,2127.046448933175,2120.0587700589786,2116.2381080730243,2112.442688482479,2107.3451256002863,2100.8202239128723,2093.620924607953,2087.3827693733842,2080.9050447230447,2075.3349717528245,2071.3269274593654,2070.649723650135,2067.090064512752,2061.5086657043453,2057.65398105197,2054.493948255345,2050.870522722824,2046.7280491684508,2043.039526859531,2039.8199337622534,2034.9533481424567,2028.362843727031,2019.2759898315744,2008.6233382007047,2000.0933316323137,1993.550467705424,1987.9283608842381,1983.1908367120677,1980.800581445816,1973.6141357185518,1962.8057577632683,1951.012620441322,1941.7785654505412,1934.4955163407446,1928.6148094611917,1924.1781099425489,1920.528147426597,1916.0905709371766,1911.023963503049,1905.817500948593,1902.3676330992603,1900.7175651199768],"resolution":25},"sources":[{"type":"openstreetmap","id":"way/152826440"}],"location":null,"websites":[]},"geometry":{"type":"LineString","coordinates":[[1.4522319,42.5339742,2312.8036201823584],[1.4522066999999999,42.5343642,2308.5777600000083],[1.4522762999999999,42.534659,2309.161759999991],[1.4522879000000002,42.534975200000005,2309.688210636806],[1.4522879000000002,42.535282800000004,2308.4143651647487],[1.4523401,42.5355648,2305.224679999934],[1.4524735,42.5358511,2299.7766799999845],[1.4525371999999999,42.53612030000001,2297.494569926317],[1.4525139999999999,42.5364236,2293.923680000024],[1.4524907999999999,42.536735500000006,2286.447251455866],[1.4524735,42.537038900000006,2278.155039815787],[1.4524735,42.53731230000001,2270.027936311812],[1.4525024,42.53755590000001,2265.9730425726552],[1.4525545999999998,42.537812200000005,2261.138555430392],[1.4526067999999999,42.5380856,2260.297614643206],[1.4526241999999996,42.53834630000001,2260.736065315251],[1.4526358,42.538581300000004,2261.902159804825],[1.4527227999999999,42.538756400000004,2258.198880076748],[1.4527891999999998,42.5388236,2255.705565465596],[1.4528619999999999,42.538897399999996,2253.3400900480665],[1.4530706999999998,42.5390427,2247.40933762876],[1.4532621,42.53915800000001,2241.617041855933],[1.4534417999999998,42.539256300000005,2233.295000431915],[1.4536041999999996,42.5392862,2226.4092681920215],[1.4536968999999997,42.5393247,2222.8163305056014],[1.4537490999999998,42.539410100000005,2220.653601187189],[1.4537722999999998,42.539628,2216.579578047999],[1.4537258999999998,42.53995270000001,2208.0090204781313],[1.4536331999999996,42.54026459999999,2192.3652124291916],[1.4535287999999997,42.540520900000004,2181.844128883004],[1.4534765999999997,42.54073880000001,2173.34024344292],[1.4534649999999998,42.5409524,2166.1785907199474],[1.4534301999999997,42.5412088,2158.8049535488126],[1.4533953999999998,42.5415292,2149.184768025616],[1.4534243999999996,42.5418325,2141.682239040043],[1.4534765999999997,42.542148700000006,2131.6699772861966],[1.4535113999999998,42.54234520000001,2125.2975999997775],[1.4535113999999998,42.5425802,2118.942118931144],[1.4534881999999998,42.542785300000006,2115.43721764151],[1.4534475999999998,42.5430117,2111.547174483183],[1.4534417999999998,42.5432936,2104.447614259242],[1.4533199999999997,42.5436397,2093.1786198399996],[1.4532389,42.5439046,2085.584200000059],[1.4530591,42.544216399999996,2076.317550899254],[1.4529082999999998,42.5444428,2071.430181689613],[1.4527808,42.544571,2071.3845692159753],[1.4525894,42.544664999999995,2069.8090609599553],[1.4524096999999998,42.5447205,2067.043166487984],[1.4522762999999999,42.5447291,2064.2224202767793],[1.4521602999999998,42.544669299999995,2061.853000000013],[1.452027,42.5445625,2059.358200000006],[1.4518471999999998,42.544412900000005,2056.003679999928],[1.4515978999999999,42.544207899999996,2052.3890121936506],[1.4513021,42.544024199999996,2047.0246842272686],[1.4509425999999999,42.54388749999999,2042.601473200208],[1.4505831,42.5438319,2037.9115763343825],[1.4503043999999998,42.543803999999994,2032.7142400001367],[1.4500269,42.5437996,2026.218271750403],[1.4496213999999996,42.5438403,2012.6730268896135],[1.4492900999999998,42.5438936,2002.0107436545331],[1.4489839999999998,42.5439491,1994.911021376041],[1.4486468,42.5440132,1988.3712452607342],[1.4483194,42.5441068,1983.0006504831485],[1.4480103,42.5442193,1979.4843900815365],[1.4476555,42.5443768,1967.9916725119247],[1.4473378,42.5445361,1953.2682897566954],[1.4470907999999998,42.544724499999994,1941.8608012482314],[1.4468596999999999,42.5450065,1931.141280000013],[1.4467198,42.5452174,1926.3302400000377],[1.446518,42.54543890000001,1921.5605948158352],[1.4463571000000002,42.5456412,1917.6481641408348],[1.4461964999999999,42.545853300000005,1911.9203118239116],[1.4460545,42.5460705,1906.4398044400205],[1.4458805,42.546232800000006,1903.0253599999382],[1.4457529999999998,42.546314,1901.4416316799761],[1.4456039999999997,42.5463195,1900.7175651199768]]}}
,
{"type":"Feature","properties":{"type":"run","id":"316033f0acd7ca2950f6cdffb55e23df5b421ccb","uses":["downhill"],"name":"Coms","ref":null,"description":null,"difficulty":"intermediate","convention":"europe","status":"operating","oneway":true,"lit":null,"gladed":null,"patrolled":null,"grooming":null,"color":"hsl(359, 94%, 53%)","colorName":"red","skiAreas":[{"type":"Feature","properties":{"type":"skiArea","name":"Pal-Arinsal","sources":[{"type":"openstreetmap","id":"relation/4638280"}],"activities":[],"generated":false,"status":"operating","websites":[],"runConvention":"north_america","location":null,"id":"5ecb06388006e4740e7ce8234e26d036ce85edb7"},"geometry":{"type":"Point","coordinates":[360,360,4638280]}}],"elevationProfile":{"heights":[2342.46515999997,2339.6462435309163,2337.22753891383,2333.4517437000313,2324.8505003285486,2316.633894400763,2309.1456305261445,2300.1504897008354,2291.662768945584,2282.3943418999206,2273.7984291104017,2265.1807476587833,2256.5316982721833,2248.6646692684208,2241.782112554857,2233.3597788101447,2224.086312930735,2215.290075675117,2206.057174412463,2194.9160869507336,2185.7616112245832,2177.0773376197785,2169.371006993965,2160.460404744299,2150.693959330795,2136.7084970761402,2120.004824358271,2104.568116266056,2090.1147643370023,2078.139191432962,2067.0218227692676,2057.2982091130993,2046.6444667990488,2035.9464264681549,2024.8663002365745,2014.685071105047,2007.014909449662,1999.2529072787602,1991.0022721441867,1983.690725137339,1976.4301064069366,1964.5518686820417,1951.5767841242605,1943.082609325134,1934.4040799998643],"resolution":25},"sources":[{"type":"openstreetmap","id":"way/152826441"}],"location":null,"websites":[]},"geometry":{"type":"LineString","coordinates":[[1.4562259999999998,42.5266013,2342.46515999997],[1.4569035,42.5274838,2319.9055600000547],[1.4574529999999999,42.5278283,2301.075025903946],[1.4578629999999997,42.52814860000001,2283.842639999821],[1.4581828000000001,42.5284265,2269.9037199999507],[1.4584943999999997,42.52866830000001,2257.079799999835],[1.4588387999999999,42.528885800000005,2245.7900051582956],[1.459257,42.52903090000001,2233.943710495687],[1.4596260999999997,42.529200100000004,2220.8204799999326],[1.4599868999999999,42.52933910000001,2209.22631999985],[1.4603640999999998,42.52945390000001,2194.5863999998246],[1.4606921,42.529562600000006,2183.864030038252],[1.4610364999999998,42.5296714,2173.6728630560547],[1.4614464999999999,42.52985880000001,2160.225054431794],[1.4618319999999998,42.530070300000006,2142.6605003517716],[1.462242,42.53031200000001,2114.747171839603],[1.4626848,42.53063830000001,2085.2976408190075],[1.4628198,42.5307292,2078.4327755391173],[1.4631603999999998,42.530958600000005,2062.726198630262],[1.4635867999999999,42.5312486,2042.696278899265],[1.4640296999999998,42.5315448,2021.6285078272406],[1.4643248999999998,42.5317442,2009.4656800000257],[1.4647677,42.531998,1995.1227043519723],[1.4651940999999997,42.5322699,1981.739954500708],[1.4654810999999999,42.532529700000005,1966.6009553469946],[1.4656860999999999,42.532837900000004,1948.1821962846984],[1.4658555999999998,42.5330658,1939.0027199998626],[1.4658965999999995,42.533083399999995,1937.2300800002454],[1.4659620999999998,42.5331114,1934.4040799998643]]}}
,
{"type":"Feature","properties":{"type":"run","id":"acf838261b83a855112f5a1b044d860f1f601613","uses":["downhill"],"name":"Corpalanca","ref":null,"description":null,"difficulty":"intermediate","convention":"europe","status":"operating","oneway":true,"lit":null,"gladed":null,"patrolled":null,"grooming":null,"color":"hsl(359, 94%, 53%)","colorName":"red","skiAreas":[{"type":"Feature","properties":{"type":"skiArea","name":"Pal-Arinsal","sources":[{"type":"openstreetmap","id":"relation/4638280"}],"activities":[],"generated":false,"status":"operating","websites":[],"runConvention":"north_america","location":null,"id":"5ecb06388006e4740e7ce8234e26d036ce85edb7"},"geometry":{"type":"Point","coordinates":[360,360,4638280]}}],"elevationProfile":{"heights":[2077.352356700772,2074.3719916857735,2070.252439831677,2064.240817196487,2054.2463399261637,2041.5443513896814,2030.2159828408974,2020.3259236237795,2011.3314806093408,2001.3124588312028,1992.3964428897937,1984.728555444956,1976.7089801707502,1967.5971332337333,1956.6906475305013,1948.7036079206925,1941.6142632068754,1934.5258314342,1930.1702143375478,1926.146919380212,1921.3144787034353,1915.2304561544172,1910.1341564333761,1906.0149678965563,1902.4830525870702,1897.214367359231,1894.4364101733481,1893.2452799999487],"resolution":25},"sources":[{"type":"openstreetmap","id":"way/152826442"}],"location":null,"websites":[]},"geometry":{"type":"LineString","coordinates":[[1.4741051,42.5306099,2077.352356700772],[1.4741355999999999,42.530687699999994,2076.102550950487],[1.4743241999999996,42.530998600000004,2070.739813715111],[1.4745534,42.5313512,2058.841036492647],[1.4745124,42.5317742,2035.824959999951],[1.4743484,42.53221530000001,2015.6275673211353],[1.4741105,42.53275320000001,1991.9095813116642],[1.4738644999999997,42.5332305,1973.8927999999314],[1.4737168999999999,42.533575000000006,1957.4641999997318],[1.4734135,42.533804599999996,1946.0284944321386],[1.4728559,42.533991900000004,1932.4018649582763],[1.4722573,42.5340221,1924.684678836742],[1.4716011999999996,42.5339617,1912.4007435584276],[1.4711962999999997,42.53391530000001,1906.714441730853],[1.470754,42.5338711,1901.2124000000365],[1.4705384,42.5338786,1897.1805448191512],[1.4700297999999998,42.5338531,1893.2452799999487]]}}
,
{"type":"Feature","properties":{"type":"run","id":"00ad5984357d14293841d3e1a99c6f35d3d06cca","uses":["downhill"],"name":"el Bec","ref":null,"description":null,"difficulty":"easy","convention":"europe","status":"operating","oneway":true,"lit":null,"gladed":null,"patrolled":null,"grooming":null,"color":"hsl(208, 100%, 33%)","colorName":"blue","skiAreas":[{"type":"Feature","properties":{"type":"skiArea","name":"Pal-Arinsal","sources":[{"type":"openstreetmap","id":"relation/4638280"}],"activities":[],"generated":false,"status":"operating","websites":[],"runConvention":"north_america","location":null,"id":"5ecb06388006e4740e7ce8234e26d036ce85edb7"},"geometry":{"type":"Point","coordinates":[360,360,4638280]}}],"elevationProfile":{"heights":[1900.9035199999748,1897.1072944621221,1893.661702334986,1888.9155776021646,1883.5435594161024,1877.0779659481404,1869.9795702923773,1864.377277123409,1858.0494521293474,1850.7949026021115,1844.1906022635285,1837.7150466363535,1831.1995888762776,1826.1508977327983,1822.5093768179834,1817.5856433761041,1810.5737045465844,1802.8989789254765,1797.5307806566134,1792.714545859197,1790.4898443979978,1790.1358271999964],"resolution":25},"sources":[{"type":"openstreetmap","id":"way/152826443"}],"location":null,"websites":[]},"geometry":{"type":"LineString","coordinates":[[1.4903673,42.5366307,1900.9035199999748],[1.4893012999999997,42.5370114,1884.1504818016717],[1.4879317999999997,42.537416300000004,1852.838852259079],[1.4865705,42.53767,1825.0236000000377],[1.4855585,42.5378759,1804.590919999923],[1.4854471,42.537899599999996,1801.9299027328934],[1.4847829000000001,42.537808999999996,1791.4874546880544],[1.4844565,42.53772,1790.1358271999964]]}}
,
{"type":"Feature","properties":{"type":"run","id":"0f4b5eb0c8cb764ae4eb4cf4dc009d706a4f5f5c","uses":["downhill"],"name":"el Besurt","ref":null,"description":null,"difficulty":"intermediate","convention":"europe","status":"operating","oneway":true,"lit":null,"gladed":null,"patrolled":null,"grooming":null,"color":"hsl(359, 94%, 53%)","colorName":"red","skiAreas":[{"type":"Feature","properties":{"type":"skiArea","name":"Pal-Arinsal","sources":[{"type":"openstreetmap","id":"relation/4638280"}],"activities":[],"generated":false,"status":"operating","websites":[],"runConvention":"north_america","location":null,"id":"5ecb06388006e4740e7ce8234e26d036ce85edb7"},"geometry":{"type":"Point","coordinates":[360,360,4638280]}}],"elevationProfile":{"heights":[1993.9183295614823,1988.5009017510154,1981.9030794677633,1971.8379147093012,1959.4086612091735,1948.5355332319132,1939.4604732448581,1931.0548528921965,1920.7654294241456,1912.673427548537,1904.6850561470528,1896.9465202195531,1887.939675462995,1880.8296652671906,1874.703616668875,1870.8957076031988,1868.2066984987896,1863.747146215703,1857.5192885273907,1852.1723358369409,1844.9715935855613],"resolution":25},"sources":[{"type":"openstreetmap","id":"way/152826444"}],"location":null,"websites":[]},"geometry":{"type":"LineString","coordinates":[[1.4778088999999999,42.5324268,1993.9183295614823],[1.4780467,42.53273500000001,1985.3492104796937],[1.4783336999999999,42.533182200000006,1962.1577254428828],[1.4785059,42.5336898,1938.6124551328908],[1.4786698999999999,42.53431220000001,1913.2644702844677],[1.4787848,42.53464449999999,1901.2676400002688],[1.4789733999999999,42.5348439,1891.8679707104734],[1.4791865999999998,42.534976900000004,1884.03265512301],[1.4795719999999999,42.5350735,1876.017912959859],[1.4800476,42.5352065,1869.5905780479532],[1.4806051999999998,42.53539980000001,1860.953623756439],[1.4810507,42.53553840000001,1851.926399999612],[1.4810686999999998,42.5356064,1848.0993065472596],[1.4809918999999998,42.5356631,1844.9715935855613]]}}
,
{"type":"Feature","properties":{"type":"run","id":"d01dd61ccbc31f4dc96ecf2deded82285e053c90","uses":["downhill"],"name":"el Gall","ref":null,"description":null,"difficulty":"easy","convention":"europe","status":"operating","oneway":true,"lit":null,"gladed":null,"patrolled":null,"grooming":null,"color":"hsl(208, 100%, 33%)","colorName":"blue","skiAreas":[{"type":"Feature","properties":{"type":"skiArea","name":"Pal-Arinsal","sources":[{"type":"openstreetmap","id":"relation/4638280"}],"activities":[],"generated":false,"status":"operating","websites":[],"runConvention":"north_america","location":null,"id":"5ecb06388006e4740e7ce8234e26d036ce85edb7"},"geometry":{"type":"Point","coordinates":[360,360,4638280]}}],"elevationProfile":{"heights":[2079.6078875903536,2078.98860707333,2078.2478257786083,2074.2172651636897,2072.70090082137,2072.140319842586,2071.7534363735485,2070.2074061297017,2067.04758478238,2062.7892476805855,2056.5894545111005,2051.6183387584188,2048.7876515728803,2043.9477502825075,2039.2608687553363,2036.1113982042539,2033.990838083945,2027.8962780994873,2020.8471219079056,2011.947391178788,2003.936736503627,1996.4759953096432,1988.211964094075,1979.4156516119078,1970.7104164341235,1966.6624886959678,1964.8255357458772,1961.4704659158338,1955.413867096117,1949.3776098131823,1946.8401852880986,1943.6908795369636,1939.1066756258324,1935.7867110404352,1934.381103280253,1937.2917461012921,1926.9549988873991,1921.1677635699582,1918.0192144203102,1917.7489440153568,1914.8506247021492,1911.7069484172207,1909.9512462173286,1907.3257061372165,1905.1654470482729,1901.9789873192492,1899.4238297176403,1895.7061515809914,1892.7685472414582],"resolution":25},"sources":[{"type":"openstreetmap","id":"way/152826445"}],"location":null,"websites":[]},"geometry":{"type":"LineString","coordinates":[[1.4741715999999998,42.53032820000001,2079.6078875903536],[1.4732182999999999,42.53023880000001,2073.9251279552404],[1.4726359999999998,42.53023880000001,2072.140319999977],[1.4721522,42.5302147,2070.949999999986],[1.4716847999999998,42.5301965,2066.3933181439643],[1.4712337999999998,42.5302026,2058.883743724753],[1.4707128,42.530252600000004,2050.5853599999223],[1.4703525000000002,42.530290300000004,2046.392579559859],[1.4701956999999999,42.53032280000001,2043.2930627965432],[1.4699569,42.5303637,2039.5366177263281],[1.4697703999999998,42.5304344,2036.9176972289065],[1.4695833999999999,42.5304856,2035.8956195584572],[1.4694053999999999,42.530548,2034.6189896958597],[1.4692839,42.5306566,2030.5805612703834],[1.4690873,42.5307864,2025.0555857537665],[1.4689067999999998,42.530882999999996,2020.097680000168],[1.4687514,42.531110700000006,2009.5313999997481],[1.4687111999999998,42.5312948,2003.3141751808696],[1.4687066999999998,42.531427799999996,1998.9869913409436],[1.4687404,42.5316711,1990.3504684225268],[1.4688361999999997,42.53187139999999,1981.9424382530856],[1.4688992999999997,42.5320295,1975.6057963759959],[1.4689282999999997,42.53215090000001,1970.7879308907334],[1.4689039,42.5322213,1968.0363405870685],[1.4688469,42.5322827,1966.9630894447296],[1.4686588,42.53235990000001,1966.2722514749507],[1.4684538,42.532420300000005,1964.6046085342523],[1.4681504,42.532529100000005,1960.571677017356],[1.4679453999999998,42.532631800000004,1955.4675197885738],[1.4677485999999997,42.53277690000001,1949.5691080731594],[1.4675435999999997,42.5328977,1947.306645542428],[1.4673139999999998,42.53298230000001,1944.3616799996178],[1.4670351999999998,42.533018600000005,1941.1114395132834],[1.4667071999999999,42.5330488,1936.7052799998094],[1.4664201,42.533030700000005,1934.0500260268911],[1.4661823,42.5330246,1935.0789592161314],[1.4660290999999999,42.533035000000005,1936.5805056797954],[1.4659849999999999,42.533038000000005,1937.344750399833],[1.4659620999999998,42.5331114,1934.4040799998643],[1.4660311999999998,42.5331461,1931.1626399998377],[1.4661823,42.533211900000005,1925.6076799997568],[1.4666333999999999,42.533326800000005,1918.4120929789085],[1.4671335999999997,42.5334355,1917.1423087358232],[1.4674451999999998,42.533526200000004,1911.9511845501488],[1.4677977999999998,42.53353820000001,1911.264839557817],[1.4678840999999998,42.5335448,1910.001332467116],[1.4681913999999998,42.5335685,1907.3252587359177],[1.4684164,42.533598600000005,1905.8422912380763],[1.4685522,42.533616800000004,1904.7337599997973],[1.4688803,42.533640999999996,1900.7982330081838],[1.4688916999999997,42.533641599999996,1900.6727600001861],[1.4692001,42.5336591,1898.6073867871482],[1.4694706999999998,42.5336954,1895.1174822976286],[1.4695938999999998,42.533790700000004,1892.7685472414582]]}}
,
{"type":"Feature","properties":{"type":"run","id":"3fc1621c9b54eb65f50b275253c0bd4263fb4cc1","uses":["downhill"],"name":"els Avets","ref":null,"description":null,"difficulty":"easy","convention":"europe","status":"operating","oneway":true,"lit":null,"gladed":null,"patrolled":null,"grooming":null,"color":"hsl(208, 100%, 33%)","colorName":"blue","skiAreas":[{"type":"Feature","properties":{"type":"skiArea","name":"Pal-Arinsal","sources":[{"type":"openstreetmap","id":"relation/4638280"}],"activities":[],"generated":false,"status":"operating","websites":[],"runConvention":"north_america","location":null,"id":"5ecb06388006e4740e7ce8234e26d036ce85edb7"},"geometry":{"type":"Point","coordinates":[360,360,4638280]}}],"elevationProfile":{"heights":[1922.8409882176027,1921.227995746103,1921.1881868765233,1919.5696675510803,1912.0219578458261,1902.6170560792739,1897.4450750340175,1892.1175301993298,1885.2146090994581,1877.4967379514148,1867.7886013239897,1860.0951011752352,1851.5560127513033,1841.612630260126,1833.8113122938735,1824.5505207844708,1815.7048423218696,1804.5539043697731,1796.7804668334081,1792.3908377698838,1790.1226652144835],"resolution":25},"sources":[{"type":"openstreetmap","id":"way/152826447"}],"location":null,"websites":[]},"geometry":{"type":"LineString","coordinates":[[1.4888665999999997,42.5348422,1922.8409882176027],[1.4880958,42.535331600000006,1918.408671692546],[1.4871363999999998,42.53610510000001,1885.2462399997826],[1.4862179000000002,42.5368422,1846.9710799999107],[1.4853732999999998,42.537374,1814.8190880960015],[1.4849501999999999,42.5375828,1797.9183202175486],[1.4843909,42.537697099999995,1790.1226652144835]]}}
,
{"type":"Feature","properties":{"type":"run","id":"16d58e63d5169b6bf1171ab524889c82e35cd473","uses":["downhill"],"name":"Estadi Eslalom","ref":null,"description":null,"difficulty":"intermediate","convention":"europe","status":"operating","oneway":true,"lit":null,"gladed":null,"patrolled":null,"grooming":null,"color":"hsl(359, 94%, 53%)","colorName":"red","skiAreas":[{"type":"Feature","properties":{"type":"skiArea","name":"Pal-Arinsal","sources":[{"type":"openstreetmap","id":"relation/4638280"}],"activities":[],"generated":false,"status":"operating","websites":[],"runConvention":"north_america","location":null,"id":"5ecb06388006e4740e7ce8234e26d036ce85edb7"},"geometry":{"type":"Point","coordinates":[360,360,4638280]}}],"elevationProfile":{"heights":[2077.352356700772,2073.703622824968,2065.874486806043,2054.375615816198,2042.4315344806585,2035.3150544685718,2026.117516892755,2013.0039427405059,2001.3379822261775,1991.0569823992485,1982.6717706270776,1971.7222559949146,1959.8576572885545,1950.9555175955202,1942.0214732905506,1932.9102782591806,1922.5879901284693,1914.4965899310607,1905.3719361918884,1898.0603732847205,1893.2452799999487],"resolution":25},"sources":[{"type":"openstreetmap","id":"way/152826448"}],"location":null,"websites":[]},"geometry":{"type":"LineString","coordinates":[[1.4741051,42.5306099,2077.352356700772],[1.4740886,42.530673900000004,2076.3374114367407],[1.4737660999999997,42.5311216,2060.244468569659],[1.4730527,42.5318286,2020.0614215137712],[1.4721671,42.532590000000006,1972.6059454396905],[1.4713141999999997,42.533212400000004,1934.4097991934461],[1.4706089999999998,42.5336656,1906.0004000000295],[1.4700297999999998,42.5338531,1893.2452799999487]]}}
,
{"type":"Feature","properties":{"type":"run","id":"bf71b28544c96bf527a6d1d65edd9c49f41bf413","uses":["downhill"],"name":"Font Roja","ref":null,"description":null,"difficulty":"intermediate","convention":"europe","status":"operating","oneway":true,"lit":null,"gladed":null,"patrolled":null,"grooming":null,"color":"hsl(359, 94%, 53%)","colorName":"red","skiAreas":[{"type":"Feature","properties":{"type":"skiArea","name":"Pal-Arinsal","sources":[{"type":"openstreetmap","id":"relation/4638280"}],"activities":[],"generated":false,"status":"operating","websites":[],"runConvention":"north_america","location":null,"id":"5ecb06388006e4740e7ce8234e26d036ce85edb7"},"geometry":{"type":"Point","coordinates":[360,360,4638280]}}],"elevationProfile":{"heights":[2217.7434799999355,2213.317654364495,2204.7925534961223,2195.9501083801097,2187.074473810394,2178.542280567961,2168.7227868958853,2160.4007690309327,2152.4939658125486,2144.174396280458,2136.1025515390015,2127.5514744159664,2115.3068300751956,2102.2752877286007,2092.5097372474406,2088.0823264164937,2084.807117059735,2079.5038949746254,2072.0211472158026,2065.689305566794,2059.1593836331426,2050.7885763842974,2040.53692084516,2030.170725062144,2021.7051416870142,2012.2591210393082,2001.5297832568256,1986.7215274572613,1973.340212318731,1963.9721125082576,1951.6857920369953,1937.9934076172199,1925.9525073130235,1917.8895871647974,1913.3133765260322,1910.2572111329587,1910.0866103165451,1909.2930088357055,1907.328877974633,1907.847205713891,1905.5933962976044,1902.800809950124,1900.5081024783672,1900.571489211741,1900.7175651199768],"resolution":25},"sources":[{"type":"openstreetmap","id":"way/152826449"}],"location":null,"websites":[]},"geometry":{"type":"LineString","coordinates":[[1.4521777,42.539982,2217.7434799999355],[1.4517341999999995,42.540221599999995,2206.5032628226054],[1.4511543999999998,42.54046939999999,2187.0834553347145],[1.4504933999999998,42.540682999999994,2165.357162176235],[1.4497510999999998,42.5408539,2144.9420056031345],[1.4491364999999998,42.541050399999996,2126.2385112321986],[1.4485333999999999,42.541212800000004,2099.9440436222135],[1.4477911999999995,42.541392200000004,2085.9035520766142],[1.4471649999999998,42.541546,2072.472227200086],[1.4466199,42.541682699999996,2060.5859177394063],[1.4461907999999999,42.541819499999995,2047.5112386241815],[1.4459240999999996,42.542033100000005,2033.3580989486045],[1.4455993999999996,42.5424347,2014.895170054348],[1.4453789999999997,42.54299,1981.8131999997672],[1.4451819,42.543451399999995,1958.455266387443],[1.4450310999999998,42.5440154,1925.8858400000222],[1.4450079,42.5443828,1914.4926542143778],[1.4451471,42.544716,1909.8977914239792],[1.4453210999999997,42.5449809,1909.7947523808157],[1.4454601999999996,42.5452884,1907.2967270271904],[1.4454833999999999,42.5456046,1907.3923096768306],[1.4454485999999998,42.5459036,1903.7586802815674],[1.4453673999999999,42.546142800000005,1900.5716664575862],[1.4453859999999998,42.5462378,1900.4238224639992],[1.4454364999999998,42.5463091,1900.3282578719914],[1.4456039999999997,42.5463195,1900.7175651199768]]}}
,
{"type":"Feature","properties":{"type":"run","id":"23e2dfd420280c8f84b252d68bce0398cbfc9b3e","uses":["downhill"],"name":"Fontanals","ref":null,"description":null,"difficulty":"intermediate","convention":"europe","status":"operating","oneway":true,"lit":false,"gladed":null,"patrolled":null,"grooming":null,"color":"hsl(359, 94%, 53%)","colorName":"red","skiAreas":[{"type":"Feature","properties":{"type":"skiArea","name":"Pal-Arinsal","sources":[{"type":"openstreetmap","id":"relation/4638280"}],"activities":[],"generated":false,"status":"operating","websites":[],"runConvention":"north_america","location":null,"id":"5ecb06388006e4740e7ce8234e26d036ce85edb7"},"geometry":{"type":"Point","coordinates":[360,360,4638280]}}],"elevationProfile":{"heights":[2107.711665987028,2098.264237393618,2094.3622480362947,2091.6258706650333,2089.4548359361565,2089.3498763078524,2087.6949601178335,2083.3057235322194,2075.6257393394685,2068.529215258782,2065.2812541448607,2058.611796231836,2051.90736639554,2049.1216687458477,2045.5674533294218,2037.6801820160676,2029.6634169997537,2021.7607192170667,2013.7985580673444,2007.3451525218577,1999.3335874952686,1989.9160667585093,1980.0001428983564,1968.977051066667,1957.7291676103061,1947.201357912239,1937.7417626223707,1926.9152743317802,1913.3876782570705,1903.8710060017982,1896.673606021038,1892.6602799998668],"resolution":25},"sources":[{"type":"openstreetmap","id":"way/152826450"}],"location":null,"websites":[]},"geometry":{"type":"LineString","coordinates":[[1.4672356999999998,42.52842580000001,2107.711665987028],[1.4682979999999999,42.52893070000001,2089.4020938558783],[1.4690021,42.52919810000001,2085.2082820413148],[1.4694776999999999,42.529548600000005,2068.6792297885468],[1.4699696999999996,42.529838700000006,2058.5488399997107],[1.4702076,42.530010600000004,2051.489477772698],[1.4703989,42.530202800000005,2048.8099440830993],[1.4704916999999997,42.530343900000005,2046.4799180942462],[1.4704822,42.5304596,2043.107271385589],[1.4704801,42.5304849,2042.3579630512684],[1.4703873,42.530596,2037.0286584959108],[1.4702134,42.53071130000001,2030.7911536061806],[1.4700161999999999,42.5308096,2025.077714278478],[1.4698596999999998,42.530942100000004,2018.5731382494434],[1.4697490999999998,42.531108200000006,2012.1931080894144],[1.4697088999999999,42.5311686,2010.410462595175],[1.4696218999999997,42.5314463,2001.2907154512425],[1.4696334999999998,42.531715500000004,1990.0757999998007],[1.4697262999999996,42.53207020000001,1973.6486281404568],[1.4698058999999999,42.532290800000006,1962.113709868539],[1.4698248999999997,42.532343600000004,1959.4187221053933],[1.4699176999999999,42.53258290000001,1947.6059999996685],[1.4699524,42.532882,1934.6259143679654],[1.4698771,42.5332238,1915.644097059092],[1.4698829,42.53350580000001,1903.2098181725435],[1.4698746999999996,42.533850300000005,1892.6602799998668]]}}
,
{"type":"Feature","properties":{"type":"run","id":"2d1d7fe6ff84a7999ac7ad6d5ca6d2c851abf372","uses":["downhill"],"name":"Fontanals de les Roques","ref":null,"description":null,"difficulty":"intermediate","convention":"europe","status":"operating","oneway":true,"lit":null,"gladed":null,"patrolled":null,"grooming":null,"color":"hsl(359, 94%, 53%)","colorName":"red","skiAreas":[{"type":"Feature","properties":{"type":"skiArea","name":"Pal-Arinsal","sources":[{"type":"openstreetmap","id":"relation/4638280"}],"activities":[],"generated":false,"status":"operating","websites":[],"runConvention":"north_america","location":null,"id":"5ecb06388006e4740e7ce8234e26d036ce85edb7"},"geometry":{"type":"Point","coordinates":[360,360,4638280]}}],"elevationProfile":{"heights":[2256.4905261471663,2251.23828343385,2244.048700960474,2237.041103404237,2225.533039388921,2213.989251670966,2206.2737888634074,2200.5232542731123,2196.520862499269,2189.9402718047454,2182.2695617782038,2174.395422573243,2165.7207533134,2157.244068838189,2151.1110240231264,2143.000370758896,2133.4666155839855,2128.0674110512987,2122.689324695641,2115.7280321311755,2110.9561434428624,2105.463265882321,2097.5989832487658,2091.034251693793,2083.666741362349,2075.3540388538795,2065.922068882611,2057.463297896057,2048.456939431854,2039.2659388887816,2031.2129486222882,2022.211305675327,2012.7773810933677,2005.8669023185168,1999.5528430263216,1999.2053622641442],"resolution":25},"sources":[{"type":"openstreetmap","id":"way/152826451"}],"location":null,"websites":[]},"geometry":{"type":"LineString","coordinates":[[1.4601609,42.5275498,2256.4905261471663],[1.4603503,42.527751300000006,2250.7194799999397],[1.4605445,42.5278969,2244.060464335969],[1.4607360999999999,42.52800010000001,2238.4888839711093],[1.4610312999999997,42.528121000000006,2226.9883999998433],[1.4613497999999998,42.52819850000001,2214.1747709758015],[1.4615752999999998,42.52823240000001,2208.093229113499],[1.4618171999999998,42.52825120000001,2203.017205094343],[1.4621835,42.52821220000001,2197.8050504478665],[1.4624377,42.5281816,2192.704147878334],[1.462743,42.52815340000001,2185.5044391038823],[1.4631074,42.52815600000001,2175.95300902383],[1.4635461999999997,42.528184100000004,2163.3091555135256],[1.4638468999999998,42.528221300000006,2155.5051024462314],[1.4642131,42.52829020000001,2148.046163394977],[1.4645575000000002,42.52841110000001,2136.0121674398474],[1.4648855,42.52851990000001,2128.4661999997584],[1.4652135,42.52871320000001,2120.5901682555163],[1.4655742999999997,42.528906600000006,2112.3592625246256],[1.4660828000000001,42.52919670000001,2098.719701228613],[1.4664764,42.529523000000005,2085.380453311804],[1.4668375999999999,42.5299466,2065.7594295806866],[1.4671865,42.5303044,2048.6254800000656],[1.4675095999999996,42.5306712,2031.7936359423852],[1.4677227999999998,42.53091290000001,2020.1564799995183],[1.4679359999999997,42.5311546,2009.0887434239787],[1.4682477,42.531420499999996,1999.2053622641442]]}}
,
{"type":"Feature","properties":{"type":"run","id":"75d59ac82d5cbe6a735f28692211bca011f0b615","uses":["downhill"],"name":"la Cot","ref":null,"description":null,"difficulty":"intermediate","convention":"europe","status":"operating","oneway":true,"lit":null,"gladed":null,"patrolled":null,"grooming":null,"color":"hsl(359, 94%, 53%)","colorName":"red","skiAreas":[{"type":"Feature","properties":{"type":"skiArea","name":"Pal-Arinsal","sources":[{"type":"openstreetmap","id":"relation/4638280"}],"activities":[],"generated":false,"status":"operating","websites":[],"runConvention":"north_america","location":null,"id":"5ecb06388006e4740e7ce8234e26d036ce85edb7"},"geometry":{"type":"Point","coordinates":[360,360,4638280]}}],"elevationProfile":{"heights":[2107.6968371982,2100.147447390263,2092.125575173149,2086.718084399689,2082.6475759433683,2078.9671636838307,2075.467509961275,2064.7939225237697,2053.226819097283,2043.1043104682042,2033.734564332277,2022.2645867154945,2012.5661030770443,2005.3240197536106,2001.6211199998252],"resolution":25},"sources":[{"type":"openstreetmap","id":"way/152826452"}],"location":null,"websites":[]},"geometry":{"type":"LineString","coordinates":[[1.4672368999999998,42.52842530000001,2107.6968371982],[1.4675025999999998,42.529078600000005,2086.572872505504],[1.4675927999999998,42.52932630000001,2081.9845090942636],[1.4676911999999995,42.529688900000004,2076.2055491327437],[1.4678715999999996,42.530148200000006,2053.8396417148615],[1.4680765999999998,42.530547,2035.3696000000627],[1.4682734,42.53093380000001,2015.4530399997307],[1.4685194,42.531332600000006,2001.6211199998252]]}}
,
{"type":"Feature","properties":{"type":"run","id":"96b62ab9d7a7cde9aa57ccfd346d49ba02d7bde3","uses":["downhill"],"name":"la Serra","ref":null,"description":null,"difficulty":"intermediate","convention":"europe","status":"operating","oneway":true,"lit":null,"gladed":null,"patrolled":null,"grooming":null,"color":"hsl(359, 94%, 53%)","colorName":"red","skiAreas":[{"type":"Feature","properties":{"type":"skiArea","name":"Pal-Arinsal","sources":[{"type":"openstreetmap","id":"relation/4638280"}],"activities":[],"generated":false,"status":"operating","websites":[],"runConvention":"north_america","location":null,"id":"5ecb06388006e4740e7ce8234e26d036ce85edb7"},"geometry":{"type":"Point","coordinates":[360,360,4638280]}}],"elevationProfile":{"heights":[2340.2567200000076,2336.4797475701125,2331.2412752638725,2326.888272720439,2319.333500148438,2313.0029048098695,2305.646851133904,2299.428637760956,2294.0044263850455,2286.239658632102,2279.5696033800887,2270.9429891702875,2262.639843759743,2257.0159337330356,2250.6001989281185,2243.073120296414,2233.712353183594,2223.4669207080256,2213.9345863470107,2206.972944128861,2202.267483756834,2196.2476777425613,2187.2750026681365,2178.782928079184,2173.996878244229,2169.9851806808692,2165.058178033182,2158.8409244143304,2150.348149544013,2142.8171262474543,2139.440738555078,2135.8797795698374,2130.8159802931546,2125.414889319461,2122.370905352337,2118.7258425509726,2115.839796706936,2111.4593410489697,2107.6006513039633],"resolution":25},"sources":[{"type":"openstreetmap","id":"way/152826453"}],"location":null,"websites":[]},"geometry":{"type":"LineString","coordinates":[[1.4566099,42.5262899,2340.2567200000076],[1.4574899999999997,42.526416100000006,2327.238433440024],[1.4578383999999998,42.5264866,2318.450831897591],[1.4584615999999997,42.52675260000001,2302.0920903679857],[1.4591667999999998,42.527097,2284.447054464014],[1.4598829,42.527418700000005,2262.6013287231667],[1.4601609,42.5275498,2256.4905261471663],[1.4605571000000002,42.52768449999999,2246.966612952079],[1.4608105,42.5277834,2239.5113525440343],[1.4611032999999998,42.5278609,2228.383480000005],[1.4613848999999999,42.52791030000001,2219.2585926062075],[1.4617089999999997,42.527937,2209.711444319973],[1.4621845999999998,42.5278947,2201.957931785645],[1.4627586,42.527816200000004,2187.4734903871886],[1.4632669999999999,42.5277678,2175.543013088023],[1.4637343999999997,42.5277376,2169.060774911969],[1.4642346999999998,42.527695300000005,2160.076843292745],[1.4646446999999998,42.527695300000005,2148.63848669908],[1.4652279999999998,42.527687799999995,2139.2619923200664],[1.4656010999999998,42.5278292,2133.706935449613],[1.4658586999999998,42.528026700000005,2126.5319599998893],[1.4659442999999996,42.52809230000001,2125.0979935710443],[1.4664095,42.528210400000006,2119.572635903866],[1.4672394999999998,42.5284271,2107.6006513039633]]}}
,
{"type":"Feature","properties":{"type":"run","id":"45c18e4b13882a2584ced43e5da1e1dad45a2f9e","uses":["downhill"],"name":"la Serra","ref":null,"description":null,"difficulty":"easy","convention":"europe","status":"operating","oneway":true,"lit":null,"gladed":null,"patrolled":null,"grooming":null,"color":"hsl(208, 100%, 33%)","colorName":"blue","skiAreas":[{"type":"Feature","properties":{"type":"skiArea","name":"Pal-Arinsal","sources":[{"type":"openstreetmap","id":"relation/4638280"}],"activities":[],"generated":false,"status":"operating","websites":[],"runConvention":"north_america","location":null,"id":"5ecb06388006e4740e7ce8234e26d036ce85edb7"},"geometry":{"type":"Point","coordinates":[360,360,4638280]}}],"elevationProfile":{"heights":[2079.6078875903536,2078.0697296209783,2076.5520477046175,2076.1130061803233,2073.8407226229424,2069.485271870762,2065.5246491571356,2060.6397194240385,2053.5033435302043,2048.5879688058094,2046.120553704652,2042.532605928278,2036.9742444837445,2032.3913020792947,2029.2728871494276,2027.349610421536,2023.5130438027336,2019.6264258353963,2017.3520579756655,2012.80309519768,2008.8125838827589,2005.6983820338548,2000.4970686585818,1998.1924599025892,1996.6776839012166,1992.5352151842874,1986.7172545342614,1981.7982551349305,1978.8897892416153,1978.8994965870795,1979.9241173266648,1978.5961316727482,1970.270277203953,1963.1109999810005,1960.6961256603706,1963.291492895732,1963.6800923620215,1962.989345432737,1962.1404174452202,1957.7610612092224,1953.6744866327672,1949.2469644999035,1947.4585239028515,1946.936291640682,1945.4723644151645,1943.8109984851715,1939.0397673898658,1937.2636892827152,1936.322712497605,1936.1085005357763,1934.8812592748534,1931.3028305198377,1927.345126360369,1923.552780319649,1922.1332443095307,1922.718949183998],"resolution":25},"sources":[{"type":"openstreetmap","id":"way/152826454"},{"type":"openstreetmap","id":"way/1242377781"}],"location":null,"websites":[]},"geometry":{"type":"LineString","coordinates":[[1.4741715999999998,42.53032820000001,2079.6078875903536],[1.4743351999999998,42.5304043,2078.4282976511986],[1.4745698999999999,42.5305693,2077.0376685887863],[1.4747933999999998,42.530708600000004,2076.2947200000153],[1.4751515,42.5308658,2073.7262663519846],[1.4756453999999999,42.531033900000004,2066.2006867647],[1.4761035,42.5311604,2057.9577818561097],[1.4767238999999999,42.531284299999996,2047.1039636384844],[1.4774024,42.5314638,2037.626960000086],[1.4781445999999998,42.5316432,2028.763920000009],[1.4785968999999999,42.5317672,2023.4319600000977],[1.4791942999999996,42.5319066,2017.0407531552275],[1.4796394999999998,42.53202,2010.0665983999068],[1.4800927,42.532111400000005,2004.78635999978],[1.4807746999999998,42.5322613,1997.7489999999132],[1.4816311999999996,42.5324649,1984.1507599999582],[1.4822955999999998,42.5326291,1978.3571779967597],[1.4827274,42.53272880000001,1980.0747773949324],[1.4834299999999998,42.5328476,1965.7610067200917],[1.4841168,42.5330093,1963.1314136703259],[1.4847375,42.533198600000006,1962.9434511999218],[1.4852200999999998,42.5335892,1956.1071359295631],[1.4856304999999999,42.5339848,1947.805193088013],[1.4860247999999998,42.5342796,1945.8128736768479],[1.4864481,42.534442,1943.3781200000099],[1.4868017999999998,42.5345573,1938.1560399999241],[1.4872773,42.5346513,1936.3230054511969],[1.4877411999999997,42.5347069,1935.9187338752179],[1.4882514,42.534753900000005,1930.4623572383277],[1.4885240999999998,42.5347809,1926.8046176351784],[1.4887346999999997,42.534821699999995,1923.9945242512883],[1.4888665999999997,42.5348422,1922.8409882176027],[1.4890561,42.534917300000004,1922.1366889375768],[1.4892665999999997,42.534998,1922.718949183998]]}}
,
{"type":"Feature","properties":{"type":"run","id":"e4aeb0798545a153cb5e9b961cfb05b41f7d86d8","uses":["downhill"],"name":"Poselletes","ref":null,"description":null,"difficulty":"intermediate","convention":"europe","status":"operating","oneway":true,"lit":null,"gladed":null,"patrolled":null,"grooming":null,"color":"hsl(359, 94%, 53%)","colorName":"red","skiAreas":[{"type":"Feature","properties":{"type":"skiArea","name":"Pal-Arinsal","sources":[{"type":"openstreetmap","id":"relation/4638280"}],"activities":[],"generated":false,"status":"operating","websites":[],"runConvention":"north_america","location":null,"id":"5ecb06388006e4740e7ce8234e26d036ce85edb7"},"geometry":{"type":"Point","coordinates":[360,360,4638280]}}],"elevationProfile":{"heights":[2262.1852548638726,2259.327721276809,2250.8039078539086,2235.100955251279,2228.1614586488968,2222.33474241746,2216.2478879250134,2209.095769598624,2196.090147091273,2183.2056432393356,2171.1147842636124,2160.8586440604026,2151.3106085444433,2141.7787311653115,2132.643459015384,2124.005659843431,2114.4251728559693,2106.5097286371692,2099.7822975811023,2093.850345363166,2087.4833032554247,2080.053006129153,2074.5981120396086,2069.235699147765,2065.9444193131026,2064.816343014916,2064.3650121150276,2066.130646228555,2067.043166487984],"resolution":25},"sources":[{"type":"openstreetmap","id":"way/152826455"}],"location":null,"websites":[]},"geometry":{"type":"LineString","coordinates":[[1.4521861,42.5389345,2262.1852548638726],[1.452488,42.538974100000004,2259.312307967859],[1.452546,42.539136400000004,2253.4116648958857],[1.4525111999999998,42.5394098,2235.514605158301],[1.4523721,42.5396747,2226.829080000026],[1.4522329,42.5399054,2220.0519488735313],[1.4521777,42.539982,2217.7434799999355],[1.4520358,42.54017890000001,2211.2221156253163],[1.4519197999999998,42.5403669,2200.9838596990558],[1.4518269999999998,42.540589,2187.1245051201627],[1.4518153999999999,42.5408112,2174.7024238591835],[1.4518617999999996,42.541161499999994,2158.525680000256],[1.4519313999999997,42.5416229,2138.8437599999943],[1.4519777999999999,42.5420843,2120.557804243238],[1.4520009999999999,42.542520100000004,2104.2073574878655],[1.4520358,42.54293020000001,2093.0928630333856],[1.4520705999999999,42.5433575,2079.8884080800167],[1.452059,42.5437419,2070.405502335986],[1.4520936999999998,42.5440581,2065.560978446386],[1.4522096999999998,42.5442973,2064.8367195552223],[1.4522677,42.5444853,2064.416319812803],[1.4524096999999998,42.5447205,2067.043166487984]]}}
,
{"type":"Feature","properties":{"type":"run","id":"f8d3d47ae76c4b6991f7fff6ea21a92a68bb0f66","uses":["downhill"],"name":"Tossa","ref":null,"description":null,"difficulty":"easy","convention":"europe","status":"operating","oneway":true,"lit":null,"gladed":null,"patrolled":null,"grooming":null,"color":"hsl(208, 100%, 33%)","colorName":"blue","skiAreas":[{"type":"Feature","properties":{"type":"skiArea","name":"Pal-Arinsal","sources":[{"type":"openstreetmap","id":"relation/4638280"}],"activities":[],"generated":false,"status":"operating","websites":[],"runConvention":"north_america","location":null,"id":"5ecb06388006e4740e7ce8234e26d036ce85edb7"},"geometry":{"type":"Point","coordinates":[360,360,4638280]}}],"elevationProfile":{"heights":[2342.46515999997,2341.9481531409447,2340.009428375665,2338.0015860851886,2336.100310054926,2330.044588616654,2325.404341417399,2321.5992973566013,2317.8745664727026,2315.316442310394,2313.4611546438987,2312.205288280742,2309.9712243767976,2307.0560713900104,2305.091925612843,2302.033700381935,2298.168916568697,2295.2663407096675,2293.682691755468,2292.339854279179,2293.7054417797717,2295.0475867679997],"resolution":25},"sources":[{"type":"openstreetmap","id":"way/152826456"}],"location":null,"websites":[]},"geometry":{"type":"LineString","coordinates":[[1.4562259999999998,42.5266013,2342.46515999997],[1.4557556999999999,42.5269812,2339.3605407935847],[1.4552607999999998,42.52733990000001,2333.1074515069363],[1.4550685999999997,42.52834060000001,2315.188179526342],[1.4547831,42.529475600000005,2304.5759409855323],[1.4546871000000001,42.529977,2296.4035307679587],[1.4546948999999998,42.53021220000001,2294.4721599999407],[1.4546181,42.530674499999996,2292.6958529759904],[1.4543309999999998,42.5308657,2295.0475867679997]]}}
,
{"type":"Feature","properties":{"type":"run","id":"01792d2e9bc2327f3f474ea9668eaecb48c62b68","uses":["downhill"],"name":"Transversal","ref":null,"description":null,"difficulty":"novice","convention":"europe","status":"operating","oneway":true,"lit":null,"gladed":null,"patrolled":null,"grooming":null,"color":"hsl(125, 100%, 33%)","colorName":"green","skiAreas":[{"type":"Feature","properties":{"type":"skiArea","name":"Pal-Arinsal","sources":[{"type":"openstreetmap","id":"relation/4638280"}],"activities":[],"generated":false,"status":"operating","websites":[],"runConvention":"north_america","location":null,"id":"5ecb06388006e4740e7ce8234e26d036ce85edb7"},"geometry":{"type":"Point","coordinates":[360,360,4638280]}}],"elevationProfile":{"heights":[1922.8409882176027,1923.0650977898624,1924.3175496267072,1926.3081176659587,1922.0076073134428,1915.615321730307,1912.1077214757486,1909.4970028409496,1904.9871415595917,1899.5681271073124,1894.9224214920478,1888.6011061476927,1880.2894833902742,1875.8988776108629,1872.6779190449242,1867.1108127757361,1864.650886371571,1866.4345362610366,1865.1518891522455,1863.588409543282,1864.2771109973685,1861.6408000672682,1856.8696672474512,1851.767268068168,1849.1354707771643,1846.5102923758827,1845.3575482225563,1844.667454267615,1845.4949150298814,1844.1391183371113,1834.172782805958,1833.6306061957378,1830.099245004099,1826.0980669497508,1824.0323946930023,1822.555777136417,1822.1715621963756,1820.5693877363997,1819.0831966658495,1816.6271037778106,1812.8173207524856,1808.5942947499598,1803.024792481716,1798.3997140102654,1796.2037302845845,1793.841124229007,1791.4769936693635,1789.827260979216],"resolution":25},"sources":[{"type":"openstreetmap","id":"way/152826457"}],"location":null,"websites":[]},"geometry":{"type":"LineString","coordinates":[[1.4888665999999997,42.5348422,1922.8409882176027],[1.488545,42.5349364,1923.4547750400122],[1.4882864,42.5350856,1924.1584932863364],[1.4874777,42.53517690000001,1916.003959999476],[1.4865212999999997,42.535338300000014,1904.2921599994097],[1.4857340999999997,42.535452500000005,1890.5736320797562],[1.4848238999999999,42.535567300000004,1873.3247561710662],[1.4845454,42.535580100000004,1868.989846441458],[1.4841678,42.5355975,1864.4987760799474],[1.4835774,42.535531000000006,1865.4861846717326],[1.482987,42.53542830000001,1864.4429840156122],[1.4824211999999997,42.5354827,1858.4020256382134],[1.4820931,42.535549100000004,1852.4513286445456],[1.4814616999999997,42.535633700000005,1846.6049599997498],[1.4809918999999998,42.5356631,1844.9715935855613],[1.4805925,42.5356881,1845.6162045599067],[1.480084,42.5357667,1840.9569211517492],[1.480002,42.535833100000005,1835.0464158076275],[1.480043,42.5358996,1831.728381823974],[1.4803055,42.535917700000006,1833.4243737676236],[1.4810435,42.536032500000005,1824.8563643997613],[1.4818881,42.5361897,1821.7482149855366],[1.4825031999999998,42.53637090000001,1817.9296799995686],[1.4830361999999997,42.5365824,1811.059138124779],[1.4834215999999996,42.5368483,1801.7705999998711],[1.4837905999999996,42.5371866,1795.5506871168561],[1.4842088,42.5376579,1789.827260979216]]}}
,
{"type":"Feature","properties":{"type":"run","id":"7fa05c96c37c32d602cf80761ecced6f11d96618","uses":["downhill"],"name":null,"ref":null,"description":null,"difficulty":"intermediate","convention":"europe","status":"operating","oneway":true,"lit":null,"gladed":null,"patrolled":null,"grooming":null,"color":"hsl(359, 94%, 53%)","colorName":"red","skiAreas":[{"type":"Feature","properties":{"type":"skiArea","name":"Pal-Arinsal","sources":[{"type":"openstreetmap","id":"relation/4638280"}],"activities":[],"generated":false,"status":"operating","websites":[],"runConvention":"north_america","location":null,"id":"5ecb06388006e4740e7ce8234e26d036ce85edb7"},"geometry":{"type":"Point","coordinates":[360,360,4638280]}}],"elevationProfile":{"heights":[2255.705565465596,2250.9450788099507,2243.666634589039,2234.9844366278603,2226.819201236926,2217.1512461837115,2205.9991367682615,2194.013782886708,2182.560990462175,2172.668524892703,2164.554093348568,2163.765589228914],"resolution":25},"sources":[{"type":"openstreetmap","id":"way/152826458"}],"location":null,"websites":[]},"geometry":{"type":"LineString","coordinates":[[1.4527891999999998,42.5388236,2255.705565465596],[1.4529982999999997,42.5394868,2234.767218355243],[1.4531606999999997,42.5399994,2213.6465823968324],[1.4532650999999999,42.54048649999999,null],[1.4534505999999998,42.541041899999996,2163.765589228914]]}}
,
{"type":"Feature","properties":{"type":"run","id":"bd00ebc93b1d085c981598c49854ffd6d4d46417","uses":["downhill"],"name":null,"ref":null,"description":null,"difficulty":"novice","convention":"europe","status":"operating","oneway":true,"lit":null,"gladed":null,"patrolled":null,"grooming":null,"color":"hsl(125, 100%, 33%)","colorName":"green","skiAreas":[{"type":"Feature","properties":{"type":"skiArea","name":"Pal-Arinsal","sources":[{"type":"openstreetmap","id":"relation/4638280"}],"activities":[],"generated":false,"status":"operating","websites":[],"runConvention":"north_america","location":null,"id":"5ecb06388006e4740e7ce8234e26d036ce85edb7"},"geometry":{"type":"Point","coordinates":[360,360,4638280]}}],"elevationProfile":{"heights":[1923.3188799999966,1921.9856617032788,1918.56744726576,1912.6422694793016,1908.046392004123,1906.5827921100617,1906.3829563755417,1906.660159999974],"resolution":25},"sources":[{"type":"openstreetmap","id":"way/152826460"}],"location":null,"websites":[]},"geometry":{"type":"LineString","coordinates":[[1.4896987999999998,42.5349054,1923.3188799999966],[1.4899050999999999,42.53516570000001,1920.8937199999211],[1.4902767,42.535403200000005,1912.8474962046841],[1.4905435,42.5355844,1907.6190266880344],[1.4908109,42.5356606,1906.487360000001],[1.4909735,42.5356842,1906.1475200000204],[1.491218,42.5356486,1906.660159999974]]}}
,
{"type":"Feature","properties":{"type":"run","id":"0bfa895a7229ee335144f7eae1df6859a5625226","uses":["downhill"],"name":"Bony","ref":null,"description":null,"difficulty":"intermediate","convention":"europe","status":"operating","oneway":true,"lit":null,"gladed":null,"patrolled":null,"grooming":"classic","color":"hsl(359, 94%, 53%)","colorName":"red","skiAreas":[{"type":"Feature","properties":{"type":"skiArea","name":"Pal-Arinsal","sources":[{"type":"openstreetmap","id":"relation/4638280"}],"activities":[],"generated":false,"status":"operating","websites":[],"runConvention":"north_america","location":null,"id":"5ecb06388006e4740e7ce8234e26d036ce85edb7"},"geometry":{"type":"Point","coordinates":[360,360,4638280]}}],"elevationProfile":{"heights":[2083.7814528381173,2081.0942742384937,2081.4341643696443,2078.0239377238954,2066.9336209613107,2055.626261913131,2048.7640205068647,2042.9756278323862,2038.217633532673,2032.2049718752812,2027.7428099301023,2027.6727821509023,2022.90009226789,2016.8914375516167,2011.5418455438933,2007.3913475266959,2004.8773352139974,1996.4383996533784,1982.225474388243,1972.221992251456,1966.338413107229],"resolution":25},"sources":[{"type":"openstreetmap","id":"way/269224749"}],"location":null,"websites":[]},"geometry":{"type":"LineString","coordinates":[[1.4630784,42.57211310000001,2083.7814528381173],[1.4638698999999997,42.5719609,2080.836470353592],[1.4646576,42.572068900000005,2053.0202960767047],[1.4656353999999998,42.57210490000001,2035.4192957918544],[1.4664557,42.572112900000015,2026.7493828460683],[1.4674449999999999,42.57210990000001,2009.3360967198325],[1.4680929,42.57216220000001,2001.916838361509],[1.4686278,42.572197800000005,1977.689277766189],[1.4691241999999995,42.5722648,1966.338413107229]]}}
,
{"type":"Feature","properties":{"type":"run","id":"d2e42d8b91a4504c34414b9fbf16353cac1cf8dd","uses":["downhill"],"name":null,"ref":null,"description":null,"difficulty":"easy","convention":"europe","status":"operating","oneway":true,"lit":null,"gladed":null,"patrolled":null,"grooming":"classic","color":"hsl(208, 100%, 33%)","colorName":"blue","skiAreas":[{"type":"Feature","properties":{"type":"skiArea","name":"Pal-Arinsal","sources":[{"type":"openstreetmap","id":"relation/4638280"}],"activities":[],"generated":false,"status":"operating","websites":[],"runConvention":"north_america","location":null,"id":"5ecb06388006e4740e7ce8234e26d036ce85edb7"},"geometry":{"type":"Point","coordinates":[360,360,4638280]}}],"elevationProfile":{"heights":[2346.7490318398604,2335.2283264381995,2321.6698174579046,2311.261834683064,2305.679539611676,2303.3207189693617,2303.3145600000016],"resolution":25},"sources":[{"type":"openstreetmap","id":"way/269224750"}],"location":null,"websites":[]},"geometry":{"type":"LineString","coordinates":[[1.4506217999999997,42.570781,2346.7490318398604],[1.4510333999999998,42.5706087,2328.0194400000696],[1.4512234999999998,42.5704407,2315.6379100399668],[1.4513375999999998,42.5702286,2307.6360313344044],[1.4513451999999998,42.56985830000001,2303.3145600000016]]}}
,
{"type":"Feature","properties":{"type":"run","id":"cdec2e98ae4b015dcad527a7cf9a1f6841a47448","uses":["downhill"],"name":null,"ref":null,"description":null,"difficulty":"novice","convention":"europe","status":"operating","oneway":true,"lit":null,"gladed":null,"patrolled":null,"grooming":"mogul","color":"hsl(125, 100%, 33%)","colorName":"green","skiAreas":[{"type":"Feature","properties":{"type":"skiArea","name":"Pal-Arinsal","sources":[{"type":"openstreetmap","id":"relation/4638280"}],"activities":[],"generated":false,"status":"operating","websites":[],"runConvention":"north_america","location":null,"id":"5ecb06388006e4740e7ce8234e26d036ce85edb7"},"geometry":{"type":"Point","coordinates":[360,360,4638280]}}],"elevationProfile":{"heights":[2256.453519999978,2251.480809156343,2248.0868098129613,2247.0654167755793,2243.9944178710584,2241.0589449680706,2238.741963784628,2236.486972098423,2235.015889587342,2232.7525571078318,2228.973325387277,2224.823278630329,2219.0863804027545,2210.7536354957188,2203.601914927809,2196.613568951764,2191.2578188432203,2185.592443459606,2185.4815999999328],"resolution":25},"sources":[{"type":"openstreetmap","id":"way/269224751"}],"location":null,"websites":[]},"geometry":{"type":"LineString","coordinates":[[1.4543488,42.5678118,2256.453519999978],[1.4549781,42.567823999999995,2247.8906010240407],[1.4559830999999999,42.5678961,2240.3992811872286],[1.456635,42.568068100000005,2235.6438682398593],[1.4572215999999996,42.568132100000014,2230.9729317626525],[1.4576561999999997,42.56821610000001,2224.677513868525],[1.4579658999999998,42.56841220000001,2215.8451599995433],[1.4583624,42.568676200000006,2202.681839999812],[1.4589105,42.569182500000004,2185.4815999999328]]}}
,
{"type":"Feature","properties":{"type":"run","id":"0219f74d958a861951660de8fac7864ad7a8374b","uses":["downhill"],"name":"Cami del Mig","ref":null,"description":null,"difficulty":"easy","convention":"europe","status":"operating","oneway":true,"lit":null,"gladed":null,"patrolled":null,"grooming":"classic","color":"hsl(208, 100%, 33%)","colorName":"blue","skiAreas":[{"type":"Feature","properties":{"type":"skiArea","name":"Pal-Arinsal","sources":[{"type":"openstreetmap","id":"relation/4638280"}],"activities":[],"generated":false,"status":"operating","websites":[],"runConvention":"north_america","location":null,"id":"5ecb06388006e4740e7ce8234e26d036ce85edb7"},"geometry":{"type":"Point","coordinates":[360,360,4638280]}}],"elevationProfile":{"heights":[2291.5202757040424,2288.985981297041,2288.115701153455,2288.305422053377,2289.5338680100394,2289.4606999001876,2289.771068328718,2285.5403297272233,2282.5553407964558,2281.2202932777454,2280.1852102357907,2277.747498079159,2275.2396878203404,2272.6049210522697,2267.7835158193766,2262.769870368786,2259.298038968126,2254.36600088284,2250.5751912580617,2248.9179730831593,2246.388688835554,2243.6346417410123,2242.3019686281996,2239.1992435446073,2239.0111030684357],"resolution":25},"sources":[{"type":"openstreetmap","id":"way/269525357"}],"location":null,"websites":[]},"geometry":{"type":"LineString","coordinates":[[1.4539805,42.532021900000004,2291.5202757040424],[1.4544902999999998,42.5315567,2288.350055611143],[1.4550003999999999,42.53126399999999,2289.3465674240756],[1.4558049999999998,42.53070890000001,2281.8061080798707],[1.4564609,42.530203300000004,2276.5865474287434],[1.4570360999999998,42.529880399999996,2268.5647075776665],[1.4576558,42.529527200000004,2257.164559999916],[1.4580665999999998,42.52930520000001,2250.2903308925447],[1.4585390999999999,42.529075600000006,2246.5224799998773],[1.4593890999999999,42.52877210000001,2239.0111030684357]]}}
,
{"type":"Feature","properties":{"type":"run","id":"ecad0ee45d56a8d9fe8b78287c8934d8da061a3f","uses":["downhill"],"name":null,"ref":null,"description":null,"difficulty":"intermediate","convention":"europe","status":"operating","oneway":true,"lit":null,"gladed":null,"patrolled":null,"grooming":"classic","color":"hsl(359, 94%, 53%)","colorName":"red","skiAreas":[{"type":"Feature","properties":{"type":"skiArea","name":"Pal-Arinsal","sources":[{"type":"openstreetmap","id":"relation/4638280"}],"activities":[],"generated":false,"status":"operating","websites":[],"runConvention":"north_america","location":null,"id":"5ecb06388006e4740e7ce8234e26d036ce85edb7"},"geometry":{"type":"Point","coordinates":[360,360,4638280]}}],"elevationProfile":{"heights":[2165.536191999778,2156.916854531518,2146.2652451749277,2135.9446936944005,2124.580896427436,2110.808705945759,2095.2512824061628,2083.044333668959,2073.365361207777,2063.914042428833,2053.691057626919,2044.8301615127937,2039.1461950078724,2035.6549753269867,2032.7308194856685,2029.407461740679,2023.457199873837,2016.8527645581262,2012.353350730525,2009.3103387006881,2004.7277511736372,1999.2146505372668,1993.2872143143204,1986.6259987177634,1980.8822473926284,1975.154965182631,1968.8954262755735,1963.9580958557067,1956.6416489439212,1946.50023745681,1931.3526378474469,1917.6057491058277,1905.956410061368,1898.815386795575,1893.1472670091348,1892.6602799998668],"resolution":25},"sources":[{"type":"openstreetmap","id":"way/269525358"}],"location":null,"websites":[]},"geometry":{"type":"LineString","coordinates":[[1.462175,42.529154000000005,2165.536191999778],[1.4629359999999998,42.5294218,2138.432686207949],[1.4638124,42.529953400000004,2088.911463180644],[1.4646549,42.530495800000004,2051.8505175837604],[1.4652139999999998,42.5307667,2037.4538764479662],[1.4656811999999997,42.5309219,2032.6477154175102],[1.4662841,42.5310735,2022.6943165920648],[1.4670102999999999,42.5313304,2010.1261191295619],[1.4678164999999999,42.5316623,1994.7097513679817],[1.4682837,42.531842399999995,1983.9179198849827],[1.4686105999999999,42.532051200000005,1975.5422528510355],[1.4688405999999998,42.532183200000006,1969.8441179133808],[1.4690680999999999,42.53238830000001,1963.6412634781898],[1.4693222999999997,42.53277370000001,1946.936809820498],[1.4695449999999999,42.53317860000001,1918.826639999625],[1.4696636999999997,42.5334391,1904.884325932712],[1.4698746999999996,42.533850300000005,1892.6602799998668]]}}
,
{"type":"Feature","properties":{"type":"run","id":"c604f13d8f7329499e56ffc6887439d10821b644","uses":["downhill"],"name":null,"ref":null,"description":null,"difficulty":"intermediate","convention":"europe","status":"operating","oneway":true,"lit":null,"gladed":null,"patrolled":null,"grooming":"classic","color":"hsl(359, 94%, 53%)","colorName":"red","skiAreas":[{"type":"Feature","properties":{"type":"skiArea","name":"Pal-Arinsal","sources":[{"type":"openstreetmap","id":"relation/4638280"}],"activities":[],"generated":false,"status":"operating","websites":[],"runConvention":"north_america","location":null,"id":"5ecb06388006e4740e7ce8234e26d036ce85edb7"},"geometry":{"type":"Point","coordinates":[360,360,4638280]}}],"elevationProfile":{"heights":[2012.1931080894144,2011.5101845927366,2007.6925014756341,2003.3594298746139,1998.9869913409436],"resolution":25},"sources":[{"type":"openstreetmap","id":"way/269525359"}],"location":null,"websites":[]},"geometry":{"type":"LineString","coordinates":[[1.4697490999999998,42.531108200000006,2012.1931080894144],[1.4693802999999999,42.5311893,2010.5068793615542],[1.4690036999999998,42.531259999999996,2006.0533200001396],[1.4687066999999998,42.531427799999996,1998.9869913409436]]}}
,
{"type":"Feature","properties":{"type":"run","id":"c46cafcfd8f91ef0b7ed948dbe1c447639c27ba8","uses":["downhill"],"name":null,"ref":null,"description":null,"difficulty":"intermediate","convention":"europe","status":"operating","oneway":true,"lit":null,"gladed":null,"patrolled":null,"grooming":"classic","color":"hsl(359, 94%, 53%)","colorName":"red","skiAreas":[{"type":"Feature","properties":{"type":"skiArea","name":"Pal-Arinsal","sources":[{"type":"openstreetmap","id":"relation/4638280"}],"activities":[],"generated":false,"status":"operating","websites":[],"runConvention":"north_america","location":null,"id":"5ecb06388006e4740e7ce8234e26d036ce85edb7"},"geometry":{"type":"Point","coordinates":[360,360,4638280]}}],"elevationProfile":{"heights":[2078.4327755391173,2071.575108662542,2067.2112280333113,2062.9253622593938,2058.0378307598444,2052.0376534723982,2044.80176458405,2039.6962158917695,2037.4538764479662],"resolution":25},"sources":[{"type":"openstreetmap","id":"way/269525360"}],"location":null,"websites":[]},"geometry":{"type":"LineString","coordinates":[[1.4628198,42.5307292,2078.4327755391173],[1.4634449999999999,42.5306701,2066.9368625599304],[1.4639654999999998,42.5306166,2059.324859615933],[1.4645852,42.5306808,2046.1241700864343],[1.4652139999999998,42.5307667,2037.4538764479662]]}}
,
{"type":"Feature","properties":{"type":"run","id":"10e47eabc60d7a1d2c8216146555e1193ac2f217","uses":["downhill"],"name":"La Comellada","ref":null,"description":null,"difficulty":"advanced","convention":"europe","status":"operating","oneway":true,"lit":false,"gladed":null,"patrolled":null,"grooming":null,"color":"hsl(0, 0%, 0%)","colorName":"black","skiAreas":[],"elevationProfile":{"heights":[2300.5758399999395,2293.9651845410262,2282.179148069034,2266.0174616239165,2250.2631148808196,2237.628398118598,2223.1898985189023,2210.8868870501306,2199.8443233274375,2189.3262905307374,2177.885476311686,2165.454808016043,2153.2473133571434,2139.4920779360486,2128.253421722065,2118.144774251177,2109.042389456978,2100.0222685280464,2092.8578729294604,2085.66020456953,2072.819555291091,2062.789731585914,2054.138868485501,2044.2818406828324,2034.9347461698076,2025.2869701715133,2016.1865435858674,2009.6412371913648,2004.2104420710568,1999.2039915402313,1994.981734067407,1991.156155412463,1987.9432069767176,1985.1105144652468,1979.8422800422397,1976.8834299257685,1976.0402872327675,1977.298083721497,1975.3136859471695,1971.3721771858202,1964.54401621595,1959.9705183199426,1958.729423903549,1957.7391738675194,1956.2361674564,1956.7265392922698,1961.2954101759672,1955.6523237854758,1956.3271477829126,1951.166854130853,1945.4816035371477,1941.97713492176,1942.6919938427611,1943.1787163835377,1943.1863262884556,1940.5968378574505,1939.5898595378324,1939.3512118248077,1937.5707362103271,1937.2300800002454],"resolution":25},"sources":[{"type":"openstreetmap","id":"way/1152468770"}],"location":null,"websites":[]},"geometry":{"type":"LineString","coordinates":[[1.4535679999999997,42.53234580000001,2300.5758399999395],[1.4542260999999999,42.5326241,2274.9985536912245],[1.4545823,42.5328866,2248.496742652854],[1.4549258999999999,42.533130400000005,2227.4348441854368],[1.4551421999999998,42.533346,2212.072432895964],[1.4553585,42.5335054,2200.9408614719146],[1.4555492999999997,42.5336554,2191.230701177595],[1.4559309999999996,42.5337679,2176.1315028959757],[1.4562363999999999,42.533993,2158.5508702079046],[1.4565545,42.534218,2139.2583777599366],[1.4568598,42.5344336,2123.390014924808],[1.4571905999999997,42.5346117,2111.413046704025],[1.4576390999999997,42.5348023,2096.9785618143396],[1.4579554,42.5349249,2088.605120000001],[1.4582059,42.53510590000001,2076.063755324274],[1.4584660999999999,42.535265700000004,2063.588538299039],[1.4587984999999999,42.53538820000001,2053.1732469917442],[1.4591381999999997,42.535521300000006,2040.393288665299],[1.4593694999999998,42.5356278,2032.8489087519863],[1.4597452999999998,42.53577690000001,2018.628757065145],[1.4599773999999999,42.5358417,2012.915210563247],[1.4602221,42.53592030000001,2007.4563475100406],[1.4605107,42.53597570000001,2002.63920345874],[1.4607868,42.53603580000001,1998.0086180220121],[1.4609105999999998,42.5360655,1996.207452256027],[1.4611147999999998,42.536120200000006,1993.5427890428864],[1.4613344999999998,42.5361886,1990.54323926388],[1.4615012999999997,42.5362798,1988.2445318590735],[1.4615944999999997,42.536323100000004,1987.413297935794],[1.4616672999999998,42.53635890000001,1986.5175415530737],[1.4618069999999999,42.5364141,1985.0166441438923],[1.4618940999999996,42.5364543,1983.3456751854335],[1.4620640999999999,42.53651250000001,1979.9426163995217],[1.4621714,42.536537900000006,1978.4036258748376],[1.4622827,42.536540800000004,1978.1308532861365],[1.4624911999999997,42.5365856,1974.9837145086674],[1.4626289,42.5365841,1975.7555437520577],[1.4627807,42.53657810000001,1976.8122058028994],[1.4629872,42.536540800000004,1977.3419037694177],[1.4631591999999998,42.536505000000005,1976.258052479814],[1.4633131,42.536452800000006,1974.6189629182127],[1.4634506999999999,42.536396200000006,1972.4426421790627],[1.463552,42.5363216,1970.3930746879932],[1.4636936999999997,42.5362395,1966.0799226080094],[1.4637786999999998,42.53617690000001,1963.1755806175847],[1.4638413999999997,42.536096300000004,1960.8805600000092],[1.4638636999999997,42.53601880000001,1959.9974800000127],[1.4638779,42.53576820000001,1958.4972400000997],[1.4638494999999998,42.535648900000005,1957.9039600000856],[1.4637867999999998,42.5354505,1957.012723936068],[1.4637401999999997,42.53530880000001,1955.9709800706073],[1.4636693999999997,42.535149200000006,1956.512960000081],[1.4636187999999999,42.5350641,1957.4154799999988],[1.4635033999999998,42.5349418,1961.315323475201],[1.4634992999999996,42.53484039999999,1960.9123918911787],[1.4635640999999997,42.5347792,1957.5756454912314],[1.4636227999999998,42.5347062,1954.8255199999678],[1.4636451,42.534621099999995,1955.4742400000869],[1.4636775,42.534488399999994,1956.579800000117],[1.4637280999999998,42.5344242,1956.2610024225614],[1.4638413999999997,42.5344063,1952.7326113183817],[1.4640316999999998,42.5343899,1948.0492473967665],[1.4642381999999998,42.534345200000004,1944.2349532542135],[1.4644891999999998,42.534213900000005,1941.697956844612],[1.4648154,42.5339633,1942.8563376670525],[1.4651713999999998,42.533638100000005,1941.863726425486],[1.4653494999999999,42.5334606,1939.6089830880574],[1.4654871999999999,42.533307,1939.7736967679823],[1.4656551999999998,42.53315630000001,1939.524356582085],[1.4658130999999999,42.53310260000001,1938.067177094084],[1.4658965999999995,42.533083399999995,1937.2300800002454]]}}
,
{"type":"Feature","properties":{"type":"run","id":"3465a254a5e747b187a3bbb8b1319b555bf0915e","uses":["downhill"],"name":"Acces TK La Pala","ref":null,"description":null,"difficulty":"intermediate","convention":"europe","status":"operating","oneway":true,"lit":false,"gladed":null,"patrolled":null,"grooming":null,"color":"hsl(359, 94%, 53%)","colorName":"red","skiAreas":[],"elevationProfile":{"heights":[2462.8956441599744,2463.4757913163835,2462.2851979363063,2459.3716627537665,2458.671172528061,2457.824238360817,2456.3253842670233,2451.599840800441,2450.0787449600393],"resolution":25},"sources":[{"type":"openstreetmap","id":"way/1152470084"}],"location":null,"websites":[]},"geometry":{"type":"LineString","coordinates":[[1.44681,42.5655696,2462.8956441599744],[1.4469982999999997,42.56537880000001,2463.495299443141],[1.4471755,42.56520530000001,2462.217446744232],[1.4475019999999998,42.565085100000005,2458.840948416098],[1.4477654999999998,42.565049,2458.6769937600275],[1.4481083,42.565066200000004,2457.30028679037],[1.4483740999999999,42.565014700000006,2455.841394225426],[1.4486141999999997,42.5649632,2451.830405888007],[1.4488784,42.5648595,2450.0787449600393]]}}
,
{"type":"Feature","properties":{"type":"run","id":"5e7de590e5c9da03567c7545ce0b1c71c58f2ea8","uses":["downhill"],"name":"la Serra","ref":null,"description":null,"difficulty":"easy","convention":"europe","status":"operating","oneway":true,"lit":null,"gladed":null,"patrolled":null,"grooming":null,"color":"hsl(208, 100%, 33%)","colorName":"blue","skiAreas":[],"elevationProfile":{"heights":[1922.8409882176027,1922.5242481786797,1923.0807050738663,1923.3188799999966],"resolution":25},"sources":[{"type":"openstreetmap","id":"way/1242377782"}],"location":null,"websites":[]},"geometry":{"type":"LineString","coordinates":[[1.4888665999999997,42.5348422,1922.8409882176027],[1.4894576,42.534869699999994,1923.0618399999603],[1.4896987999999998,42.5349054,1923.3188799999966]]}}
,
{"type":"Feature","properties":{"type":"run","id":"05c1e404fe075762ec2b20c369c315480da8d438","uses":["connection"],"name":null,"ref":null,"description":null,"difficulty":null,"convention":"europe","status":"operating","oneway":null,"lit":null,"gladed":null,"patrolled":null,"grooming":null,"color":"hsl(0, 0%, 35%)","colorName":"grey","skiAreas":[],"elevationProfile":{"heights":[1558.24874316815,1553.9250735600456,1553.8250564287669],"resolution":25},"sources":[{"type":"openstreetmap","id":"way/1355803567"}],"location":null,"websites":[]},"geometry":{"type":"LineString","coordinates":[[1.4797451999999998,42.57706449999999,1558.24874316815],[1.4798920999999998,42.5770957,1554.0509333023908],[1.4799653999999998,42.5769591,1553.8250564287669]]}}
,
{"type":"Feature","properties":{"type":"run","id":"b8c4f46180b58fde273ebd0da143e1adde3072bd","uses":["connection"],"name":null,"ref":null,"description":null,"difficulty":null,"convention":"europe","status":"operating","oneway":null,"lit":null,"gladed":null,"patrolled":null,"grooming":null,"color":"hsl(0, 0%, 35%)","colorName":"grey","skiAreas":[],"elevationProfile":{"heights":[1475.317680000031,1475.4516000000585],"resolution":25},"sources":[{"type":"openstreetmap","id":"way/1355803568"}],"location":null,"websites":[]},"geometry":{"type":"LineString","coordinates":[[1.4834413999999998,42.5726073,1475.317680000031],[1.4835961999999996,42.5726135,1475.4516000000585]]}}
,
{"type":"Feature","properties":{"type":"run","id":"27c2b05570110602b851e788a788c30c57a78301","uses":["connection"],"name":null,"ref":null,"description":null,"difficulty":null,"convention":"europe","status":"operating","oneway":null,"lit":null,"gladed":null,"patrolled":null,"grooming":null,"color":"hsl(0, 0%, 35%)","colorName":"grey","skiAreas":[],"elevationProfile":{"heights":[1933.2083510783932,1932.5767631039882],"resolution":25},"sources":[{"type":"openstreetmap","id":"way/1355803569"}],"location":null,"websites":[]},"geometry":{"type":"LineString","coordinates":[[1.4701516,42.5725472,1933.2083510783932],[1.4702486,42.5726015,1932.2383567680026],[1.4702194,42.57253550000001,1932.5767631039882]]}}
,
{"type":"Feature","properties":{"type":"run","id":"1dd10ad97202e21aa52f3874a81fa7cb6ec7f152","uses":["connection"],"name":null,"ref":null,"description":null,"difficulty":null,"convention":"europe","status":"operating","oneway":null,"lit":null,"gladed":null,"patrolled":null,"grooming":null,"color":"hsl(0, 0%, 35%)","colorName":"grey","skiAreas":[],"elevationProfile":{"heights":[1930.0255200000006,1926.7826957841346,1927.0767254687664],"resolution":25},"sources":[{"type":"openstreetmap","id":"way/1355803570"}],"location":null,"websites":[]},"geometry":{"type":"LineString","coordinates":[[1.4706909,42.57257220000001,1930.0255200000006],[1.4709595,42.572574700000004,1926.8511434640072],[1.4709668999999999,42.572431900000005,1927.0767254687664]]}}
,
{"type":"Feature","properties":{"type":"run","id":"a5b7be2b36f44f086f56d16e5be3bb305aacb91e","uses":["downhill"],"name":null,"ref":null,"description":null,"difficulty":"novice","convention":"europe","status":"operating","oneway":true,"lit":null,"gladed":null,"patrolled":null,"grooming":null,"color":"hsl(125, 100%, 33%)","colorName":"green","skiAreas":[],"elevationProfile":{"heights":[1942.3101899008072,1945.7209245003812,1945.4061342080327],"resolution":25},"sources":[{"type":"openstreetmap","id":"way/1355803571"}],"location":null,"websites":[]},"geometry":{"type":"LineString","coordinates":[[1.4694885999999998,42.57351680000001,1942.3101899008072],[1.4693463999999998,42.5735219,1945.9370366336016],[1.4693371999999998,42.5736795,1945.4061342080327]]}}
,
{"type":"Feature","properties":{"type":"run","id":"af7747286a8b620865f4f3c2e5f991734a06daf4","uses":["downhill"],"name":"Beginner Area","ref":null,"description":null,"difficulty":"novice","convention":"europe","status":"operating","oneway":true,"lit":null,"gladed":null,"patrolled":null,"grooming":null,"color":"hsl(125, 100%, 33%)","colorName":"green","skiAreas":[],"elevationProfile":{"heights":[1942.3101899008072,1940.5631898659274,1936.9013840569369,1933.607916553003,1930.355515726281,1928.128637334891,1928.0641889535527],"resolution":25},"sources":[{"type":"openstreetmap","id":"way/1355803572"}],"location":null,"websites":[]},"geometry":{"type":"LineString","coordinates":[[1.4694885999999998,42.57351680000001,1942.3101899008072],[1.4696004999999999,42.5732437,1940.0097183760008],[1.4704785999999999,42.5736042,1928.14413448961],[1.4703991999999997,42.573739800000006,1928.0641889535527]]}}
,
{"type":"Feature","properties":{"type":"run","id":"519dd35ee7955617340fdbc1182e8c6ec6f3630b","uses":["downhill"],"name":null,"ref":null,"description":null,"difficulty":"easy","convention":"europe","status":"operating","oneway":true,"lit":null,"gladed":null,"patrolled":null,"grooming":null,"color":"hsl(208, 100%, 33%)","colorName":"blue","skiAreas":[],"elevationProfile":{"heights":[1966.338413107229,1957.757129828386,1949.4969525516149,1942.8142307202081,1940.222808284733,1940.0097183760008],"resolution":25},"sources":[{"type":"openstreetmap","id":"way/1355803599"},{"type":"openstreetmap","id":"way/1355803573"}],"location":null,"websites":[]},"geometry":{"type":"LineString","coordinates":[[1.4691241999999995,42.5722648,1966.338413107229],[1.4695473,42.57291590000001,1941.7281140815192],[1.4696004999999999,42.5732437,1940.0097183760008]]}}
,
{"type":"Feature","properties":{"type":"run","id":"4973b9b9bb38fb69658a476321318fc043e35d21","uses":["downhill"],"name":null,"ref":null,"description":null,"difficulty":"novice","convention":"europe","status":"operating","oneway":true,"lit":null,"gladed":null,"patrolled":null,"grooming":null,"color":"hsl(125, 100%, 33%)","colorName":"green","skiAreas":[],"elevationProfile":{"heights":[1931.8909579599915,1928.3722095282756,1927.9464414207803],"resolution":25},"sources":[{"type":"openstreetmap","id":"way/1355803574"}],"location":null,"websites":[]},"geometry":{"type":"LineString","coordinates":[[1.4700857,42.5739925,1931.8909579599915],[1.4703931,42.5737608,1927.9464414207803]]}}
,
{"type":"Feature","properties":{"type":"run","id":"db27456b16332d585dfc94b88354c44192bf3665","uses":["connection"],"name":null,"ref":null,"description":null,"difficulty":null,"convention":"europe","status":"operating","oneway":null,"lit":null,"gladed":null,"patrolled":null,"grooming":null,"color":"hsl(0, 0%, 35%)","colorName":"grey","skiAreas":[],"elevationProfile":{"heights":[1926.8511434640072,1927.7873117970807,1925.1148240169857,1925.0919288808432,1922.2128350664775,1919.3535569652884,1918.9250559180905,1922.3190733243077,1923.5084919837361,1921.3511352297933,1915.1597460276266,1914.1725430292026,1921.211994075229,1921.4830766943446],"resolution":25},"sources":[{"type":"openstreetmap","id":"way/1355803575"},{"type":"openstreetmap","id":"way/1355803580"}],"location":null,"websites":[]},"geometry":{"type":"LineString","coordinates":[[1.4709595,42.572574700000004,1926.8511434640072],[1.470905,42.5728202,1927.7364764799886],[1.4709828,42.5729011,1925.925948006379],[1.4709861999999998,42.5730394,1924.8202532224113],[1.4709406999999999,42.573103200000006,1924.862208179108],[1.4708953999999999,42.5731665,1924.8832761280144],[1.4708518,42.573218100000005,1925.1826771263209],[1.4707983999999998,42.5732813,1925.3074079104306],[1.4708755999999998,42.5733948,1922.3064900351837],[1.470952,42.5738381,1918.7344030080076],[1.4708459999999999,42.573939200000005,1920.969638144023],[1.4706642999999997,42.57411230000001,1923.2595190687948],[1.4705016999999998,42.574248999999995,1923.647386032075],[1.470515,42.574483199999996,1919.573100160119],[1.470518,42.5746709,1913.9336391039706],[1.4703651,42.5748388,1914.5482645568095],[1.4702237999999999,42.574924599999996,1919.6270386623519],[1.4701474,42.574863699999995,1921.4830766943446]]}}
,
{"type":"Feature","properties":{"type":"run","id":"ab60b945ac9e831fc814b8210bc43be73f513898","uses":["connection"],"name":null,"ref":null,"description":null,"difficulty":null,"convention":"europe","status":"operating","oneway":null,"lit":null,"gladed":null,"patrolled":null,"grooming":null,"color":"hsl(0, 0%, 35%)","colorName":"grey","skiAreas":[],"elevationProfile":{"heights":[1917.9623199999169,1924.862208179108],"resolution":25},"sources":[{"type":"openstreetmap","id":"way/1355803576"}],"location":null,"websites":[]},"geometry":{"type":"LineString","coordinates":[[1.4712125,42.573107300000004,1917.9623199999169],[1.4709406999999999,42.573103200000006,1924.862208179108]]}}
,
{"type":"Feature","properties":{"type":"run","id":"850bbcf1c2ee8b14814a85bdc62099cb7c31a48d","uses":["connection"],"name":null,"ref":null,"description":null,"difficulty":null,"convention":"europe","status":"operating","oneway":null,"lit":null,"gladed":null,"patrolled":null,"grooming":null,"color":"hsl(0, 0%, 35%)","colorName":"grey","skiAreas":[],"elevationProfile":{"heights":[1920.0388759072157,1925.1826771263209],"resolution":25},"sources":[{"type":"openstreetmap","id":"way/1355803577"}],"location":null,"websites":[]},"geometry":{"type":"LineString","coordinates":[[1.4710010999999998,42.5732869,1920.0388759072157],[1.4708518,42.573218100000005,1925.1826771263209]]}}
,
{"type":"Feature","properties":{"type":"run","id":"63f071be521c7b4cf848a8b823de78bb6a1f91e0","uses":["connection"],"name":null,"ref":null,"description":null,"difficulty":null,"convention":"europe","status":"operating","oneway":null,"lit":null,"gladed":null,"patrolled":null,"grooming":null,"color":"hsl(0, 0%, 35%)","colorName":"grey","skiAreas":[],"elevationProfile":{"heights":[1928.14413448961,1925.450080369129,1923.6014757738553,1923.2595190687948],"resolution":25},"sources":[{"type":"openstreetmap","id":"way/1355803578"}],"location":null,"websites":[]},"geometry":{"type":"LineString","coordinates":[[1.4704785999999999,42.5736042,1928.14413448961],[1.4706642999999997,42.57411230000001,1923.2595190687948]]}}
,
{"type":"Feature","properties":{"type":"run","id":"9600dd431ca44b6ba80c0279a54859ffd576900d","uses":["connection"],"name":null,"ref":null,"description":null,"difficulty":null,"convention":"europe","status":"operating","oneway":null,"lit":null,"gladed":null,"patrolled":null,"grooming":null,"color":"hsl(0, 0%, 35%)","colorName":"grey","skiAreas":[],"elevationProfile":{"heights":[1918.773814192058,1915.318770006592],"resolution":25},"sources":[{"type":"openstreetmap","id":"way/1355803579"}],"location":null,"websites":[]},"geometry":{"type":"LineString","coordinates":[[1.4703994999999999,42.5745673,1918.773814192058],[1.4703624,42.5746083,1917.937402086358],[1.4703271,42.574697699999994,1915.318770006592]]}}
,
{"type":"Feature","properties":{"type":"run","id":"bdd1415b70353d8b92c6412a71a31a1de05e702d","uses":["connection"],"name":null,"ref":null,"description":null,"difficulty":null,"convention":"europe","status":"operating","oneway":null,"lit":null,"gladed":null,"patrolled":null,"grooming":null,"color":"hsl(0, 0%, 35%)","colorName":"grey","skiAreas":[],"elevationProfile":{"heights":[1923.647386032075,1923.1268553792374],"resolution":25},"sources":[{"type":"openstreetmap","id":"way/1355803581"}],"location":null,"websites":[]},"geometry":{"type":"LineString","coordinates":[[1.4705016999999998,42.574248999999995,1923.647386032075],[1.4704076,42.5744073,1923.1268553792374]]}}
,
{"type":"Feature","properties":{"type":"run","id":"04b5a1aed7fc904ead4feea9ac11eebacac9311a","uses":["downhill"],"name":"Comallemple","ref":null,"description":null,"difficulty":"easy","convention":"europe","status":"operating","oneway":true,"lit":null,"gladed":null,"patrolled":null,"grooming":null,"color":"hsl(208, 100%, 33%)","colorName":"blue","skiAreas":[],"elevationProfile":{"heights":[1920.969638144023,1918.3739267755288,1915.5527359824084,1907.2186742839392,1893.327470279468,1885.0663349824724,1880.4020000000735],"resolution":25},"sources":[{"type":"openstreetmap","id":"way/1355803582"}],"location":null,"websites":[]},"geometry":{"type":"LineString","coordinates":[[1.4708459999999999,42.573939200000005,1920.969638144023],[1.4709959,42.5739419,1918.4880144032109],[1.4710992999999997,42.5741036,1918.4657474816124],[1.4712599,42.574229599999995,1915.1793870080462],[1.4714005999999997,42.5743946,1908.2604659520516],[1.4716651999999997,42.574667899999994,1888.8412353408949],[1.4719349999999998,42.574875999999996,1880.4020000000735]]}}
,
{"type":"Feature","properties":{"type":"run","id":"465f1cb20db10c27f7155d0855c3a65949382db1","uses":["connection"],"name":null,"ref":null,"description":null,"difficulty":"intermediate","convention":"europe","status":"operating","oneway":null,"lit":null,"gladed":null,"patrolled":null,"grooming":null,"color":"hsl(359, 94%, 53%)","colorName":"red","skiAreas":[],"elevationProfile":{"heights":[1966.338413107229,1966.7528833248364],"resolution":25},"sources":[{"type":"openstreetmap","id":"way/1355803583"}],"location":null,"websites":[]},"geometry":{"type":"LineString","coordinates":[[1.4691241999999995,42.5722648,1966.338413107229],[1.4691376999999999,42.5722447,1966.7528833248364]]}}
,
{"type":"Feature","properties":{"type":"run","id":"85cd6dc9c96b5f93f2333d8ea6fe9aa019b0dfe0","uses":["connection"],"name":null,"ref":null,"description":null,"difficulty":null,"convention":"europe","status":"operating","oneway":null,"lit":null,"gladed":null,"patrolled":null,"grooming":null,"color":"hsl(0, 0%, 35%)","colorName":"grey","skiAreas":[],"elevationProfile":{"heights":[2097.6555200000043,2098.0483879598883,2098.073039999999],"resolution":25},"sources":[{"type":"openstreetmap","id":"way/1355803584"}],"location":null,"websites":[]},"geometry":{"type":"LineString","coordinates":[[1.4634918999999997,42.5712068,2097.6555200000043],[1.4636142999999997,42.57124099999999,2097.5385119520233],[1.4636313999999997,42.57106039999999,2098.073039999999]]}}
,
{"type":"Feature","properties":{"type":"run","id":"0e66f35d74a3434a37aa406927f9a1cbe2153938","uses":["connection"],"name":null,"ref":null,"description":null,"difficulty":null,"convention":"europe","status":"operating","oneway":null,"lit":null,"gladed":null,"patrolled":null,"grooming":null,"color":"hsl(0, 0%, 35%)","colorName":"grey","skiAreas":[],"elevationProfile":{"heights":[2098.2704005344044,2094.9268212800325],"resolution":25},"sources":[{"type":"openstreetmap","id":"way/1355803585"}],"location":null,"websites":[]},"geometry":{"type":"LineString","coordinates":[[1.4638256999999997,42.5711898,2098.2704005344044],[1.4640225,42.5712973,2094.9268212800325]]}}
,
{"type":"Feature","properties":{"type":"run","id":"7cc68c68326c84f9042d56d601304639fc4947b6","uses":["downhill"],"name":null,"ref":null,"description":null,"difficulty":null,"convention":"europe","status":"operating","oneway":true,"lit":null,"gladed":null,"patrolled":null,"grooming":null,"color":"hsl(0, 0%, 35%)","colorName":"grey","skiAreas":[],"elevationProfile":{"heights":[2098.073039999999,2098.562690623849,2095.5898447783934,2094.4955955807895],"resolution":25},"sources":[{"type":"openstreetmap","id":"way/1355803586"}],"location":null,"websites":[]},"geometry":{"type":"LineString","coordinates":[[1.4636313999999997,42.57106039999999,2098.073039999999],[1.4643346999999998,42.5710361,2094.4955955807895]]}}
,
{"type":"Feature","properties":{"type":"run","id":"a6fe905a11d328380b854e52cd269045da2ef3f0","uses":["connection"],"name":null,"ref":null,"description":null,"difficulty":null,"convention":"europe","status":"operating","oneway":null,"lit":null,"gladed":null,"patrolled":null,"grooming":null,"color":"hsl(0, 0%, 35%)","colorName":"grey","skiAreas":[],"elevationProfile":{"heights":[2094.4955955807895,2095.454800921659],"resolution":25},"sources":[{"type":"openstreetmap","id":"way/1355803587"}],"location":null,"websites":[]},"geometry":{"type":"LineString","coordinates":[[1.4643346999999998,42.5710361,2094.4955955807895],[1.4643544,42.5709811,2095.454800921659]]}}
,
{"type":"Feature","properties":{"type":"run","id":"f79930bc80165c21017c0c2529d36cb06a6cb95a","uses":["connection"],"name":null,"ref":null,"description":null,"difficulty":null,"convention":"europe","status":"operating","oneway":null,"lit":null,"gladed":null,"patrolled":null,"grooming":null,"color":"hsl(0, 0%, 35%)","colorName":"grey","skiAreas":[],"elevationProfile":{"heights":[2185.4815999999328,2185.67234000956],"resolution":25},"sources":[{"type":"openstreetmap","id":"way/1355803588"}],"location":null,"websites":[]},"geometry":{"type":"LineString","coordinates":[[1.4589105,42.569182500000004,2185.4815999999328],[1.4591641999999996,42.5690747,2185.67234000956]]}}
,
{"type":"Feature","properties":{"type":"run","id":"75f842e61c589db275ea8e3a9b23cc4fe3306449","uses":["downhill"],"name":"Snow Park","ref":null,"description":null,"difficulty":"easy","convention":"europe","status":"operating","oneway":true,"lit":null,"gladed":null,"patrolled":null,"grooming":null,"color":"hsl(208, 100%, 33%)","colorName":"blue","skiAreas":[],"elevationProfile":{"heights":[2301.0023017856547,2298.259906631521,2293.477930261024,2288.208001949267,2284.0352727802547,2280.08948466554,2274.144531176322,2270.3861637410378,2269.819267708579,2262.6323276279236,2255.2155367817763,2252.9840734071863,2250.9008677953534,2246.7775974487213,2240.984956355914,2234.6079845362706,2230.324598196834,2227.4958632404823,2226.1563987566487,2228.802186351055,2228.9066391036076,2229.251755712055],"resolution":25},"sources":[{"type":"openstreetmap","id":"way/1355803590"}],"location":null,"websites":[]},"geometry":{"type":"LineString","coordinates":[[1.4508095999999997,42.569248300000005,2301.0023017856547],[1.4513981999999996,42.56895220000001,2291.20452012205],[1.4523609,42.568738900000014,2275.994470369924],[1.4533823,42.5688778,2262.347714195219],[1.4545362999999998,42.56905020000001,2247.3388000000996],[1.4558425,42.5694219,2226.3480400000417],[1.4560331,42.569522600000006,2226.217800000223],[1.4563595999999999,42.5699114,2229.251755712055]]}}
,
{"type":"Feature","properties":{"type":"run","id":"bb012c2d016c4038885b227d8a2dbb04d6eb50e6","uses":["connection"],"name":null,"ref":null,"description":null,"difficulty":null,"convention":"europe","status":"operating","oneway":null,"lit":null,"gladed":null,"patrolled":null,"grooming":null,"color":"hsl(0, 0%, 35%)","colorName":"grey","skiAreas":[],"elevationProfile":{"heights":[2247.3388000000996,2248.4547261503285,2250.273840076962,2251.633886458699,2256.801595928573,2257.5303999999414],"resolution":25},"sources":[{"type":"openstreetmap","id":"way/1355803591"}],"location":null,"websites":[]},"geometry":{"type":"LineString","coordinates":[[1.4545362999999998,42.56905020000001,2247.3388000000996],[1.4543134,42.5688912,2248.4524850432485],[1.4536775,42.568369000000004,2257.5303999999414]]}}
,
{"type":"Feature","properties":{"type":"run","id":"2c31f655440c33e14abb233012001304f394fc78","uses":["connection"],"name":null,"ref":null,"description":null,"difficulty":null,"convention":"europe","status":"operating","oneway":null,"lit":null,"gladed":null,"patrolled":null,"grooming":null,"color":"hsl(0, 0%, 35%)","colorName":"grey","skiAreas":[],"elevationProfile":{"heights":[2226.3480400000417,2225.2278020116673,2226.6696715514954,2230.91251589063,2236.2274787111337,2239.2417386559437],"resolution":25},"sources":[{"type":"openstreetmap","id":"way/1355803592"}],"location":null,"websites":[]},"geometry":{"type":"LineString","coordinates":[[1.4558425,42.5694219,2226.3480400000417],[1.4549497999999998,42.568571500000004,2239.2417386559437]]}}
,
{"type":"Feature","properties":{"type":"run","id":"ed458825e842d8f803b32ef66098914612e3ff2a","uses":["connection"],"name":null,"ref":null,"description":null,"difficulty":null,"convention":"europe","status":"operating","oneway":null,"lit":null,"gladed":null,"patrolled":null,"grooming":null,"color":"hsl(0, 0%, 35%)","colorName":"grey","skiAreas":[],"elevationProfile":{"heights":[2307.0293176320192,2305.196628691801,2303.6676736348763,2302.7646425639364,2301.591093437163,2301.0023017856547],"resolution":25},"sources":[{"type":"openstreetmap","id":"way/1355803593"}],"location":null,"websites":[]},"geometry":{"type":"LineString","coordinates":[[1.4510031999999997,42.5700438,2307.0293176320192],[1.4507668999999999,42.569636100000004,2303.689960000014],[1.4506285999999997,42.5692194,2301.76376065281],[1.4508095999999997,42.569248300000005,2301.0023017856547]]}}
,
{"type":"Feature","properties":{"type":"run","id":"07af6e4f8fb985d480abe811cea32e25a1e975e0","uses":["downhill"],"name":null,"ref":null,"description":null,"difficulty":"easy","convention":"europe","status":"operating","oneway":true,"lit":null,"gladed":null,"patrolled":null,"grooming":null,"color":"hsl(208, 100%, 33%)","colorName":"blue","skiAreas":[],"elevationProfile":{"heights":[2304.578858137634,2301.9972710348034,2299.732249653713,2299.011937088031],"resolution":25},"sources":[{"type":"openstreetmap","id":"way/1355803594"}],"location":null,"websites":[]},"geometry":{"type":"LineString","coordinates":[[1.4501884,42.5693016,2304.578858137634],[1.450718,42.5690073,2299.011937088031]]}}
,
{"type":"Feature","properties":{"type":"run","id":"128e3e9070730e5d724ecf6fcf766b6792a5311c","uses":["downhill"],"name":null,"ref":null,"description":null,"difficulty":"intermediate","convention":"europe","status":"operating","oneway":true,"lit":null,"gladed":null,"patrolled":null,"grooming":null,"color":"hsl(359, 94%, 53%)","colorName":"red","skiAreas":[],"elevationProfile":{"heights":[2279.4327202687864,2274.690781242984,2269.4068847430276,2269.3771599999773],"resolution":25},"sources":[{"type":"openstreetmap","id":"way/1355803595"}],"location":null,"websites":[]},"geometry":{"type":"LineString","coordinates":[[1.4521161999999999,42.5679778,2279.4327202687864],[1.4525611999999997,42.5682879,2269.3771599999773]]}}
,
{"type":"Feature","properties":{"type":"run","id":"681b10b86ca944f1e0a4ab9e53cf5498f554d1d2","uses":["downhill"],"name":"Route to Snow Park","ref":null,"description":null,"difficulty":"easy","convention":"europe","status":"operating","oneway":false,"lit":null,"gladed":null,"patrolled":null,"grooming":null,"color":"hsl(208, 100%, 33%)","colorName":"blue","skiAreas":[],"elevationProfile":{"heights":[2229.251755712055,2230.4061868540175,2229.649160000011],"resolution":25},"sources":[{"type":"openstreetmap","id":"way/1355803596"},{"type":"openstreetmap","id":"way/1358883554"}],"location":null,"websites":[]},"geometry":{"type":"LineString","coordinates":[[1.4563595999999999,42.5699114,2229.251755712055],[1.4563499,42.5702461,2229.649160000011]]}}
,
{"type":"Feature","properties":{"type":"run","id":"cfb925e5aa20e19fb0e4060e4891fa22818515a1","uses":["downhill"],"name":null,"ref":null,"description":null,"difficulty":"easy","convention":"europe","status":"operating","oneway":true,"lit":null,"gladed":null,"patrolled":null,"grooming":null,"color":"hsl(208, 100%, 33%)","colorName":"blue","skiAreas":[],"elevationProfile":{"heights":[2229.649160000011,2227.8980669586263,2227.3698513599866],"resolution":25},"sources":[{"type":"openstreetmap","id":"way/1355803596"}],"location":null,"websites":[]},"geometry":{"type":"LineString","coordinates":[[1.4563499,42.5702461,2229.649160000011],[1.4563725,42.5705364,2227.3698513599866]]}}
,
{"type":"Feature","properties":{"type":"run","id":"f9fe3b6317e2e44f6a39309ce632f75ca0fbcf25","uses":["downhill"],"name":"Niu","ref":null,"description":null,"difficulty":"easy","convention":"europe","status":"operating","oneway":true,"lit":null,"gladed":null,"patrolled":null,"grooming":null,"color":"hsl(208, 100%, 33%)","colorName":"blue","skiAreas":[{"type":"Feature","properties":{"type":"skiArea","name":"Pal-Arinsal","sources":[{"type":"openstreetmap","id":"relation/4638280"}],"activities":[],"generated":false,"status":"operating","websites":[],"runConvention":"north_america","location":null,"id":"5ecb06388006e4740e7ce8234e26d036ce85edb7"},"geometry":{"type":"Point","coordinates":[360,360,4638280]}}],"elevationProfile":{"heights":[2191.1787231487706,2183.130570506606,2172.1338543071706,2161.4251284863008,2155.572348453232,2150.298789939991,2143.7720978842817,2136.871223468437,2128.6779754388504,2122.0918709780517,2115.4149765187817,2110.237762387026,2106.9764433332048,2106.0531077249743,2106.031072832776,2104.0974149872727,2099.391593675063,2096.9717519214664,2097.118544220563,2097.5385119520233],"resolution":25},"sources":[{"type":"openstreetmap","id":"way/1355803597"},{"type":"openstreetmap","id":"way/1355803598"}],"location":null,"websites":[]},"geometry":{"type":"LineString","coordinates":[[1.4583102,42.5709416,2191.1787231487706],[1.4614832999999998,42.5713546,2112.2157252128127],[1.4629585,42.571326,2102.2350083200113],[1.4636414999999998,42.571417499999995,2096.5429272000724],[1.4637046999999996,42.571375700000004,2097.063476961579],[1.4636142999999997,42.57124099999999,2097.5385119520233]]}}
,
{"type":"Feature","properties":{"type":"run","id":"a9d32ba396cf60831dbbe2f07b5dbf629736c6a3","uses":["connection"],"name":null,"ref":null,"description":null,"difficulty":null,"convention":"europe","status":"operating","oneway":null,"lit":null,"gladed":null,"patrolled":null,"grooming":null,"color":"hsl(0, 0%, 35%)","colorName":"grey","skiAreas":[],"elevationProfile":{"heights":[2027.6874303872355,2024.5721917184464],"resolution":25},"sources":[{"type":"openstreetmap","id":"way/1355803600"}],"location":null,"websites":[]},"geometry":{"type":"LineString","coordinates":[[1.4657691999999996,42.5728154,2027.6874303872355],[1.4658545999999997,42.57275550000001,2025.239400224053],[1.4658590999999999,42.57267280000001,2024.5721917184464]]}}
,
{"type":"Feature","properties":{"type":"run","id":"8c34cde8527c9032219c923169c1bbd1a6ebcde9","uses":["downhill"],"name":null,"ref":null,"description":null,"difficulty":"easy","convention":"europe","status":"operating","oneway":true,"lit":null,"gladed":null,"patrolled":null,"grooming":null,"color":"hsl(208, 100%, 33%)","colorName":"blue","skiAreas":[],"elevationProfile":{"heights":[2072.3811599999963,2062.5133879846585,2051.3731946825246,2042.9750397558503,2037.7809180579686,2033.902048327646,2028.8962053896742,2027.6874303872355],"resolution":25},"sources":[{"type":"openstreetmap","id":"way/1355803601"}],"location":null,"websites":[]},"geometry":{"type":"LineString","coordinates":[[1.4640177,42.572274,2072.3811599999963],[1.4657691999999996,42.5728154,2027.6874303872355]]}}
,
{"type":"Feature","properties":{"type":"run","id":"77a1397bab2c559b1519291b828c31dfebdfcc5f","uses":["connection"],"name":null,"ref":null,"description":null,"difficulty":null,"convention":"europe","status":"operating","oneway":null,"lit":null,"gladed":null,"patrolled":null,"grooming":null,"color":"hsl(0, 0%, 35%)","colorName":"grey","skiAreas":[],"elevationProfile":{"heights":[2486.6322313520764,2492.0500068166853,2494.146063570522,2495.4510032080643,2496.7880596266555,2492.9512794048737],"resolution":25},"sources":[{"type":"openstreetmap","id":"way/1355803602"}],"location":null,"websites":[]},"geometry":{"type":"LineString","coordinates":[[1.4457242999999995,42.566210700000006,2486.6322313520764],[1.4456114999999998,42.56619310000001,2488.6681338801227],[1.4455355999999997,42.5662285,2491.027359168031],[1.4452703999999998,42.5660945,2493.5066517119426],[1.4449257999999998,42.566035600000006,2495.2042660994603],[1.4446388,42.5660667,2496.6850896768146],[1.4444994999999998,42.5660871,2497.0223048158628],[1.4444791,42.5660066,2492.9512794048737]]}}
,
{"type":"Feature","properties":{"type":"run","id":"da4c0af16e3e506dafa759b34dd0668572ebc756","uses":["connection"],"name":null,"ref":null,"description":null,"difficulty":null,"convention":"europe","status":"operating","oneway":null,"lit":null,"gladed":null,"patrolled":null,"grooming":null,"color":"hsl(0, 0%, 35%)","colorName":"grey","skiAreas":[],"elevationProfile":{"heights":[2066.005541440008,2067.3143991381694,2067.602802569803,2067.015016555522,2066.624331428768],"resolution":25},"sources":[{"type":"openstreetmap","id":"way/1355803603"}],"location":null,"websites":[]},"geometry":{"type":"LineString","coordinates":[[1.4522639999999998,42.545311500000004,2066.005541440008],[1.4524096999999998,42.5447205,2067.043166487984],[1.4524549,42.544464899999994,2066.624331428768]]}}
,
{"type":"Feature","properties":{"type":"run","id":"ef45988aab57ce45b0eac46b1945b0595a4b3c08","uses":["connection"],"name":null,"ref":null,"description":null,"difficulty":null,"convention":"europe","status":"operating","oneway":null,"lit":null,"gladed":null,"patrolled":null,"grooming":null,"color":"hsl(0, 0%, 35%)","colorName":"grey","skiAreas":[],"elevationProfile":{"heights":[2295.5999848080023,2295.086831978548,2295.690720000007],"resolution":25},"sources":[{"type":"openstreetmap","id":"way/1355803604"}],"location":null,"websites":[]},"geometry":{"type":"LineString","coordinates":[[1.4542355,42.5310549,2295.5999848080023],[1.4543309999999998,42.5308657,2295.0475867679997],[1.4541658,42.5310252,2295.690720000007]]}}
,
{"type":"Feature","properties":{"type":"run","id":"a77ebb40631065899b1da6e501eee75584d0f403","uses":["connection"],"name":null,"ref":null,"description":null,"difficulty":null,"convention":"europe","status":"operating","oneway":null,"lit":null,"gladed":null,"patrolled":null,"grooming":null,"color":"hsl(0, 0%, 35%)","colorName":"grey","skiAreas":[],"elevationProfile":{"heights":[2339.8739159856023,2342.33241598688,2341.816281428526,2339.2381706368255],"resolution":25},"sources":[{"type":"openstreetmap","id":"way/1355803605"}],"location":null,"websites":[]},"geometry":{"type":"LineString","coordinates":[[1.4563912999999997,42.5266947,2339.8739159856023],[1.4562259999999998,42.5266013,2342.46515999997],[1.4566099,42.5262899,2340.2567200000076],[1.4567085999999998,42.52633720000001,2339.2381706368255]]}}
,
{"type":"Feature","properties":{"type":"run","id":"08ebe8a12c7700dcc8a271d04aa2ca02a16ebb09","uses":["connection"],"name":null,"ref":null,"description":null,"difficulty":null,"convention":"europe","status":"operating","oneway":null,"lit":null,"gladed":null,"patrolled":null,"grooming":null,"color":"hsl(0, 0%, 35%)","colorName":"grey","skiAreas":[],"elevationProfile":{"heights":[2076.6762588577526,2079.6122752703327,2077.9491727178747,2075.724822775975,2074.442358400025],"resolution":25},"sources":[{"type":"openstreetmap","id":"way/1355803606"},{"type":"openstreetmap","id":"way/1355803607"}],"location":null,"websites":[]},"geometry":{"type":"LineString","coordinates":[[1.4741801,42.530150600000006,2076.6762588577526],[1.4742692999999998,42.5302091,2077.4390097648143],[1.4741715999999998,42.53032820000001,2079.6078875903536],[1.4747465,42.530505700000006,2075.6233141360362],[1.4748115999999998,42.53045,2074.442358400025]]}}
,
{"type":"Feature","properties":{"type":"run","id":"e24b1a505f697bc27a8e9ef0fe468308687c7d36","uses":["connection"],"name":null,"ref":null,"description":null,"difficulty":null,"convention":"europe","status":"operating","oneway":null,"lit":null,"gladed":null,"patrolled":null,"grooming":null,"color":"hsl(0, 0%, 35%)","colorName":"grey","skiAreas":[],"elevationProfile":{"heights":[2078.0448234623905,2079.3213703351303,2078.354917326399,2078.348464730205,2078.3143999999543],"resolution":25},"sources":[{"type":"openstreetmap","id":"way/1355810000"},{"type":"openstreetmap","id":"way/1355803608"},{"type":"openstreetmap","id":"way/1355803609"}],"location":null,"websites":[]},"geometry":{"type":"LineString","coordinates":[[1.4743925999999998,42.53052220000001,2078.0448234623905],[1.4741715999999998,42.53032820000001,2079.6078875903536],[1.4741051,42.5306099,2077.352356700772],[1.4738144999999998,42.5305625,2078.3143999999543]]}}
,
{"type":"Feature","properties":{"type":"run","id":"5a4e546420a207fb5739229a4da670c53d01fdc7","uses":["downhill"],"name":null,"ref":null,"description":null,"difficulty":"easy","convention":"europe","status":"operating","oneway":true,"lit":null,"gladed":null,"patrolled":null,"grooming":null,"color":"hsl(208, 100%, 33%)","colorName":"blue","skiAreas":[],"elevationProfile":{"heights":[1892.7685472414582,1890.4688050999614,1889.5832977103314,1889.645499519972],"resolution":25},"sources":[{"type":"openstreetmap","id":"way/1355803610"}],"location":null,"websites":[]},"geometry":{"type":"LineString","coordinates":[[1.4695938999999998,42.533790700000004,1892.7685472414582],[1.4688949999999998,42.5339072,1889.645499519972]]}}
,
{"type":"Feature","properties":{"type":"run","id":"2458c94156f7f5a79b15a1f3e42d701feea79915","uses":["connection"],"name":null,"ref":null,"description":null,"difficulty":null,"convention":"europe","status":"operating","oneway":null,"lit":null,"gladed":null,"patrolled":null,"grooming":null,"color":"hsl(0, 0%, 35%)","colorName":"grey","skiAreas":[],"elevationProfile":{"heights":[2001.568011705554,1999.7490926354665,2000.5761123147568,1998.9869913409436],"resolution":25},"sources":[{"type":"openstreetmap","id":"way/1355803611"},{"type":"openstreetmap","id":"way/1355803612"}],"location":null,"websites":[]},"geometry":{"type":"LineString","coordinates":[[1.4680286999999999,42.5313772,2001.568011705554],[1.4682477,42.531420499999996,1999.2053622641442],[1.4685194,42.531332600000006,2001.6211199998252],[1.4687066999999998,42.531427799999996,1998.9869913409436]]}}
,
{"type":"Feature","properties":{"type":"run","id":"5929a67525018eb9fdd20fcba9befa2be1ce7071","uses":["connection"],"name":null,"ref":null,"description":null,"difficulty":"easy","convention":"europe","status":"operating","oneway":null,"lit":null,"gladed":null,"patrolled":null,"grooming":null,"color":"hsl(208, 100%, 33%)","colorName":"blue","skiAreas":[],"elevationProfile":{"heights":[1893.2452799999487,1893.0223900898352,1892.7685472414582],"resolution":25},"sources":[{"type":"openstreetmap","id":"way/1355803614"},{"type":"openstreetmap","id":"way/1355803615"}],"location":null,"websites":[]},"geometry":{"type":"LineString","coordinates":[[1.4700297999999998,42.5338531,1893.2452799999487],[1.4698746999999996,42.533850300000005,1892.6602799998668],[1.4695938999999998,42.533790700000004,1892.7685472414582]]}}
,
{"type":"Feature","properties":{"type":"run","id":"c6f42e9b6de27033f7d4efb2e1677a5a37a86542","uses":["connection"],"name":null,"ref":null,"description":null,"difficulty":null,"convention":"europe","status":"operating","oneway":null,"lit":null,"gladed":null,"patrolled":null,"grooming":null,"color":"hsl(0, 0%, 35%)","colorName":"grey","skiAreas":[],"elevationProfile":{"heights":[2332.4718538398693,2333.1074515069363],"resolution":25},"sources":[{"type":"openstreetmap","id":"way/1355803616"}],"location":null,"websites":[]},"geometry":{"type":"LineString","coordinates":[[1.4554604999999998,42.527373000000004,2332.4718538398693],[1.4552607999999998,42.52733990000001,2333.1074515069363]]}}
,
{"type":"Feature","properties":{"type":"run","id":"8c8ccd0d360804c4ef03bc66611bd03dc857b47f","uses":["connection"],"name":null,"ref":null,"description":null,"difficulty":null,"convention":"europe","status":"operating","oneway":null,"lit":null,"gladed":null,"patrolled":null,"grooming":null,"color":"hsl(0, 0%, 35%)","colorName":"grey","skiAreas":[],"elevationProfile":{"heights":[2259.312307967859,2256.508597644769,2255.705565465596],"resolution":25},"sources":[{"type":"openstreetmap","id":"way/1355803617"}],"location":null,"websites":[]},"geometry":{"type":"LineString","coordinates":[[1.452488,42.538974100000004,2259.312307967859],[1.4527891999999998,42.5388236,2255.705565465596]]}}
,
{"type":"Feature","properties":{"type":"run","id":"fa551112aa253564d416e6082b2b5d12ae3d08a6","uses":["connection"],"name":null,"ref":null,"description":null,"difficulty":null,"convention":"europe","status":"operating","oneway":null,"lit":null,"gladed":null,"patrolled":null,"grooming":null,"color":"hsl(0, 0%, 35%)","colorName":"grey","skiAreas":[],"elevationProfile":{"heights":[1899.1566400000168,1901.1748057249988,1901.0532455633765,1902.953328951566,1902.9751677865636,1903.1847322587057,1903.2518521585318,1904.1921495666156,1906.8567687639825,1906.660159999974],"resolution":25},"sources":[{"type":"openstreetmap","id":"way/1355807992"},{"type":"openstreetmap","id":"way/1355807993"},{"type":"openstreetmap","id":"way/1355807994"}],"location":null,"websites":[]},"geometry":{"type":"LineString","coordinates":[[1.4898795999999996,42.5364868,1899.1566400000168],[1.4902476,42.5364238,1901.6126922495887],[1.4903673,42.5366307,1900.9035199999748],[1.4906312999999998,42.5364955,1902.9597199999944],[1.4909123,42.5363516,1903.0960782527916],[1.4911071999999999,42.53614220000001,1903.0125041664],[1.4911888,42.5358134,1904.2870399999701],[1.491218,42.5356486,1906.660159999974],[1.4911646999999997,42.53564,1906.7839999999887],[1.4912025,42.5356267,1906.9755199999763],[1.491218,42.5356486,1906.660159999974]]}}
,
{"type":"Feature","properties":{"type":"run","id":"43a6d74c35cfcbd2f1ffbd82a9b4da0b66d2fd18","uses":["connection"],"name":null,"ref":null,"description":null,"difficulty":null,"convention":"europe","status":"operating","oneway":null,"lit":null,"gladed":null,"patrolled":null,"grooming":null,"color":"hsl(0, 0%, 35%)","colorName":"grey","skiAreas":[],"elevationProfile":{"heights":[1902.814143705608,1900.5995388520064,1901.0025175191547,1901.5361455526115,1902.9597199999944],"resolution":25},"sources":[{"type":"openstreetmap","id":"way/1355807995"}],"location":null,"websites":[]},"geometry":{"type":"LineString","coordinates":[[1.4911408,42.5372017,1902.814143705608],[1.4909194,42.5370427,1900.5757999999967],[1.4909085999999998,42.536917700000004,1900.8830719711887],[1.4908819,42.536739600000004,1901.1330259903873],[1.4906312999999998,42.5364955,1902.9597199999944]]}}
,
{"type":"Feature","properties":{"type":"run","id":"b25c4f3d0efc82bdc35a7a753c0a7c82f3034494","uses":["connection"],"name":null,"ref":null,"description":null,"difficulty":null,"convention":"europe","status":"operating","oneway":null,"lit":null,"gladed":null,"patrolled":null,"grooming":null,"color":"hsl(0, 0%, 35%)","colorName":"grey","skiAreas":[],"elevationProfile":{"heights":[1237.5654549216079,1236.7853965439656],"resolution":25},"sources":[{"type":"openstreetmap","id":"way/1355807996"}],"location":null,"websites":[]},"geometry":{"type":"LineString","coordinates":[[1.5138581999999998,42.5472953,1237.5654549216079],[1.5139661999999996,42.547273999999994,1236.7853965439656]]}}
,
{"type":"Feature","properties":{"type":"run","id":"7d0dca2def654fe6f117d76e02e347078b5ba7fc","uses":["connection"],"name":null,"ref":null,"description":null,"difficulty":null,"convention":"europe","status":"operating","oneway":null,"lit":null,"gladed":null,"patrolled":null,"grooming":null,"color":"hsl(0, 0%, 35%)","colorName":"grey","skiAreas":[],"elevationProfile":{"heights":[1788.5701756400817,1789.7981963541054,1790.0321588581207,1790.1358271999964],"resolution":25},"sources":[{"type":"openstreetmap","id":"way/1355809999"},{"type":"openstreetmap","id":"way/1355809997"}],"location":null,"websites":[]},"geometry":{"type":"LineString","coordinates":[[1.4837974999999999,42.5374631,1788.5701756400817],[1.4842088,42.5376579,1789.827260979216],[1.4842629999999999,42.5376659,1789.9704828319914],[1.4843909,42.537697099999995,1790.1226652144835],[1.4844565,42.53772,1790.1358271999964]]}}
,
{"type":"Feature","properties":{"type":"run","id":"7dad23b72c1823710f16b3a8bc2265390c59cb7b","uses":["connection"],"name":null,"ref":null,"description":null,"difficulty":null,"convention":"europe","status":"operating","oneway":null,"lit":null,"gladed":null,"patrolled":null,"grooming":null,"color":"hsl(0, 0%, 35%)","colorName":"grey","skiAreas":[],"elevationProfile":{"heights":[1793.7256506480849,1790.1226652144835],"resolution":25},"sources":[{"type":"openstreetmap","id":"way/1355809998"}],"location":null,"websites":[]},"geometry":{"type":"LineString","coordinates":[[1.4845831,42.537589499999996,1793.7256506480849],[1.4843909,42.537697099999995,1790.1226652144835]]}}
,
{"type":"Feature","properties":{"type":"run","id":"ec2e45a59657c6faabaff1807a971132f1a4741d","uses":["connection"],"name":null,"ref":null,"description":null,"difficulty":null,"convention":"europe","status":"operating","oneway":null,"lit":null,"gladed":null,"patrolled":null,"grooming":null,"color":"hsl(0, 0%, 35%)","colorName":"grey","skiAreas":[],"elevationProfile":{"heights":[2312.6273738351224,2312.8036201823584],"resolution":25},"sources":[{"type":"openstreetmap","id":"way/1355810001"}],"location":null,"websites":[]},"geometry":{"type":"LineString","coordinates":[[1.4521031,42.533962300000006,2312.6273738351224],[1.4522319,42.5339742,2312.8036201823584]]}}
,
{"type":"Feature","properties":{"type":"run","id":"1a97682e627c8fdcf771cad32c88b3b65aad2164","uses":["downhill"],"name":"Route to Snow Park","ref":null,"description":null,"difficulty":null,"convention":"europe","status":"operating","oneway":true,"lit":null,"gladed":null,"patrolled":null,"grooming":null,"color":"hsl(0, 0%, 35%)","colorName":"grey","skiAreas":[],"elevationProfile":{"heights":[2237.495758841604,2231.7796072137457,2229.649160000011],"resolution":25},"sources":[{"type":"openstreetmap","id":"way/1358883554"}],"location":null,"websites":[]},"geometry":{"type":"LineString","coordinates":[[1.4558083999999998,42.5704231,2237.495758841604],[1.4561124,42.5703692,2231.655432883192],[1.4563499,42.5702461,2229.649160000011]]}}
]}
